{
    "asset": {
        "format": "JPG",
        "id": "0045e46bea9c909bdca9d8edbd373833",
        "name": "1X1A0353.JPG",
        "path": "file:D:/MLDrones/matlab/yoloSimulinkDataWTFinal/swindturbinesSameSizes/1X1A0353.JPG",
        "size": {
            "width": 224,
            "height": 224
        },
        "state": 2,
        "type": 1
    },
    "regions": [
        {
            "id": "eZMgymF1g",
            "type": "RECTANGLE",
            "tags": [
                "WindTurbine"
            ],
            "boundingBox": {
                "height": 61.77158774373259,
                "width": 44.92479108635098,
                "left": 86.10584958217271,
                "top": 73.6267409470752
            },
            "points": [
                {
                    "x": 86.10584958217271,
                    "y": 73.6267409470752
                },
                {
                    "x": 131.0306406685237,
                    "y": 73.6267409470752
                },
                {
                    "x": 131.0306406685237,
                    "y": 135.39832869080777
                },
                {
                    "x": 86.10584958217271,
                    "y": 135.39832869080777
                }
            ]
        }
    ],
    "version": "2.1.0"
}