{
    "asset": {
        "format": "JPG",
        "id": "005254c8961324c08473910d6c24a467",
        "name": "1X1A0318.JPG",
        "path": "file:D:/MLDrones/matlab/yoloSimulinkDataWTFinal/swindturbinesSameSizes/1X1A0318.JPG",
        "size": {
            "width": 224,
            "height": 224
        },
        "state": 2,
        "type": 1
    },
    "regions": [
        {
            "id": "CHJ5KSxRS",
            "type": "RECTANGLE",
            "tags": [
                "WindTurbine"
            ],
            "boundingBox": {
                "height": 32.75766016713092,
                "width": 25.270194986072426,
                "left": 92.6573816155989,
                "top": 124.16713091922006
            },
            "points": [
                {
                    "x": 92.6573816155989,
                    "y": 124.16713091922006
                },
                {
                    "x": 117.92757660167132,
                    "y": 124.16713091922006
                },
                {
                    "x": 117.92757660167132,
                    "y": 156.92479108635098
                },
                {
                    "x": 92.6573816155989,
                    "y": 156.92479108635098
                }
            ]
        }
    ],
    "version": "2.1.0"
}