{
    "asset": {
        "format": "JPG",
        "id": "006ee043d316af5a69499f5bbe418203",
        "name": "1X1A0115.JPG",
        "path": "file:D:/MLDrones/matlab/yoloSimulinkDataWTFinal/swindturbinesSameSizes/1X1A0115.JPG",
        "size": {
            "width": 224,
            "height": 224
        },
        "state": 2,
        "type": 1
    },
    "regions": [
        {
            "id": "oDf_I-HOQ",
            "type": "RECTANGLE",
            "tags": [
                "WindTurbine"
            ],
            "boundingBox": {
                "height": 171.83732447717185,
                "width": 150.81001643018803,
                "left": 27.32925933582869,
                "top": 27.828413684388057
            },
            "points": [
                {
                    "x": 27.32925933582869,
                    "y": 27.828413684388057
                },
                {
                    "x": 178.1392757660167,
                    "y": 27.828413684388057
                },
                {
                    "x": 178.1392757660167,
                    "y": 199.6657381615599
                },
                {
                    "x": 27.32925933582869,
                    "y": 199.6657381615599
                }
            ]
        }
    ],
    "version": "2.1.0"
}