{
    "asset": {
        "format": "JPG",
        "id": "00e4bd4804fe45afe6f03c90945ecac1",
        "name": "1X1A9769.JPG",
        "path": "file:D:/MLDrones/matlab/yoloSimulinkDataWTFinal/swindturbinesSameSizes/1X1A9769.JPG",
        "size": {
            "width": 224,
            "height": 224
        },
        "state": 2,
        "type": 1
    },
    "regions": [
        {
            "id": "UwbMLj6KK",
            "type": "RECTANGLE",
            "tags": [
                "WindTurbine"
            ],
            "boundingBox": {
                "height": 162.8523676880223,
                "width": 126.974930362117,
                "left": 58.96378830083566,
                "top": 41.18105849582173
            },
            "points": [
                {
                    "x": 58.96378830083566,
                    "y": 41.18105849582173
                },
                {
                    "x": 185.93871866295265,
                    "y": 41.18105849582173
                },
                {
                    "x": 185.93871866295265,
                    "y": 204.03342618384403
                },
                {
                    "x": 58.96378830083566,
                    "y": 204.03342618384403
                }
            ]
        }
    ],
    "version": "2.1.0"
}