{
    "asset": {
        "format": "JPG",
        "id": "010fa270d835ab7fe586ec8c59c141ff",
        "name": "1X1A0082.JPG",
        "path": "file:D:/MLDrones/matlab/yoloSimulinkDataWTFinal/swindturbinesSameSizes/1X1A0082.JPG",
        "size": {
            "width": 224,
            "height": 224
        },
        "state": 2,
        "type": 1
    },
    "regions": [
        {
            "id": "7gNx-rYdM",
            "type": "RECTANGLE",
            "tags": [
                "WindTurbine"
            ],
            "boundingBox": {
                "height": 169.71587267692374,
                "width": 155.9888769803273,
                "left": 32.38328309975627,
                "top": 0.24958312478238162
            },
            "points": [
                {
                    "x": 32.38328309975627,
                    "y": 0.24958312478238162
                },
                {
                    "x": 188.37216008008357,
                    "y": 0.24958312478238162
                },
                {
                    "x": 188.37216008008357,
                    "y": 169.96545580170613
                },
                {
                    "x": 32.38328309975627,
                    "y": 169.96545580170613
                }
            ]
        }
    ],
    "version": "2.1.0"
}