{
    "asset": {
        "format": "JPG",
        "id": "0285789de09da34f2447bbca8ddc3f2b",
        "name": "1X1A9963.JPG",
        "path": "file:D:/MLDrones/matlab/yoloSimulinkDataWTFinal/swindturbinesSameSizes/1X1A9963.JPG",
        "size": {
            "width": 224,
            "height": 224
        },
        "state": 2,
        "type": 1
    },
    "regions": [
        {
            "id": "ztztCseqt",
            "type": "RECTANGLE",
            "tags": [
                "WindTurbine"
            ],
            "boundingBox": {
                "height": 149.25013737160515,
                "width": 178.700850887883,
                "left": 24.147082825557103,
                "top": 14.850141179926881
            },
            "points": [
                {
                    "x": 24.147082825557103,
                    "y": 14.850141179926881
                },
                {
                    "x": 202.8479337134401,
                    "y": 14.850141179926881
                },
                {
                    "x": 202.8479337134401,
                    "y": 164.10027855153203
                },
                {
                    "x": 24.147082825557103,
                    "y": 164.10027855153203
                }
            ]
        }
    ],
    "version": "2.1.0"
}