{
    "asset": {
        "format": "JPG",
        "id": "030be1b16f340ac32645d37bd5a36a5d",
        "name": "1X1A0251.JPG",
        "path": "file:D:/MLDrones/matlab/yoloSimulinkDataWTFinal/swindturbinesSameSizes/1X1A0251.JPG",
        "size": {
            "width": 224,
            "height": 224
        },
        "state": 2,
        "type": 1
    },
    "regions": [
        {
            "id": "HaCZinzf2",
            "type": "RECTANGLE",
            "tags": [
                "WindTurbine"
            ],
            "boundingBox": {
                "height": 185.87632169165653,
                "width": 161.2924791086351,
                "left": 14.662952646239555,
                "top": 0.3743746871735724
            },
            "points": [
                {
                    "x": 14.662952646239555,
                    "y": 0.3743746871735724
                },
                {
                    "x": 175.95543175487467,
                    "y": 0.3743746871735724
                },
                {
                    "x": 175.95543175487467,
                    "y": 186.2506963788301
                },
                {
                    "x": 14.662952646239555,
                    "y": 186.2506963788301
                }
            ]
        }
    ],
    "version": "2.1.0"
}