{
    "asset": {
        "format": "JPG",
        "id": "03578061693232f6b32e9616abf2c6d3",
        "name": "1X1A9897.JPG",
        "path": "file:D:/MLDrones/matlab/yoloSimulinkDataWTFinal/swindturbinesSameSizes/1X1A9897.JPG",
        "size": {
            "width": 224,
            "height": 224
        },
        "state": 2,
        "type": 1
    },
    "regions": [
        {
            "id": "F2BFFVxWT",
            "type": "RECTANGLE",
            "tags": [
                "WindTurbine"
            ],
            "boundingBox": {
                "height": 98.21059067069986,
                "width": 66.6384515363858,
                "left": 67.94874270978413,
                "top": 61.64679856154248
            },
            "points": [
                {
                    "x": 67.94874270978413,
                    "y": 61.64679856154248
                },
                {
                    "x": 134.58719424616993,
                    "y": 61.64679856154248
                },
                {
                    "x": 134.58719424616993,
                    "y": 159.85738923224235
                },
                {
                    "x": 67.94874270978413,
                    "y": 159.85738923224235
                }
            ]
        }
    ],
    "version": "2.1.0"
}