{
    "asset": {
        "format": "JPG",
        "id": "03898aa51dabe932e54faefbedc83071",
        "name": "1X1A9985.JPG",
        "path": "file:D:/MLDrones/matlab/yoloSimulinkDataWTFinal/swindturbinesSameSizes/1X1A9985.JPG",
        "size": {
            "width": 224,
            "height": 224
        },
        "state": 2,
        "type": 1
    },
    "regions": [
        {
            "id": "yBoZPxm-w",
            "type": "RECTANGLE",
            "tags": [
                "WindTurbine"
            ],
            "boundingBox": {
                "height": 117.30362116991644,
                "width": 99.83286908077994,
                "left": 81.42618384401115,
                "top": 106.69637883008357
            },
            "points": [
                {
                    "x": 81.42618384401115,
                    "y": 106.69637883008357
                },
                {
                    "x": 181.2590529247911,
                    "y": 106.69637883008357
                },
                {
                    "x": 181.2590529247911,
                    "y": 224
                },
                {
                    "x": 81.42618384401115,
                    "y": 224
                }
            ]
        }
    ],
    "version": "2.1.0"
}