{
    "asset": {
        "format": "JPG",
        "id": "04f5fd4ae18c0ea39c811f116f335286",
        "name": "1X1A0209.JPG",
        "path": "file:D:/MLDrones/matlab/yoloSimulinkDataWTFinal/swindturbinesSameSizes/1X1A0209.JPG",
        "size": {
            "width": 224,
            "height": 224
        },
        "state": 2,
        "type": 1
    },
    "regions": [
        {
            "id": "vWuyrzRO2",
            "type": "RECTANGLE",
            "tags": [
                "WindTurbine"
            ],
            "boundingBox": {
                "height": 170.02785515320335,
                "width": 151.62116991643455,
                "left": 7.4874651810584965,
                "top": 53.97214484679666
            },
            "points": [
                {
                    "x": 7.4874651810584965,
                    "y": 53.97214484679666
                },
                {
                    "x": 159.10863509749305,
                    "y": 53.97214484679666
                },
                {
                    "x": 159.10863509749305,
                    "y": 224
                },
                {
                    "x": 7.4874651810584965,
                    "y": 224
                }
            ]
        }
    ],
    "version": "2.1.0"
}