{
    "asset": {
        "format": "JPG",
        "id": "05cf7407fd608893f4b6fdcda5084025",
        "name": "1X1A9929.JPG",
        "path": "file:D:/MLDrones/matlab/yoloSimulinkDataWTFinal/swindturbinesSameSizes/1X1A9929.JPG",
        "size": {
            "width": 224,
            "height": 224
        },
        "state": 2,
        "type": 1
    },
    "regions": [
        {
            "id": "LTj_ispgH",
            "type": "RECTANGLE",
            "tags": [
                "WindTurbine"
            ],
            "boundingBox": {
                "height": 101.33036782947424,
                "width": 89.84958217270196,
                "left": 66.32647382050835,
                "top": 47.91977906293524
            },
            "points": [
                {
                    "x": 66.32647382050835,
                    "y": 47.91977906293524
                },
                {
                    "x": 156.1760559932103,
                    "y": 47.91977906293524
                },
                {
                    "x": 156.1760559932103,
                    "y": 149.25014689240948
                },
                {
                    "x": 66.32647382050835,
                    "y": 149.25014689240948
                }
            ]
        }
    ],
    "version": "2.1.0"
}