{
    "asset": {
        "format": "JPG",
        "id": "061b90a2cadc9ac4ae6e8bc9f995a4de",
        "name": "1X1A0374.JPG",
        "path": "file:D:/MLDrones/matlab/yoloSimulinkDataWTFinal/swindturbinesSameSizes/1X1A0374.JPG",
        "size": {
            "width": 224,
            "height": 224
        },
        "state": 2,
        "type": 1
    },
    "regions": [
        {
            "id": "cDaZT60lT",
            "type": "RECTANGLE",
            "tags": [
                "WindTurbine"
            ],
            "boundingBox": {
                "height": 68.01114206128133,
                "width": 58.33983286908078,
                "left": 75.81058495821728,
                "top": 57.40389972144847
            },
            "points": [
                {
                    "x": 75.81058495821728,
                    "y": 57.40389972144847
                },
                {
                    "x": 134.15041782729807,
                    "y": 57.40389972144847
                },
                {
                    "x": 134.15041782729807,
                    "y": 125.41504178272983
                },
                {
                    "x": 75.81058495821728,
                    "y": 125.41504178272983
                }
            ]
        }
    ],
    "version": "2.1.0"
}