{
    "asset": {
        "format": "JPG",
        "id": "06613d8e8b7eebb1e82934c975ed4b33",
        "name": "1X1A9983.JPG",
        "path": "file:D:/MLDrones/matlab/yoloSimulinkDataWTFinal/swindturbinesSameSizes/1X1A9983.JPG",
        "size": {
            "width": 224,
            "height": 224
        },
        "state": 2,
        "type": 1
    },
    "regions": [
        {
            "id": "FfZBLDXy9m",
            "type": "RECTANGLE",
            "tags": [
                "WindTurbine"
            ],
            "boundingBox": {
                "height": 119.79944289693594,
                "width": 89.22562674094708,
                "left": 78.61838440111421,
                "top": 70.1949860724234
            },
            "points": [
                {
                    "x": 78.61838440111421,
                    "y": 70.1949860724234
                },
                {
                    "x": 167.84401114206128,
                    "y": 70.1949860724234
                },
                {
                    "x": 167.84401114206128,
                    "y": 189.99442896935935
                },
                {
                    "x": 78.61838440111421,
                    "y": 189.99442896935935
                }
            ]
        }
    ],
    "version": "2.1.0"
}