{
    "asset": {
        "format": "JPG",
        "id": "0676f0c0725366db93b31f8e7bf1ba0c",
        "name": "1X1A0105.JPG",
        "path": "file:D:/MLDrones/matlab/yoloSimulinkDataWTFinal/swindturbinesSameSizes/1X1A0105.JPG",
        "size": {
            "width": 224,
            "height": 224
        },
        "state": 2,
        "type": 1
    },
    "regions": [
        {
            "id": "Q_XWfoFEh",
            "type": "RECTANGLE",
            "tags": [
                "WindTurbine"
            ],
            "boundingBox": {
                "height": 172.08690284155205,
                "width": 147.00388448816156,
                "left": 32.00892507399025,
                "top": 38.12367830834349
            },
            "points": [
                {
                    "x": 32.00892507399025,
                    "y": 38.12367830834349
                },
                {
                    "x": 179.0128095621518,
                    "y": 38.12367830834349
                },
                {
                    "x": 179.0128095621518,
                    "y": 210.21058114989555
                },
                {
                    "x": 32.00892507399025,
                    "y": 210.21058114989555
                }
            ]
        }
    ],
    "version": "2.1.0"
}