{
    "asset": {
        "format": "JPG",
        "id": "07384ab5b0d40d9a33efad3218fee205",
        "name": "1X1A0126.JPG",
        "path": "file:D:/MLDrones/matlab/yoloSimulinkDataWTFinal/swindturbinesSameSizes/1X1A0126.JPG",
        "size": {
            "width": 224,
            "height": 224
        },
        "state": 2,
        "type": 1
    },
    "regions": [
        {
            "id": "h9wVXw7l6",
            "type": "RECTANGLE",
            "tags": [
                "WindTurbine"
            ],
            "boundingBox": {
                "height": 185.56434397577908,
                "width": 156.92479108635098,
                "left": 0,
                "top": 33.755990286059365
            },
            "points": [
                {
                    "x": 0,
                    "y": 33.755990286059365
                },
                {
                    "x": 156.92479108635098,
                    "y": 33.755990286059365
                },
                {
                    "x": 156.92479108635098,
                    "y": 219.32033426183844
                },
                {
                    "x": 0,
                    "y": 219.32033426183844
                }
            ]
        }
    ],
    "version": "2.1.0"
}