{
    "asset": {
        "format": "JPG",
        "id": "078603e67f7fe0aa8b83648280e64cc6",
        "name": "1X1A0092.JPG",
        "path": "file:D:/MLDrones/matlab/yoloSimulinkDataWTFinal/swindturbinesSameSizes/1X1A0092.JPG",
        "size": {
            "width": 224,
            "height": 224
        },
        "state": 2,
        "type": 1
    },
    "regions": [
        {
            "id": "7pFU19G0i",
            "type": "RECTANGLE",
            "tags": [
                "WindTurbine"
            ],
            "boundingBox": {
                "height": 172.08690284155205,
                "width": 147.00388448816156,
                "left": 25.14541532468663,
                "top": 5.36601814121257
            },
            "points": [
                {
                    "x": 25.14541532468663,
                    "y": 5.36601814121257
                },
                {
                    "x": 172.1492998128482,
                    "y": 5.36601814121257
                },
                {
                    "x": 172.1492998128482,
                    "y": 177.45292098276462
                },
                {
                    "x": 25.14541532468663,
                    "y": 177.45292098276462
                }
            ]
        }
    ],
    "version": "2.1.0"
}