{
    "asset": {
        "format": "JPG",
        "id": "091c19183f39f2c2c9f353a42037f8f1",
        "name": "1X1A0286.JPG",
        "path": "file:D:/MLDrones/matlab/yoloSimulinkDataWTFinal/swindturbinesSameSizes/1X1A0286.JPG",
        "size": {
            "width": 224,
            "height": 224
        },
        "state": 2,
        "type": 1
    },
    "regions": [
        {
            "id": "PE5eaf7C_",
            "type": "RECTANGLE",
            "tags": [
                "WindTurbine"
            ],
            "boundingBox": {
                "height": 73.6267409470752,
                "width": 45.54874651810585,
                "left": 79.55431754874652,
                "top": 80.80222841225627
            },
            "points": [
                {
                    "x": 79.55431754874652,
                    "y": 80.80222841225627
                },
                {
                    "x": 125.10306406685237,
                    "y": 80.80222841225627
                },
                {
                    "x": 125.10306406685237,
                    "y": 154.4289693593315
                },
                {
                    "x": 79.55431754874652,
                    "y": 154.4289693593315
                }
            ]
        }
    ],
    "version": "2.1.0"
}