{
    "asset": {
        "format": "JPG",
        "id": "09521fe1f281412ae15bfb579cf639c4",
        "name": "1X1A0207.JPG",
        "path": "file:D:/MLDrones/matlab/yoloSimulinkDataWTFinal/swindturbinesSameSizes/1X1A0207.JPG",
        "size": {
            "width": 224,
            "height": 224
        },
        "state": 2,
        "type": 1
    },
    "regions": [
        {
            "id": "TOeVuNllf",
            "type": "RECTANGLE",
            "tags": [
                "WindTurbine"
            ],
            "boundingBox": {
                "height": 177.14094564708827,
                "width": 156.73759303185935,
                "left": 16.098061564240947,
                "top": 19.093037639819812
            },
            "points": [
                {
                    "x": 16.098061564240947,
                    "y": 19.093037639819812
                },
                {
                    "x": 172.83565459610028,
                    "y": 19.093037639819812
                },
                {
                    "x": 172.83565459610028,
                    "y": 196.23398328690809
                },
                {
                    "x": 16.098061564240947,
                    "y": 196.23398328690809
                }
            ]
        }
    ],
    "version": "2.1.0"
}