{
    "asset": {
        "format": "JPG",
        "id": "09ef7326ac5ee97dcca66b33c0ab5d87",
        "name": "1X1A9778.JPG",
        "path": "file:D:/MLDrones/matlab/yoloSimulinkDataWTFinal/swindturbinesSameSizes/1X1A9778.JPG",
        "size": {
            "width": 224,
            "height": 224
        },
        "state": 2,
        "type": 1
    },
    "regions": [
        {
            "id": "PEQd4SoCL",
            "type": "RECTANGLE",
            "tags": [
                "WindTurbine"
            ],
            "boundingBox": {
                "height": 175.64345403899722,
                "width": 124.79108635097494,
                "left": 73.31476323119777,
                "top": 30.885793871866294
            },
            "points": [
                {
                    "x": 73.31476323119777,
                    "y": 30.885793871866294
                },
                {
                    "x": 198.1058495821727,
                    "y": 30.885793871866294
                },
                {
                    "x": 198.1058495821727,
                    "y": 206.52924791086352
                },
                {
                    "x": 73.31476323119777,
                    "y": 206.52924791086352
                }
            ]
        }
    ],
    "version": "2.1.0"
}