{
    "asset": {
        "format": "JPG",
        "id": "0b38bc209ca628491cff4db416360c35",
        "name": "1X1A0023.JPG",
        "path": "file:D:/MLDrones/matlab/yoloSimulinkDataWTFinal/swindturbinesSameSizes/1X1A0023.JPG",
        "size": {
            "width": 224,
            "height": 224
        },
        "state": 2,
        "type": 1
    },
    "regions": [
        {
            "id": "TlxE1wngv",
            "type": "RECTANGLE",
            "tags": [
                "WindTurbine"
            ],
            "boundingBox": {
                "height": 215.38941789802402,
                "width": 223.56323310193247,
                "left": 0.43676689806754876,
                "top": 0.24958312478238162
            },
            "points": [
                {
                    "x": 0.43676689806754876,
                    "y": 0.24958312478238162
                },
                {
                    "x": 224,
                    "y": 0.24958312478238162
                },
                {
                    "x": 224,
                    "y": 215.6390010228064
                },
                {
                    "x": 0.43676689806754876,
                    "y": 215.6390010228064
                }
            ]
        }
    ],
    "version": "2.1.0"
}