{
    "asset": {
        "format": "JPG",
        "id": "0c96cf6571438979091afb86e50b5ae0",
        "name": "1X1A0179.JPG",
        "path": "file:D:/MLDrones/matlab/yoloSimulinkDataWTFinal/swindturbinesSameSizes/1X1A0179.JPG",
        "size": {
            "width": 224,
            "height": 224
        },
        "state": 2,
        "type": 1
    },
    "regions": [
        {
            "id": "DCUYivfjb",
            "type": "RECTANGLE",
            "tags": [
                "WindTurbine"
            ],
            "boundingBox": {
                "height": 190.5559874298181,
                "width": 160.16934790651115,
                "left": 13.29026212134401,
                "top": 8.485795299986943
            },
            "points": [
                {
                    "x": 13.29026212134401,
                    "y": 8.485795299986943
                },
                {
                    "x": 173.45961002785515,
                    "y": 8.485795299986943
                },
                {
                    "x": 173.45961002785515,
                    "y": 199.04178272980502
                },
                {
                    "x": 13.29026212134401,
                    "y": 199.04178272980502
                }
            ]
        }
    ],
    "version": "2.1.0"
}