{
    "asset": {
        "format": "JPG",
        "id": "0d56fc2a96c2f3baae6ce6c32757f263",
        "name": "1X1A0227.JPG",
        "path": "file:D:/MLDrones/matlab/yoloSimulinkDataWTFinal/swindturbinesSameSizes/1X1A0227.JPG",
        "size": {
            "width": 224,
            "height": 224
        },
        "state": 2,
        "type": 1
    },
    "regions": [
        {
            "id": "wtuChpV3h",
            "type": "RECTANGLE",
            "tags": [
                "WindTurbine"
            ],
            "boundingBox": {
                "height": 166.90807799442896,
                "width": 163.28912506528553,
                "left": 12.666306689589137,
                "top": 0
            },
            "points": [
                {
                    "x": 12.666306689589137,
                    "y": 0
                },
                {
                    "x": 175.95543175487467,
                    "y": 0
                },
                {
                    "x": 175.95543175487467,
                    "y": 166.90807799442896
                },
                {
                    "x": 12.666306689589137,
                    "y": 166.90807799442896
                }
            ]
        }
    ],
    "version": "2.1.0"
}