{
    "asset": {
        "format": "JPG",
        "id": "0d5a656db0247ce21cddacc8870830c4",
        "name": "1X1A9979.JPG",
        "path": "file:D:/MLDrones/matlab/yoloSimulinkDataWTFinal/swindturbinesSameSizes/1X1A9979.JPG",
        "size": {
            "width": 224,
            "height": 224
        },
        "state": 2,
        "type": 1
    },
    "regions": [
        {
            "id": "3Jk0a_5On",
            "type": "RECTANGLE",
            "tags": [
                "WindTurbine"
            ],
            "boundingBox": {
                "height": 132.9025069637883,
                "width": 95.46518105849583,
                "left": 77.99442896935933,
                "top": 46.7966573816156
            },
            "points": [
                {
                    "x": 77.99442896935933,
                    "y": 46.7966573816156
                },
                {
                    "x": 173.45961002785515,
                    "y": 46.7966573816156
                },
                {
                    "x": 173.45961002785515,
                    "y": 179.69916434540391
                },
                {
                    "x": 77.99442896935933,
                    "y": 179.69916434540391
                }
            ]
        }
    ],
    "version": "2.1.0"
}