{
    "asset": {
        "format": "JPG",
        "id": "0df678d7bae4a829156f890db79b61bd",
        "name": "1X1A0272.JPG",
        "path": "file:D:/MLDrones/matlab/yoloSimulinkDataWTFinal/swindturbinesSameSizes/1X1A0272.JPG",
        "size": {
            "width": 224,
            "height": 224
        },
        "state": 2,
        "type": 1
    },
    "regions": [
        {
            "id": "YOQveWy1i",
            "type": "RECTANGLE",
            "tags": [
                "WindTurbine"
            ],
            "boundingBox": {
                "height": 112.62395543175488,
                "width": 77.37047353760445,
                "left": 68.32311977715878,
                "top": 71.44289693593315
            },
            "points": [
                {
                    "x": 68.32311977715878,
                    "y": 71.44289693593315
                },
                {
                    "x": 145.69359331476323,
                    "y": 71.44289693593315
                },
                {
                    "x": 145.69359331476323,
                    "y": 184.06685236768803
                },
                {
                    "x": 68.32311977715878,
                    "y": 184.06685236768803
                }
            ]
        }
    ],
    "version": "2.1.0"
}