{
    "asset": {
        "format": "JPG",
        "id": "0e523ab9e6a85f5e7c5075ac1e1402fe",
        "name": "1X1A9917.JPG",
        "path": "file:D:/MLDrones/matlab/yoloSimulinkDataWTFinal/swindturbinesSameSizes/1X1A9917.JPG",
        "size": {
            "width": 224,
            "height": 224
        },
        "state": 2,
        "type": 1
    },
    "regions": [
        {
            "id": "sDSVIHB-I",
            "type": "RECTANGLE",
            "tags": [
                "WindTurbine"
            ],
            "boundingBox": {
                "height": 87.603348330867,
                "width": 64.64178653812674,
                "left": 71.0685198685585,
                "top": 73.5019517648851
            },
            "points": [
                {
                    "x": 71.0685198685585,
                    "y": 73.5019517648851
                },
                {
                    "x": 135.71030640668525,
                    "y": 73.5019517648851
                },
                {
                    "x": 135.71030640668525,
                    "y": 161.10530009575209
                },
                {
                    "x": 71.0685198685585,
                    "y": 161.10530009575209
                }
            ]
        }
    ],
    "version": "2.1.0"
}