{
    "asset": {
        "format": "JPG",
        "id": "0eb555c25be34954dcd65bf0bd1a0b10",
        "name": "1X1A9908.JPG",
        "path": "file:D:/MLDrones/matlab/yoloSimulinkDataWTFinal/swindturbinesSameSizes/1X1A9908.JPG",
        "size": {
            "width": 224,
            "height": 224
        },
        "state": 2,
        "type": 1
    },
    "regions": [
        {
            "id": "cs4JnlS3X",
            "type": "RECTANGLE",
            "tags": [
                "WindTurbine"
            ],
            "boundingBox": {
                "height": 86.10584958217271,
                "width": 65.14094326688719,
                "left": 80.0534933191156,
                "top": 54.658499630048745
            },
            "points": [
                {
                    "x": 80.0534933191156,
                    "y": 54.658499630048745
                },
                {
                    "x": 145.19443658600278,
                    "y": 54.658499630048745
                },
                {
                    "x": 145.19443658600278,
                    "y": 140.76434921222145
                },
                {
                    "x": 80.0534933191156,
                    "y": 140.76434921222145
                }
            ]
        }
    ],
    "version": "2.1.0"
}