{
    "asset": {
        "format": "JPG",
        "id": "0eeee81b8f8242603858ea684741de12",
        "name": "1X1A9829.JPG",
        "path": "file:D:/MLDrones/matlab/yoloSimulinkDataWTFinal/swindturbinesSameSizes/1X1A9829.JPG",
        "size": {
            "width": 224,
            "height": 224
        },
        "state": 2,
        "type": 1
    },
    "regions": [
        {
            "id": "TwDsAKTld",
            "type": "RECTANGLE",
            "tags": [
                "WindTurbine"
            ],
            "boundingBox": {
                "height": 223.00166988107156,
                "width": 184.50360974495126,
                "left": 39.496390255048745,
                "top": 0.9983301189284471
            },
            "points": [
                {
                    "x": 39.496390255048745,
                    "y": 0.9983301189284471
                },
                {
                    "x": 224,
                    "y": 0.9983301189284471
                },
                {
                    "x": 224,
                    "y": 224
                },
                {
                    "x": 39.496390255048745,
                    "y": 224
                }
            ]
        }
    ],
    "version": "2.1.0"
}