{
    "asset": {
        "format": "JPG",
        "id": "11126db00555fc0fe8557e0260a28235",
        "name": "1X1A0088.JPG",
        "path": "file:D:/MLDrones/matlab/yoloSimulinkDataWTFinal/swindturbinesSameSizes/1X1A0088.JPG",
        "size": {
            "width": 224,
            "height": 224
        },
        "state": 2,
        "type": 1
    },
    "regions": [
        {
            "id": "zFHCb4mRf",
            "type": "RECTANGLE",
            "tags": [
                "WindTurbine"
            ],
            "boundingBox": {
                "height": 155.98886983972406,
                "width": 128.16045139493386,
                "left": 0.43676689806754876,
                "top": 0.49916386936368384
            },
            "points": [
                {
                    "x": 0.43676689806754876,
                    "y": 0.49916386936368384
                },
                {
                    "x": 128.5972182930014,
                    "y": 0.49916386936368384
                },
                {
                    "x": 128.5972182930014,
                    "y": 156.48803370908774
                },
                {
                    "x": 0.43676689806754876,
                    "y": 156.48803370908774
                }
            ]
        }
    ],
    "version": "2.1.0"
}