{
    "asset": {
        "format": "JPG",
        "id": "11491276a27f01dd2b3f6dc7b8fcc0cf",
        "name": "1X1A9806.JPG",
        "path": "file:D:/MLDrones/matlab/yoloSimulinkDataWTFinal/swindturbinesSameSizes/1X1A9806.JPG",
        "size": {
            "width": 224,
            "height": 224
        },
        "state": 2,
        "type": 1
    },
    "regions": [
        {
            "id": "z5sK3ap-R",
            "type": "RECTANGLE",
            "tags": [
                "WindTurbine"
            ],
            "boundingBox": {
                "height": 132.27855629243558,
                "width": 83.85960621953343,
                "left": 89.66240315981895,
                "top": 31.572143894716227
            },
            "points": [
                {
                    "x": 89.66240315981895,
                    "y": 31.572143894716227
                },
                {
                    "x": 173.52200937935237,
                    "y": 31.572143894716227
                },
                {
                    "x": 173.52200937935237,
                    "y": 163.8507001871518
                },
                {
                    "x": 89.66240315981895,
                    "y": 163.8507001871518
                }
            ]
        }
    ],
    "version": "2.1.0"
}