{
    "asset": {
        "format": "JPG",
        "id": "11b5364440c6876b6817bdef99de90ea",
        "name": "1X1A9848.JPG",
        "path": "file:D:/MLDrones/matlab/yoloSimulinkDataWTFinal/swindturbinesSameSizes/1X1A9848.JPG",
        "size": {
            "width": 224,
            "height": 224
        },
        "state": 2,
        "type": 1
    },
    "regions": [
        {
            "id": "CxY242h3Y",
            "type": "RECTANGLE",
            "tags": [
                "WindTurbine"
            ],
            "boundingBox": {
                "height": 223.7504168752176,
                "width": 211.3961117035167,
                "left": 1.3103102150069639,
                "top": 0.24958312478238162
            },
            "points": [
                {
                    "x": 1.3103102150069639,
                    "y": 0.24958312478238162
                },
                {
                    "x": 212.7064219185237,
                    "y": 0.24958312478238162
                },
                {
                    "x": 212.7064219185237,
                    "y": 224
                },
                {
                    "x": 1.3103102150069639,
                    "y": 224
                }
            ]
        }
    ],
    "version": "2.1.0"
}