{
    "asset": {
        "format": "JPG",
        "id": "1205299c45f67dce6cb183475a4a0106",
        "name": "1X1A9896.JPG",
        "path": "file:D:/MLDrones/matlab/yoloSimulinkDataWTFinal/swindturbinesSameSizes/1X1A9896.JPG",
        "size": {
            "width": 224,
            "height": 224
        },
        "state": 2,
        "type": 1
    },
    "regions": [
        {
            "id": "TRLSm1Nhq",
            "type": "RECTANGLE",
            "tags": [
                "WindTurbine"
            ],
            "boundingBox": {
                "height": 103.82618003568942,
                "width": 66.88801085915739,
                "left": 70.94374020717271,
                "top": 76.74651810584959
            },
            "points": [
                {
                    "x": 70.94374020717271,
                    "y": 76.74651810584959
                },
                {
                    "x": 137.8317510663301,
                    "y": 76.74651810584959
                },
                {
                    "x": 137.8317510663301,
                    "y": 180.572698141539
                },
                {
                    "x": 70.94374020717271,
                    "y": 180.572698141539
                }
            ]
        }
    ],
    "version": "2.1.0"
}