{
    "asset": {
        "format": "JPG",
        "id": "1238363c5e80e9a2398ec0b9fb15e936",
        "name": "1X1A9763.JPG",
        "path": "file:D:/MLDrones/matlab/yoloSimulinkDataWTFinal/swindturbinesSameSizes/1X1A9763.JPG",
        "size": {
            "width": 224,
            "height": 224
        },
        "state": 2,
        "type": 1
    },
    "regions": [
        {
            "id": "M_cTa4D_Z",
            "type": "RECTANGLE",
            "tags": [
                "WindTurbine"
            ],
            "boundingBox": {
                "height": 173.14763231197773,
                "width": 143.8217270194986,
                "left": 48.66852367688023,
                "top": 49.91643454038997
            },
            "points": [
                {
                    "x": 48.66852367688023,
                    "y": 49.91643454038997
                },
                {
                    "x": 192.49025069637884,
                    "y": 49.91643454038997
                },
                {
                    "x": 192.49025069637884,
                    "y": 223.0640668523677
                },
                {
                    "x": 48.66852367688023,
                    "y": 223.0640668523677
                }
            ]
        }
    ],
    "version": "2.1.0"
}