{
    "asset": {
        "format": "JPG",
        "id": "1258bcf47bf351f47112086c43e5b7e2",
        "name": "1X1A0820.JPG",
        "path": "file:D:/MLDrones/matlab/yoloSimulinkDataWTFinal/swindturbinesSameSizes/1X1A0820.JPG",
        "size": {
            "width": 224,
            "height": 224
        },
        "state": 2,
        "type": 1
    },
    "regions": [
        {
            "id": "GPW3XcgpW",
            "type": "RECTANGLE",
            "tags": [
                "WindTurbine"
            ],
            "boundingBox": {
                "height": 131.0306406685237,
                "width": 83.29805013927577,
                "left": 81.73816155988858,
                "top": 14.974930362116993
            },
            "points": [
                {
                    "x": 81.73816155988858,
                    "y": 14.974930362116993
                },
                {
                    "x": 165.03621169916434,
                    "y": 14.974930362116993
                },
                {
                    "x": 165.03621169916434,
                    "y": 146.00557103064068
                },
                {
                    "x": 81.73816155988858,
                    "y": 146.00557103064068
                }
            ]
        }
    ],
    "version": "2.1.0"
}