{
    "asset": {
        "format": "JPG",
        "id": "1263bb3f921d73e43f2fca55d995312b",
        "name": "1X1A0208.JPG",
        "path": "file:D:/MLDrones/matlab/yoloSimulinkDataWTFinal/swindturbinesSameSizes/1X1A0208.JPG",
        "size": {
            "width": 224,
            "height": 224
        },
        "state": 2,
        "type": 1
    },
    "regions": [
        {
            "id": "yyjbytfhb",
            "type": "RECTANGLE",
            "tags": [
                "WindTurbine"
            ],
            "boundingBox": {
                "height": 184.0044553963919,
                "width": 156.73759303185935,
                "left": 19.52981643889276,
                "top": 39.37158917185324
            },
            "points": [
                {
                    "x": 19.52981643889276,
                    "y": 39.37158917185324
                },
                {
                    "x": 176.26740947075209,
                    "y": 39.37158917185324
                },
                {
                    "x": 176.26740947075209,
                    "y": 223.37604456824513
                },
                {
                    "x": 19.52981643889276,
                    "y": 223.37604456824513
                }
            ]
        }
    ],
    "version": "2.1.0"
}