{
    "asset": {
        "format": "JPG",
        "id": "12736fbc92d2e8b24f00b24bd3bd52f2",
        "name": "1X1A0143.JPG",
        "path": "file:D:/MLDrones/matlab/yoloSimulinkDataWTFinal/swindturbinesSameSizes/1X1A0143.JPG",
        "size": {
            "width": 224,
            "height": 224
        },
        "state": 2,
        "type": 1
    },
    "regions": [
        {
            "id": "lC9Qmg2qd",
            "type": "RECTANGLE",
            "tags": [
                "WindTurbine"
            ],
            "boundingBox": {
                "height": 183.380499964637,
                "width": 151.3091922005571,
                "left": 0,
                "top": 40.61950003536299
            },
            "points": [
                {
                    "x": 0,
                    "y": 40.61950003536299
                },
                {
                    "x": 151.3091922005571,
                    "y": 40.61950003536299
                },
                {
                    "x": 151.3091922005571,
                    "y": 224
                },
                {
                    "x": 0,
                    "y": 224
                }
            ]
        }
    ],
    "version": "2.1.0"
}