{
    "asset": {
        "format": "JPG",
        "id": "12ebbd8ffb719614869bf29ce99cf287",
        "name": "1X1A9792.JPG",
        "path": "file:D:/MLDrones/matlab/yoloSimulinkDataWTFinal/swindturbinesSameSizes/1X1A9792.JPG",
        "size": {
            "width": 224,
            "height": 224
        },
        "state": 2,
        "type": 1
    },
    "regions": [
        {
            "id": "o1CezCvwH",
            "type": "RECTANGLE",
            "tags": [
                "WindTurbine"
            ],
            "boundingBox": {
                "height": 222.62729757409906,
                "width": 177.01614456389277,
                "left": 46.98385543610724,
                "top": 1.3727024259009402
            },
            "points": [
                {
                    "x": 46.98385543610724,
                    "y": 1.3727024259009402
                },
                {
                    "x": 224,
                    "y": 1.3727024259009402
                },
                {
                    "x": 224,
                    "y": 224
                },
                {
                    "x": 46.98385543610724,
                    "y": 224
                }
            ]
        }
    ],
    "version": "2.1.0"
}