{
    "asset": {
        "format": "JPG",
        "id": "12f5e236d733cdf30c8a93e45cceff1b",
        "name": "1X1A9915.JPG",
        "path": "file:D:/MLDrones/matlab/yoloSimulinkDataWTFinal/swindturbinesSameSizes/1X1A9915.JPG",
        "size": {
            "width": 224,
            "height": 224
        },
        "state": 2,
        "type": 1
    },
    "regions": [
        {
            "id": "t9BjlGd17",
            "type": "RECTANGLE",
            "tags": [
                "WindTurbine"
            ],
            "boundingBox": {
                "height": 83.61003737595752,
                "width": 65.26574196988162,
                "left": 70.56936313979806,
                "top": 77.24568435541434
            },
            "points": [
                {
                    "x": 70.56936313979806,
                    "y": 77.24568435541434
                },
                {
                    "x": 135.83510510967966,
                    "y": 77.24568435541434
                },
                {
                    "x": 135.83510510967966,
                    "y": 160.85572173137186
                },
                {
                    "x": 70.56936313979806,
                    "y": 160.85572173137186
                }
            ]
        }
    ],
    "version": "2.1.0"
}