{
    "asset": {
        "format": "JPG",
        "id": "1339479cdbdbdd3cdf3ea6c604241e15",
        "name": "1X1A9854.JPG",
        "path": "file:D:/MLDrones/matlab/yoloSimulinkDataWTFinal/swindturbinesSameSizes/1X1A9854.JPG",
        "size": {
            "width": 224,
            "height": 224
        },
        "state": 2,
        "type": 1
    },
    "regions": [
        {
            "id": "ClcLW-AGg",
            "type": "RECTANGLE",
            "tags": [
                "WindTurbine"
            ],
            "boundingBox": {
                "height": 141.63788300835654,
                "width": 141.01392757660167,
                "left": 30.511416804491645,
                "top": 44.3008356545961
            },
            "points": [
                {
                    "x": 30.511416804491645,
                    "y": 44.3008356545961
                },
                {
                    "x": 171.5253443810933,
                    "y": 44.3008356545961
                },
                {
                    "x": 171.5253443810933,
                    "y": 185.93871866295265
                },
                {
                    "x": 30.511416804491645,
                    "y": 185.93871866295265
                }
            ]
        }
    ],
    "version": "2.1.0"
}