{
    "asset": {
        "format": "JPG",
        "id": "147775021199b4a119df59a5e7196559",
        "name": "1X1A0255.JPG",
        "path": "file:D:/MLDrones/matlab/yoloSimulinkDataWTFinal/swindturbinesSameSizes/1X1A0255.JPG",
        "size": {
            "width": 224,
            "height": 224
        },
        "state": 2,
        "type": 1
    },
    "regions": [
        {
            "id": "QoLkKF3vm",
            "type": "RECTANGLE",
            "tags": [
                "WindTurbine"
            ],
            "boundingBox": {
                "height": 169.09192200557104,
                "width": 159.42061281337047,
                "left": 7.4874651810584965,
                "top": 54.90807799442897
            },
            "points": [
                {
                    "x": 7.4874651810584965,
                    "y": 54.90807799442897
                },
                {
                    "x": 166.90807799442896,
                    "y": 54.90807799442897
                },
                {
                    "x": 166.90807799442896,
                    "y": 224
                },
                {
                    "x": 7.4874651810584965,
                    "y": 224
                }
            ]
        }
    ],
    "version": "2.1.0"
}