{
    "asset": {
        "format": "JPG",
        "id": "147a99fbe8d70824041ad09340fd4505",
        "name": "1X1A0250.JPG",
        "path": "file:D:/MLDrones/matlab/yoloSimulinkDataWTFinal/swindturbinesSameSizes/1X1A0250.JPG",
        "size": {
            "width": 224,
            "height": 224
        },
        "state": 2,
        "type": 1
    },
    "regions": [
        {
            "id": "Bm99MsZhX",
            "type": "RECTANGLE",
            "tags": [
                "WindTurbine"
            ],
            "boundingBox": {
                "height": 196.79554174736683,
                "width": 166.90807799442896,
                "left": 14.662952646239555,
                "top": 0.3743746871735724
            },
            "points": [
                {
                    "x": 14.662952646239555,
                    "y": 0.3743746871735724
                },
                {
                    "x": 181.57103064066854,
                    "y": 0.3743746871735724
                },
                {
                    "x": 181.57103064066854,
                    "y": 197.1699164345404
                },
                {
                    "x": 14.662952646239555,
                    "y": 197.1699164345404
                }
            ]
        }
    ],
    "version": "2.1.0"
}