{
    "asset": {
        "format": "JPG",
        "id": "15e56c312ee00a0c2e494734efd081ea",
        "name": "1X1A0336.JPG",
        "path": "file:D:/MLDrones/matlab/yoloSimulinkDataWTFinal/swindturbinesSameSizes/1X1A0336.JPG",
        "size": {
            "width": 224,
            "height": 224
        },
        "state": 2,
        "type": 1
    },
    "regions": [
        {
            "id": "FqL5tMa9o",
            "type": "RECTANGLE",
            "tags": [
                "WindTurbine"
            ],
            "boundingBox": {
                "height": 60.523676880222844,
                "width": 45.54874651810585,
                "left": 86.41782729805014,
                "top": 85.79387186629526
            },
            "points": [
                {
                    "x": 86.41782729805014,
                    "y": 85.79387186629526
                },
                {
                    "x": 131.966573816156,
                    "y": 85.79387186629526
                },
                {
                    "x": 131.966573816156,
                    "y": 146.3175487465181
                },
                {
                    "x": 86.41782729805014,
                    "y": 146.3175487465181
                }
            ]
        }
    ],
    "version": "2.1.0"
}