{
    "asset": {
        "format": "JPG",
        "id": "15ece725c68d66b8fb6dfd7ef57312aa",
        "name": "1X1A9800.JPG",
        "path": "file:D:/MLDrones/matlab/yoloSimulinkDataWTFinal/swindturbinesSameSizes/1X1A9800.JPG",
        "size": {
            "width": 224,
            "height": 224
        },
        "state": 2,
        "type": 1
    },
    "regions": [
        {
            "id": "0AzaE2HkI",
            "type": "RECTANGLE",
            "tags": [
                "WindTurbine"
            ],
            "boundingBox": {
                "height": 223.50083613063632,
                "width": 182.50696378830085,
                "left": 41.49303621169916,
                "top": 0.49916386936368384
            },
            "points": [
                {
                    "x": 41.49303621169916,
                    "y": 0.49916386936368384
                },
                {
                    "x": 224,
                    "y": 0.49916386936368384
                },
                {
                    "x": 224,
                    "y": 224
                },
                {
                    "x": 41.49303621169916,
                    "y": 224
                }
            ]
        }
    ],
    "version": "2.1.0"
}