{
    "asset": {
        "format": "JPG",
        "id": "1634ecdb0edb508bd297524dbf2154df",
        "name": "1X1A9970.JPG",
        "path": "file:D:/MLDrones/matlab/yoloSimulinkDataWTFinal/swindturbinesSameSizes/1X1A9970.JPG",
        "size": {
            "width": 224,
            "height": 224
        },
        "state": 2,
        "type": 1
    },
    "regions": [
        {
            "id": "nt1PBsAah",
            "type": "RECTANGLE",
            "tags": [
                "WindTurbine"
            ],
            "boundingBox": {
                "height": 122.66963693092792,
                "width": 160.23174725800837,
                "left": 32.13370473537604,
                "top": 37.062953598319986
            },
            "points": [
                {
                    "x": 32.13370473537604,
                    "y": 37.062953598319986
                },
                {
                    "x": 192.3654519933844,
                    "y": 37.062953598319986
                },
                {
                    "x": 192.3654519933844,
                    "y": 159.73259052924791
                },
                {
                    "x": 32.13370473537604,
                    "y": 159.73259052924791
                }
            ]
        }
    ],
    "version": "2.1.0"
}