{
    "asset": {
        "format": "JPG",
        "id": "163fe03ca225fce27f8087f534191252",
        "name": "1X1A0095.JPG",
        "path": "file:D:/MLDrones/matlab/yoloSimulinkDataWTFinal/swindturbinesSameSizes/1X1A0095.JPG",
        "size": {
            "width": 224,
            "height": 224
        },
        "state": 2,
        "type": 1
    },
    "regions": [
        {
            "id": "oCahSiq_L",
            "type": "RECTANGLE",
            "tags": [
                "WindTurbine"
            ],
            "boundingBox": {
                "height": 172.08690284155205,
                "width": 147.00388448816156,
                "left": 22.337615881789695,
                "top": 28.140391400265496
            },
            "points": [
                {
                    "x": 22.337615881789695,
                    "y": 28.140391400265496
                },
                {
                    "x": 169.34150036995126,
                    "y": 28.140391400265496
                },
                {
                    "x": 169.34150036995126,
                    "y": 200.22729424181756
                },
                {
                    "x": 22.337615881789695,
                    "y": 200.22729424181756
                }
            ]
        }
    ],
    "version": "2.1.0"
}