{
    "asset": {
        "format": "JPG",
        "id": "16d5aa9e32d79833facf76dd3b2533f9",
        "name": "1X1A9990.JPG",
        "path": "file:D:/MLDrones/matlab/yoloSimulinkDataWTFinal/swindturbinesSameSizes/1X1A9990.JPG",
        "size": {
            "width": 224,
            "height": 224
        },
        "state": 2,
        "type": 1
    },
    "regions": [
        {
            "id": "IC5IcSgGM",
            "type": "RECTANGLE",
            "tags": [
                "WindTurbine"
            ],
            "boundingBox": {
                "height": 95.83954860506616,
                "width": 91.0974930362117,
                "left": 103.26462395543176,
                "top": 128.16045139493386
            },
            "points": [
                {
                    "x": 103.26462395543176,
                    "y": 128.16045139493386
                },
                {
                    "x": 194.36211699164346,
                    "y": 128.16045139493386
                },
                {
                    "x": 194.36211699164346,
                    "y": 224
                },
                {
                    "x": 103.26462395543176,
                    "y": 224
                }
            ]
        }
    ],
    "version": "2.1.0"
}