{
    "asset": {
        "format": "JPG",
        "id": "170315a225f86724e6b120eb442a37fd",
        "name": "1X1A0073.JPG",
        "path": "file:D:/MLDrones/matlab/yoloSimulinkDataWTFinal/swindturbinesSameSizes/1X1A0073.JPG",
        "size": {
            "width": 224,
            "height": 224
        },
        "state": 2,
        "type": 1
    },
    "regions": [
        {
            "id": "V7UqK7PFG",
            "type": "RECTANGLE",
            "tags": [
                "WindTurbine"
            ],
            "boundingBox": {
                "height": 146.379938577211,
                "width": 128.41002023850976,
                "left": 0.6863547832520892,
                "top": 77.620061422789
            },
            "points": [
                {
                    "x": 0.6863547832520892,
                    "y": 77.620061422789
                },
                {
                    "x": 129.09637502176184,
                    "y": 77.620061422789
                },
                {
                    "x": 129.09637502176184,
                    "y": 224
                },
                {
                    "x": 0.6863547832520892,
                    "y": 224
                }
            ]
        }
    ],
    "version": "2.1.0"
}