{
    "asset": {
        "format": "JPG",
        "id": "1760bfe81a48988e1d05fb4adcca4bba",
        "name": "1X1A9787.JPG",
        "path": "file:D:/MLDrones/matlab/yoloSimulinkDataWTFinal/swindturbinesSameSizes/1X1A9787.JPG",
        "size": {
            "width": 224,
            "height": 224
        },
        "state": 2,
        "type": 1
    },
    "regions": [
        {
            "id": "V5v06uN7s",
            "type": "RECTANGLE",
            "tags": [
                "WindTurbine"
            ],
            "boundingBox": {
                "height": 209.6490250696379,
                "width": 155.67688022284122,
                "left": 48.66852367688023,
                "top": 14.350974930362117
            },
            "points": [
                {
                    "x": 48.66852367688023,
                    "y": 14.350974930362117
                },
                {
                    "x": 204.34540389972145,
                    "y": 14.350974930362117
                },
                {
                    "x": 204.34540389972145,
                    "y": 224
                },
                {
                    "x": 48.66852367688023,
                    "y": 224
                }
            ]
        }
    ],
    "version": "2.1.0"
}