{
    "asset": {
        "format": "JPG",
        "id": "18880bfb3980bd9ed3ab944a7023f5e4",
        "name": "1X1A9856.JPG",
        "path": "file:D:/MLDrones/matlab/yoloSimulinkDataWTFinal/swindturbinesSameSizes/1X1A9856.JPG",
        "size": {
            "width": 224,
            "height": 224
        },
        "state": 2,
        "type": 1
    },
    "regions": [
        {
            "id": "DbB0bcLw4",
            "type": "RECTANGLE",
            "tags": [
                "WindTurbine"
            ],
            "boundingBox": {
                "height": 108.6930343075383,
                "width": 105.69804633095404,
                "left": 54.970477345926184,
                "top": 51.03955622170961
            },
            "points": [
                {
                    "x": 54.970477345926184,
                    "y": 51.03955622170961
                },
                {
                    "x": 160.66852367688023,
                    "y": 51.03955622170961
                },
                {
                    "x": 160.66852367688023,
                    "y": 159.73259052924791
                },
                {
                    "x": 54.970477345926184,
                    "y": 159.73259052924791
                }
            ]
        }
    ],
    "version": "2.1.0"
}