{
    "asset": {
        "format": "JPG",
        "id": "1894855d8b8e11f5dccaafeb4427ca1c",
        "name": "1X1A0276.JPG",
        "path": "file:D:/MLDrones/matlab/yoloSimulinkDataWTFinal/swindturbinesSameSizes/1X1A0276.JPG",
        "size": {
            "width": 224,
            "height": 224
        },
        "state": 2,
        "type": 1
    },
    "regions": [
        {
            "id": "MqAiLP_EB",
            "type": "RECTANGLE",
            "tags": [
                "WindTurbine"
            ],
            "boundingBox": {
                "height": 105.76044568245126,
                "width": 70.50696378830084,
                "left": 50.852367688022284,
                "top": 73.93871866295265
            },
            "points": [
                {
                    "x": 50.852367688022284,
                    "y": 73.93871866295265
                },
                {
                    "x": 121.35933147632312,
                    "y": 73.93871866295265
                },
                {
                    "x": 121.35933147632312,
                    "y": 179.69916434540391
                },
                {
                    "x": 50.852367688022284,
                    "y": 179.69916434540391
                }
            ]
        }
    ],
    "version": "2.1.0"
}