{
    "asset": {
        "format": "JPG",
        "id": "18df1807ee01b4c19c581c3a1f0c0fd2",
        "name": "1X1A0334.JPG",
        "path": "file:D:/MLDrones/matlab/yoloSimulinkDataWTFinal/swindturbinesSameSizes/1X1A0334.JPG",
        "size": {
            "width": 224,
            "height": 224
        },
        "state": 2,
        "type": 1
    },
    "regions": [
        {
            "id": "KLRZstWYV",
            "type": "RECTANGLE",
            "tags": [
                "WindTurbine"
            ],
            "boundingBox": {
                "height": 53.34818941504179,
                "width": 45.54874651810585,
                "left": 83.29805013927577,
                "top": 92.6573816155989
            },
            "points": [
                {
                    "x": 83.29805013927577,
                    "y": 92.6573816155989
                },
                {
                    "x": 128.84679665738162,
                    "y": 92.6573816155989
                },
                {
                    "x": 128.84679665738162,
                    "y": 146.00557103064068
                },
                {
                    "x": 83.29805013927577,
                    "y": 146.00557103064068
                }
            ]
        }
    ],
    "version": "2.1.0"
}