{
    "asset": {
        "format": "JPG",
        "id": "19d4b9a8e2f01f93630a84d438abc4bc",
        "name": "1X1A0268.JPG",
        "path": "file:D:/MLDrones/matlab/yoloSimulinkDataWTFinal/swindturbinesSameSizes/1X1A0268.JPG",
        "size": {
            "width": 224,
            "height": 224
        },
        "state": 2,
        "type": 1
    },
    "regions": [
        {
            "id": "HZ9Z-lJWI",
            "type": "RECTANGLE",
            "tags": [
                "WindTurbine"
            ],
            "boundingBox": {
                "height": 107.94428969359332,
                "width": 67.38718662952645,
                "left": 71.13091922005572,
                "top": 59.27576601671309
            },
            "points": [
                {
                    "x": 71.13091922005572,
                    "y": 59.27576601671309
                },
                {
                    "x": 138.51810584958218,
                    "y": 59.27576601671309
                },
                {
                    "x": 138.51810584958218,
                    "y": 167.2200557103064
                },
                {
                    "x": 71.13091922005572,
                    "y": 167.2200557103064
                }
            ]
        }
    ],
    "version": "2.1.0"
}