{
    "asset": {
        "format": "JPG",
        "id": "1a17e9c9687e7239dae9231f5077bdb5",
        "name": "1X1A0360.JPG",
        "path": "file:D:/MLDrones/matlab/yoloSimulinkDataWTFinal/swindturbinesSameSizes/1X1A0360.JPG",
        "size": {
            "width": 224,
            "height": 224
        },
        "state": 2,
        "type": 1
    },
    "regions": [
        {
            "id": "zEu-8HDuA",
            "type": "RECTANGLE",
            "tags": [
                "WindTurbine"
            ],
            "boundingBox": {
                "height": 68.01114206128133,
                "width": 58.33983286908078,
                "left": 85.79387186629526,
                "top": 90.16155988857939
            },
            "points": [
                {
                    "x": 85.79387186629526,
                    "y": 90.16155988857939
                },
                {
                    "x": 144.13370473537606,
                    "y": 90.16155988857939
                },
                {
                    "x": 144.13370473537606,
                    "y": 158.17270194986074
                },
                {
                    "x": 85.79387186629526,
                    "y": 158.17270194986074
                }
            ]
        }
    ],
    "version": "2.1.0"
}