{
    "asset": {
        "format": "JPG",
        "id": "1a50f7a07c2f2a954a55f035099c01c2",
        "name": "1X1A0333.JPG",
        "path": "file:D:/MLDrones/matlab/yoloSimulinkDataWTFinal/swindturbinesSameSizes/1X1A0333.JPG",
        "size": {
            "width": 224,
            "height": 224
        },
        "state": 2,
        "type": 1
    },
    "regions": [
        {
            "id": "wbZZDUnQ6",
            "type": "RECTANGLE",
            "tags": [
                "WindTurbine"
            ],
            "boundingBox": {
                "height": 35.56545961002786,
                "width": 30.573816155988858,
                "left": 91.0974930362117,
                "top": 99.83286908077994
            },
            "points": [
                {
                    "x": 91.0974930362117,
                    "y": 99.83286908077994
                },
                {
                    "x": 121.67130919220055,
                    "y": 99.83286908077994
                },
                {
                    "x": 121.67130919220055,
                    "y": 135.3983286908078
                },
                {
                    "x": 91.0974930362117,
                    "y": 135.3983286908078
                }
            ]
        }
    ],
    "version": "2.1.0"
}