{
    "asset": {
        "format": "JPG",
        "id": "1a7e30b7e841763f9d7a5b8ad28dd075",
        "name": "1X1A0223.JPG",
        "path": "file:D:/MLDrones/matlab/yoloSimulinkDataWTFinal/swindturbinesSameSizes/1X1A0223.JPG",
        "size": {
            "width": 224,
            "height": 224
        },
        "state": 2,
        "type": 1
    },
    "regions": [
        {
            "id": "AhXOAOizf",
            "type": "RECTANGLE",
            "tags": [
                "WindTurbine"
            ],
            "boundingBox": {
                "height": 138.20612813370474,
                "width": 165.47296907642757,
                "left": 58.527030923572426,
                "top": 0
            },
            "points": [
                {
                    "x": 58.527030923572426,
                    "y": 0
                },
                {
                    "x": 224,
                    "y": 0
                },
                {
                    "x": 224,
                    "y": 138.20612813370474
                },
                {
                    "x": 58.527030923572426,
                    "y": 138.20612813370474
                }
            ]
        }
    ],
    "version": "2.1.0"
}