{
    "asset": {
        "format": "JPG",
        "id": "1b6a70d027c671086085c32a868d309b",
        "name": "1X1A0021.JPG",
        "path": "file:D:/MLDrones/matlab/yoloSimulinkDataWTFinal/swindturbinesSameSizes/1X1A0021.JPG",
        "size": {
            "width": 224,
            "height": 224
        },
        "state": 2,
        "type": 1
    },
    "regions": [
        {
            "id": "vtTiB_eE3",
            "type": "RECTANGLE",
            "tags": [
                "WindTurbine"
            ],
            "boundingBox": {
                "height": 212.7688093690155,
                "width": 223.68802228412258,
                "left": 0.31197771587743733,
                "top": 0.12479156239119081
            },
            "points": [
                {
                    "x": 0.31197771587743733,
                    "y": 0.12479156239119081
                },
                {
                    "x": 224,
                    "y": 0.12479156239119081
                },
                {
                    "x": 224,
                    "y": 212.8936009314067
                },
                {
                    "x": 0.31197771587743733,
                    "y": 212.8936009314067
                }
            ]
        }
    ],
    "version": "2.1.0"
}