{
    "asset": {
        "format": "JPG",
        "id": "1c1864adb0eef84a37593b75e913784d",
        "name": "1X1A9870.JPG",
        "path": "file:D:/MLDrones/matlab/yoloSimulinkDataWTFinal/swindturbinesSameSizes/1X1A9870.JPG",
        "size": {
            "width": 224,
            "height": 224
        },
        "state": 2,
        "type": 1
    },
    "regions": [
        {
            "id": "vvz-rTJzF",
            "type": "RECTANGLE",
            "tags": [
                "WindTurbine"
            ],
            "boundingBox": {
                "height": 111.06407637317201,
                "width": 83.36044949077298,
                "left": 66.20167511751393,
                "top": 61.27242149416783
            },
            "points": [
                {
                    "x": 66.20167511751393,
                    "y": 61.27242149416783
                },
                {
                    "x": 149.56212460828692,
                    "y": 61.27242149416783
                },
                {
                    "x": 149.56212460828692,
                    "y": 172.33649786733983
                },
                {
                    "x": 66.20167511751393,
                    "y": 172.33649786733983
                }
            ]
        }
    ],
    "version": "2.1.0"
}