{
    "asset": {
        "format": "JPG",
        "id": "1c287e2b669bd91fa3fefa633e91f09f",
        "name": "1X1A0014.JPG",
        "path": "file:D:/MLDrones/matlab/yoloSimulinkDataWTFinal/swindturbinesSameSizes/1X1A0014.JPG",
        "size": {
            "width": 224,
            "height": 224
        },
        "state": 2,
        "type": 1
    },
    "regions": [
        {
            "id": "qTQXLaL71",
            "type": "RECTANGLE",
            "tags": [
                "WindTurbine"
            ],
            "boundingBox": {
                "height": 183.56769563892757,
                "width": 137.76935171483288,
                "left": 30.137058778725628,
                "top": 25.58217270194986
            },
            "points": [
                {
                    "x": 30.137058778725628,
                    "y": 25.58217270194986
                },
                {
                    "x": 167.9064104935585,
                    "y": 25.58217270194986
                },
                {
                    "x": 167.9064104935585,
                    "y": 209.14986834087745
                },
                {
                    "x": 30.137058778725628,
                    "y": 209.14986834087745
                }
            ]
        }
    ],
    "version": "2.1.0"
}