{
    "asset": {
        "format": "JPG",
        "id": "1c284686d10209c218c96d0db9f6c3f1",
        "name": "1X1A0603.JPG",
        "path": "file:D:/MLDrones/matlab/yoloSimulinkDataWTFinal/swindturbinesSameSizes/1X1A0603.JPG",
        "size": {
            "width": 224,
            "height": 224
        },
        "state": 2,
        "type": 1
    },
    "regions": [
        {
            "id": "FhbitamVx",
            "type": "RECTANGLE",
            "tags": [
                "WindTurbine"
            ],
            "boundingBox": {
                "height": 97.025069637883,
                "width": 74.56267409470752,
                "left": 53.03621169916435,
                "top": 53.97214484679666
            },
            "points": [
                {
                    "x": 53.03621169916435,
                    "y": 53.97214484679666
                },
                {
                    "x": 127.59888579387187,
                    "y": 53.97214484679666
                },
                {
                    "x": 127.59888579387187,
                    "y": 150.99721448467966
                },
                {
                    "x": 53.03621169916435,
                    "y": 150.99721448467966
                }
            ]
        }
    ],
    "version": "2.1.0"
}