{
    "asset": {
        "format": "JPG",
        "id": "1c2a2abf77de04ca5fa69f018ab12eb5",
        "name": "1X1A9837.JPG",
        "path": "file:D:/MLDrones/matlab/yoloSimulinkDataWTFinal/swindturbinesSameSizes/1X1A9837.JPG",
        "size": {
            "width": 224,
            "height": 224
        },
        "state": 2,
        "type": 1
    },
    "regions": [
        {
            "id": "jiFaY3uf7",
            "type": "RECTANGLE",
            "tags": [
                "WindTurbine"
            ],
            "boundingBox": {
                "height": 120.17381044350627,
                "width": 88.6016713091922,
                "left": 63.206696661733986,
                "top": 47.29582363118036
            },
            "points": [
                {
                    "x": 63.206696661733986,
                    "y": 47.29582363118036
                },
                {
                    "x": 151.80836797092618,
                    "y": 47.29582363118036
                },
                {
                    "x": 151.80836797092618,
                    "y": 167.46963407468664
                },
                {
                    "x": 63.206696661733986,
                    "y": 167.46963407468664
                }
            ]
        }
    ],
    "version": "2.1.0"
}