{
    "asset": {
        "format": "JPG",
        "id": "1ca99e285ac278dbf6ec04d9adb3f2d5",
        "name": "1X1A0017.JPG",
        "path": "file:D:/MLDrones/matlab/yoloSimulinkDataWTFinal/swindturbinesSameSizes/1X1A0017.JPG",
        "size": {
            "width": 224,
            "height": 224
        },
        "state": 2,
        "type": 1
    },
    "regions": [
        {
            "id": "lZTRaMqdp",
            "type": "RECTANGLE",
            "tags": [
                "WindTurbine"
            ],
            "boundingBox": {
                "height": 214.76546246626916,
                "width": 193.5509920678099,
                "left": 11.792763372649722,
                "top": 0.24958312478238162
            },
            "points": [
                {
                    "x": 11.792763372649722,
                    "y": 0.24958312478238162
                },
                {
                    "x": 205.3437554404596,
                    "y": 0.24958312478238162
                },
                {
                    "x": 205.3437554404596,
                    "y": 215.01504559105155
                },
                {
                    "x": 11.792763372649722,
                    "y": 215.01504559105155
                }
            ]
        }
    ],
    "version": "2.1.0"
}