{
    "asset": {
        "format": "JPG",
        "id": "1caea30ed228080ba816eaa45f706c22",
        "name": "1X1A9872.JPG",
        "path": "file:D:/MLDrones/matlab/yoloSimulinkDataWTFinal/swindturbinesSameSizes/1X1A9872.JPG",
        "size": {
            "width": 224,
            "height": 224
        },
        "state": 2,
        "type": 1
    },
    "regions": [
        {
            "id": "B4U1WlH-R",
            "type": "RECTANGLE",
            "tags": [
                "WindTurbine"
            ],
            "boundingBox": {
                "height": 101.33036782947424,
                "width": 67.38718662952647,
                "left": 68.82229554752786,
                "top": 64.51699735593662
            },
            "points": [
                {
                    "x": 68.82229554752786,
                    "y": 64.51699735593662
                },
                {
                    "x": 136.20948217705433,
                    "y": 64.51699735593662
                },
                {
                    "x": 136.20948217705433,
                    "y": 165.84736518541087
                },
                {
                    "x": 68.82229554752786,
                    "y": 165.84736518541087
                }
            ]
        }
    ],
    "version": "2.1.0"
}