{
    "asset": {
        "format": "JPG",
        "id": "1cde2cb63117d0f1917e980a6eba142c",
        "name": "1X1A0305.JPG",
        "path": "file:D:/MLDrones/matlab/yoloSimulinkDataWTFinal/swindturbinesSameSizes/1X1A0305.JPG",
        "size": {
            "width": 224,
            "height": 224
        },
        "state": 2,
        "type": 1
    },
    "regions": [
        {
            "id": "mNvMKzKbK",
            "type": "RECTANGLE",
            "tags": [
                "WindTurbine"
            ],
            "boundingBox": {
                "height": 37.43732590529248,
                "width": 28.389972144846798,
                "left": 101.39275766016713,
                "top": 89.84958217270196
            },
            "points": [
                {
                    "x": 101.39275766016713,
                    "y": 89.84958217270196
                },
                {
                    "x": 129.7827298050139,
                    "y": 89.84958217270196
                },
                {
                    "x": 129.7827298050139,
                    "y": 127.28690807799441
                },
                {
                    "x": 101.39275766016713,
                    "y": 127.28690807799441
                }
            ]
        }
    ],
    "version": "2.1.0"
}