{
    "asset": {
        "format": "JPG",
        "id": "1d2ac3b078fe119b6ff13aaadecafd5a",
        "name": "1X1A0346.JPG",
        "path": "file:D:/MLDrones/matlab/yoloSimulinkDataWTFinal/swindturbinesSameSizes/1X1A0346.JPG",
        "size": {
            "width": 224,
            "height": 224
        },
        "state": 2,
        "type": 1
    },
    "regions": [
        {
            "id": "mvxALemHF",
            "type": "RECTANGLE",
            "tags": [
                "WindTurbine"
            ],
            "boundingBox": {
                "height": 53.34818941504179,
                "width": 41.49303621169916,
                "left": 80.49025069637884,
                "top": 102.01671309192201
            },
            "points": [
                {
                    "x": 80.49025069637884,
                    "y": 102.01671309192201
                },
                {
                    "x": 121.983286908078,
                    "y": 102.01671309192201
                },
                {
                    "x": 121.983286908078,
                    "y": 155.3649025069638
                },
                {
                    "x": 80.49025069637884,
                    "y": 155.3649025069638
                }
            ]
        }
    ],
    "version": "2.1.0"
}