{
    "asset": {
        "format": "JPG",
        "id": "1dbb5dace2d769fe41a7f8a8a4a87d88",
        "name": "1X1A9880.JPG",
        "path": "file:D:/MLDrones/matlab/yoloSimulinkDataWTFinal/swindturbinesSameSizes/1X1A9880.JPG",
        "size": {
            "width": 224,
            "height": 224
        },
        "state": 2,
        "type": 1
    },
    "regions": [
        {
            "id": "Fomsl-UM8",
            "type": "RECTANGLE",
            "tags": [
                "WindTurbine"
            ],
            "boundingBox": {
                "height": 110.1905330562326,
                "width": 71.13091922005572,
                "left": 77.18329452472145,
                "top": 95.2156026941156
            },
            "points": [
                {
                    "x": 77.18329452472145,
                    "y": 95.2156026941156
                },
                {
                    "x": 148.31421374477716,
                    "y": 95.2156026941156
                },
                {
                    "x": 148.31421374477716,
                    "y": 205.4061357503482
                },
                {
                    "x": 77.18329452472145,
                    "y": 205.4061357503482
                }
            ]
        }
    ],
    "version": "2.1.0"
}