{
    "asset": {
        "format": "JPG",
        "id": "1e360f6b3e98293b501712f43f1a73f0",
        "name": "1X1A0063.JPG",
        "path": "file:D:/MLDrones/matlab/yoloSimulinkDataWTFinal/swindturbinesSameSizes/1X1A0063.JPG",
        "size": {
            "width": 224,
            "height": 224
        },
        "state": 2,
        "type": 1
    },
    "regions": [
        {
            "id": "5HsPYzJrw",
            "type": "RECTANGLE",
            "tags": [
                "WindTurbine"
            ],
            "boundingBox": {
                "height": 187.93537890080955,
                "width": 154.36657000783427,
                "left": 19.155439371518106,
                "top": 13.976602623389624
            },
            "points": [
                {
                    "x": 19.155439371518106,
                    "y": 13.976602623389624
                },
                {
                    "x": 173.52200937935237,
                    "y": 13.976602623389624
                },
                {
                    "x": 173.52200937935237,
                    "y": 201.91198152419918
                },
                {
                    "x": 19.155439371518106,
                    "y": 201.91198152419918
                }
            ]
        }
    ],
    "version": "2.1.0"
}