{
    "asset": {
        "format": "JPG",
        "id": "1e848fd00b4ac703b3e0ce7af4500a89",
        "name": "1X1A0076.JPG",
        "path": "file:D:/MLDrones/matlab/yoloSimulinkDataWTFinal/swindturbinesSameSizes/1X1A0076.JPG",
        "size": {
            "width": 224,
            "height": 224
        },
        "state": 2,
        "type": 1
    },
    "regions": [
        {
            "id": "x6KhJo0vq",
            "type": "RECTANGLE",
            "tags": [
                "WindTurbine"
            ],
            "boundingBox": {
                "height": 163.35153631778812,
                "width": 153.49301717009052,
                "left": 63.83065209348886,
                "top": 0.49916386936368384
            },
            "points": [
                {
                    "x": 63.83065209348886,
                    "y": 0.49916386936368384
                },
                {
                    "x": 217.3236692635794,
                    "y": 0.49916386936368384
                },
                {
                    "x": 217.3236692635794,
                    "y": 163.8507001871518
                },
                {
                    "x": 63.83065209348886,
                    "y": 163.8507001871518
                }
            ]
        }
    ],
    "version": "2.1.0"
}