{
    "asset": {
        "format": "JPG",
        "id": "1ea2f23be6b3df74d304f0b63dd38057",
        "name": "1X1A9762.JPG",
        "path": "file:D:/MLDrones/matlab/yoloSimulinkDataWTFinal/swindturbinesSameSizes/1X1A9762.JPG",
        "size": {
            "width": 224,
            "height": 224
        },
        "state": 2,
        "type": 1
    },
    "regions": [
        {
            "id": "mpYAyn8IT",
            "type": "RECTANGLE",
            "tags": [
                "WindTurbine"
            ],
            "boundingBox": {
                "height": 169.09192200557104,
                "width": 137.8941504178273,
                "left": 48.66852367688023,
                "top": 53.97214484679666
            },
            "points": [
                {
                    "x": 48.66852367688023,
                    "y": 53.97214484679666
                },
                {
                    "x": 186.56267409470752,
                    "y": 53.97214484679666
                },
                {
                    "x": 186.56267409470752,
                    "y": 223.0640668523677
                },
                {
                    "x": 48.66852367688023,
                    "y": 223.0640668523677
                }
            ]
        }
    ],
    "version": "2.1.0"
}