{
    "asset": {
        "format": "JPG",
        "id": "1f18163b9f6e41193092354f514578f1",
        "name": "1X1A9958.JPG",
        "path": "file:D:/MLDrones/matlab/yoloSimulinkDataWTFinal/swindturbinesSameSizes/1X1A9958.JPG",
        "size": {
            "width": 224,
            "height": 224
        },
        "state": 2,
        "type": 1
    },
    "regions": [
        {
            "id": "PJoxFpsGp",
            "type": "RECTANGLE",
            "tags": [
                "WindTurbine"
            ],
            "boundingBox": {
                "height": 119.92424159993037,
                "width": 106.57159916869777,
                "left": 49.23007975713789,
                "top": 33.693593314763234
            },
            "points": [
                {
                    "x": 49.23007975713789,
                    "y": 33.693593314763234
                },
                {
                    "x": 155.80167892583566,
                    "y": 33.693593314763234
                },
                {
                    "x": 155.80167892583566,
                    "y": 153.6178349146936
                },
                {
                    "x": 49.23007975713789,
                    "y": 153.6178349146936
                }
            ]
        }
    ],
    "version": "2.1.0"
}