{
    "asset": {
        "format": "JPG",
        "id": "1f54f58223610ef9a4d89377818f3f22",
        "name": "1X1A9907.JPG",
        "path": "file:D:/MLDrones/matlab/yoloSimulinkDataWTFinal/swindturbinesSameSizes/1X1A9907.JPG",
        "size": {
            "width": 224,
            "height": 224
        },
        "state": 2,
        "type": 1
    },
    "regions": [
        {
            "id": "WeHDYbjVf",
            "type": "RECTANGLE",
            "tags": [
                "WindTurbine"
            ],
            "boundingBox": {
                "height": 90.59832202624477,
                "width": 64.76658524112118,
                "left": 85.79387186629526,
                "top": 46.92145132420787
            },
            "points": [
                {
                    "x": 85.79387186629526,
                    "y": 46.92145132420787
                },
                {
                    "x": 150.56045710741643,
                    "y": 46.92145132420787
                },
                {
                    "x": 150.56045710741643,
                    "y": 137.51977335045265
                },
                {
                    "x": 85.79387186629526,
                    "y": 137.51977335045265
                }
            ]
        }
    ],
    "version": "2.1.0"
}