{
    "asset": {
        "format": "JPG",
        "id": "1f67e5bf93e0b70e6e0770ec7a253087",
        "name": "1X1A0316.JPG",
        "path": "file:D:/MLDrones/matlab/yoloSimulinkDataWTFinal/swindturbinesSameSizes/1X1A0316.JPG",
        "size": {
            "width": 224,
            "height": 224
        },
        "state": 2,
        "type": 1
    },
    "regions": [
        {
            "id": "v5rZlXnZH",
            "type": "RECTANGLE",
            "tags": [
                "WindTurbine"
            ],
            "boundingBox": {
                "height": 37.43732590529248,
                "width": 28.389972144846798,
                "left": 87.66573816155989,
                "top": 162.54038997214485
            },
            "points": [
                {
                    "x": 87.66573816155989,
                    "y": 162.54038997214485
                },
                {
                    "x": 116.05571030640667,
                    "y": 162.54038997214485
                },
                {
                    "x": 116.05571030640667,
                    "y": 199.97771587743733
                },
                {
                    "x": 87.66573816155989,
                    "y": 199.97771587743733
                }
            ]
        }
    ],
    "version": "2.1.0"
}