{
    "asset": {
        "format": "JPG",
        "id": "1fb67ac3187a1b89eda2375663c6e53d",
        "name": "1X1A0078.JPG",
        "path": "file:D:/MLDrones/matlab/yoloSimulinkDataWTFinal/swindturbinesSameSizes/1X1A0078.JPG",
        "size": {
            "width": 224,
            "height": 224
        },
        "state": 2,
        "type": 1
    },
    "regions": [
        {
            "id": "51RRswx2U",
            "type": "RECTANGLE",
            "tags": [
                "WindTurbine"
            ],
            "boundingBox": {
                "height": 199.41615503677752,
                "width": 156.11363760010445,
                "left": 22.025638165912255,
                "top": 24.583844963222493
            },
            "points": [
                {
                    "x": 22.025638165912255,
                    "y": 24.583844963222493
                },
                {
                    "x": 178.1392757660167,
                    "y": 24.583844963222493
                },
                {
                    "x": 178.1392757660167,
                    "y": 224
                },
                {
                    "x": 22.025638165912255,
                    "y": 224
                }
            ]
        }
    ],
    "version": "2.1.0"
}