{
    "asset": {
        "format": "JPG",
        "id": "2002e68fe075dccf63f25e77b0972902",
        "name": "1X1A0102.JPG",
        "path": "file:D:/MLDrones/matlab/yoloSimulinkDataWTFinal/swindturbinesSameSizes/1X1A0102.JPG",
        "size": {
            "width": 224,
            "height": 224
        },
        "state": 2,
        "type": 1
    },
    "regions": [
        {
            "id": "tVNhmpc66",
            "type": "RECTANGLE",
            "tags": [
                "WindTurbine"
            ],
            "boundingBox": {
                "height": 172.08690284155205,
                "width": 147.00388448816156,
                "left": 33.56881365337744,
                "top": 19.716993071574688
            },
            "points": [
                {
                    "x": 33.56881365337744,
                    "y": 19.716993071574688
                },
                {
                    "x": 180.572698141539,
                    "y": 19.716993071574688
                },
                {
                    "x": 180.572698141539,
                    "y": 191.80389591312675
                },
                {
                    "x": 33.56881365337744,
                    "y": 191.80389591312675
                }
            ]
        }
    ],
    "version": "2.1.0"
}