{
    "asset": {
        "format": "JPG",
        "id": "20074eb3a83d210f4d89e3a59902bba1",
        "name": "1X1A0192.JPG",
        "path": "file:D:/MLDrones/matlab/yoloSimulinkDataWTFinal/swindturbinesSameSizes/1X1A0192.JPG",
        "size": {
            "width": 224,
            "height": 224
        },
        "state": 2,
        "type": 1
    },
    "regions": [
        {
            "id": "oB3Cv01Dk",
            "type": "RECTANGLE",
            "tags": [
                "WindTurbine"
            ],
            "boundingBox": {
                "height": 186.5002771234114,
                "width": 160.4813256223886,
                "left": 20.46574958652507,
                "top": 23.460725662103936
            },
            "points": [
                {
                    "x": 20.46574958652507,
                    "y": 23.460725662103936
                },
                {
                    "x": 180.94707520891365,
                    "y": 23.460725662103936
                },
                {
                    "x": 180.94707520891365,
                    "y": 209.96100278551532
                },
                {
                    "x": 20.46574958652507,
                    "y": 209.96100278551532
                }
            ]
        }
    ],
    "version": "2.1.0"
}