{
    "asset": {
        "format": "JPG",
        "id": "2041785563a8e25670b726e72c0b0d1b",
        "name": "1X1A0373.JPG",
        "path": "file:D:/MLDrones/matlab/yoloSimulinkDataWTFinal/swindturbinesSameSizes/1X1A0373.JPG",
        "size": {
            "width": 224,
            "height": 224
        },
        "state": 2,
        "type": 1
    },
    "regions": [
        {
            "id": "8dXDfy6Tm",
            "type": "RECTANGLE",
            "tags": [
                "WindTurbine"
            ],
            "boundingBox": {
                "height": 68.01114206128133,
                "width": 58.33983286908078,
                "left": 63.33147632311978,
                "top": 98.27298050139277
            },
            "points": [
                {
                    "x": 63.33147632311978,
                    "y": 98.27298050139277
                },
                {
                    "x": 121.67130919220058,
                    "y": 98.27298050139277
                },
                {
                    "x": 121.67130919220058,
                    "y": 166.2841225626741
                },
                {
                    "x": 63.33147632311978,
                    "y": 166.2841225626741
                }
            ]
        }
    ],
    "version": "2.1.0"
}