{
    "asset": {
        "format": "JPG",
        "id": "20cbd19ee754eebf8d35a60baf47c6c5",
        "name": "1X1A0366.JPG",
        "path": "file:D:/MLDrones/matlab/yoloSimulinkDataWTFinal/swindturbinesSameSizes/1X1A0366.JPG",
        "size": {
            "width": 224,
            "height": 224
        },
        "state": 2,
        "type": 1
    },
    "regions": [
        {
            "id": "vTsg1ojZj",
            "type": "RECTANGLE",
            "tags": [
                "WindTurbine"
            ],
            "boundingBox": {
                "height": 68.01114206128133,
                "width": 58.33983286908078,
                "left": 73.93871866295265,
                "top": 78.93036211699165
            },
            "points": [
                {
                    "x": 73.93871866295265,
                    "y": 78.93036211699165
                },
                {
                    "x": 132.27855153203345,
                    "y": 78.93036211699165
                },
                {
                    "x": 132.27855153203345,
                    "y": 146.941504178273
                },
                {
                    "x": 73.93871866295265,
                    "y": 146.941504178273
                }
            ]
        }
    ],
    "version": "2.1.0"
}