{
    "asset": {
        "format": "JPG",
        "id": "221049efe1c662efdccd4354f4876648",
        "name": "1X1A0104.JPG",
        "path": "file:D:/MLDrones/matlab/yoloSimulinkDataWTFinal/swindturbinesSameSizes/1X1A0104.JPG",
        "size": {
            "width": 224,
            "height": 224
        },
        "state": 2,
        "type": 1
    },
    "regions": [
        {
            "id": "w2UV5A_md",
            "type": "RECTANGLE",
            "tags": [
                "WindTurbine"
            ],
            "boundingBox": {
                "height": 170.3398328690808,
                "width": 149.06294883791784,
                "left": 30.885793871866294,
                "top": 53.66016713091922
            },
            "points": [
                {
                    "x": 30.885793871866294,
                    "y": 53.66016713091922
                },
                {
                    "x": 179.9487427097841,
                    "y": 53.66016713091922
                },
                {
                    "x": 179.9487427097841,
                    "y": 224
                },
                {
                    "x": 30.885793871866294,
                    "y": 224
                }
            ]
        }
    ],
    "version": "2.1.0"
}