{
    "asset": {
        "format": "JPG",
        "id": "2226020c3be1942ebeee6b3904d840ca",
        "name": "1X1A0193.JPG",
        "path": "file:D:/MLDrones/matlab/yoloSimulinkDataWTFinal/swindturbinesSameSizes/1X1A0193.JPG",
        "size": {
            "width": 224,
            "height": 224
        },
        "state": 2,
        "type": 1
    },
    "regions": [
        {
            "id": "lyKKo46uR",
            "type": "RECTANGLE",
            "tags": [
                "WindTurbine"
            ],
            "boundingBox": {
                "height": 176.82896793121083,
                "width": 153.30583815720752,
                "left": 18.905861007137883,
                "top": 21.588859366839312
            },
            "points": [
                {
                    "x": 18.905861007137883,
                    "y": 21.588859366839312
                },
                {
                    "x": 172.21169916434542,
                    "y": 21.588859366839312
                },
                {
                    "x": 172.21169916434542,
                    "y": 198.41782729805016
                },
                {
                    "x": 18.905861007137883,
                    "y": 198.41782729805016
                }
            ]
        }
    ],
    "version": "2.1.0"
}