{
    "asset": {
        "format": "JPG",
        "id": "225ec7ab2121a6df849d4dcb9f1e00ec",
        "name": "1X1A0132.JPG",
        "path": "file:D:/MLDrones/matlab/yoloSimulinkDataWTFinal/swindturbinesSameSizes/1X1A0132.JPG",
        "size": {
            "width": 224,
            "height": 224
        },
        "state": 2,
        "type": 1
    },
    "regions": [
        {
            "id": "LnYKrY7CK",
            "type": "RECTANGLE",
            "tags": [
                "WindTurbine"
            ],
            "boundingBox": {
                "height": 129.47075208913648,
                "width": 158.9214370430014,
                "left": 63.83065209348886,
                "top": 0
            },
            "points": [
                {
                    "x": 63.83065209348886,
                    "y": 0
                },
                {
                    "x": 222.75208913649027,
                    "y": 0
                },
                {
                    "x": 222.75208913649027,
                    "y": 129.47075208913648
                },
                {
                    "x": 63.83065209348886,
                    "y": 129.47075208913648
                }
            ]
        }
    ],
    "version": "2.1.0"
}