{
    "asset": {
        "format": "JPG",
        "id": "22c6844fd7a2af05361867333934499d",
        "name": "1X1A0349.JPG",
        "path": "file:D:/MLDrones/matlab/yoloSimulinkDataWTFinal/swindturbinesSameSizes/1X1A0349.JPG",
        "size": {
            "width": 224,
            "height": 224
        },
        "state": 2,
        "type": 1
    },
    "regions": [
        {
            "id": "DqX8gCn1t",
            "type": "RECTANGLE",
            "tags": [
                "WindTurbine"
            ],
            "boundingBox": {
                "height": 61.77158774373259,
                "width": 44.92479108635098,
                "left": 96.0891364902507,
                "top": 73.93871866295265
            },
            "points": [
                {
                    "x": 96.0891364902507,
                    "y": 73.93871866295265
                },
                {
                    "x": 141.01392757660167,
                    "y": 73.93871866295265
                },
                {
                    "x": 141.01392757660167,
                    "y": 135.71030640668522
                },
                {
                    "x": 96.0891364902507,
                    "y": 135.71030640668522
                }
            ]
        }
    ],
    "version": "2.1.0"
}