{
    "asset": {
        "format": "JPG",
        "id": "23f54d017544b30235e08999c10bd642",
        "name": "1X1A0169.JPG",
        "path": "file:D:/MLDrones/matlab/yoloSimulinkDataWTFinal/swindturbinesSameSizes/1X1A0169.JPG",
        "size": {
            "width": 224,
            "height": 224
        },
        "state": 2,
        "type": 1
    },
    "regions": [
        {
            "id": "M_ar9wsXK",
            "type": "RECTANGLE",
            "tags": [
                "WindTurbine"
            ],
            "boundingBox": {
                "height": 171.77492512567463,
                "width": 156.11363760010445,
                "left": 2.9949974973885793,
                "top": 51.91309715844795
            },
            "points": [
                {
                    "x": 2.9949974973885793,
                    "y": 51.91309715844795
                },
                {
                    "x": 159.10863509749305,
                    "y": 51.91309715844795
                },
                {
                    "x": 159.10863509749305,
                    "y": 223.68802228412258
                },
                {
                    "x": 2.9949974973885793,
                    "y": 223.68802228412258
                }
            ]
        }
    ],
    "version": "2.1.0"
}