{
    "asset": {
        "format": "JPG",
        "id": "2463e012a5ddb9df4aa9ecb8242c5b93",
        "name": "1X1A9905.JPG",
        "path": "file:D:/MLDrones/matlab/yoloSimulinkDataWTFinal/swindturbinesSameSizes/1X1A9905.JPG",
        "size": {
            "width": 224,
            "height": 224
        },
        "state": 2,
        "type": 1
    },
    "regions": [
        {
            "id": "xazYN0VRF",
            "type": "RECTANGLE",
            "tags": [
                "WindTurbine"
            ],
            "boundingBox": {
                "height": 90.59832678664694,
                "width": 59.40054567809889,
                "left": 85.29471513753482,
                "top": 85.10752660384749
            },
            "points": [
                {
                    "x": 85.29471513753482,
                    "y": 85.10752660384749
                },
                {
                    "x": 144.6952608156337,
                    "y": 85.10752660384749
                },
                {
                    "x": 144.6952608156337,
                    "y": 175.70585339049444
                },
                {
                    "x": 85.29471513753482,
                    "y": 175.70585339049444
                }
            ]
        }
    ],
    "version": "2.1.0"
}