{
    "asset": {
        "format": "JPG",
        "id": "24702177f6d970ea08143f326f9d54e6",
        "name": "1X1A9937.JPG",
        "path": "file:D:/MLDrones/matlab/yoloSimulinkDataWTFinal/swindturbinesSameSizes/1X1A9937.JPG",
        "size": {
            "width": 224,
            "height": 224
        },
        "state": 2,
        "type": 1
    },
    "regions": [
        {
            "id": "LY-LrGNaj",
            "type": "RECTANGLE",
            "tags": [
                "WindTurbine"
            ],
            "boundingBox": {
                "height": 170.0902497442984,
                "width": 147.00388448816156,
                "left": 52.22507725452646,
                "top": 11.480780896370126
            },
            "points": [
                {
                    "x": 52.22507725452646,
                    "y": 11.480780896370126
                },
                {
                    "x": 199.22896174268803,
                    "y": 11.480780896370126
                },
                {
                    "x": 199.22896174268803,
                    "y": 181.57103064066854
                },
                {
                    "x": 52.22507725452646,
                    "y": 181.57103064066854
                }
            ]
        }
    ],
    "version": "2.1.0"
}