{
    "asset": {
        "format": "JPG",
        "id": "2504560c1342093f8db3ba1c8cf316df",
        "name": "1X1A9808.JPG",
        "path": "file:D:/MLDrones/matlab/yoloSimulinkDataWTFinal/swindturbinesSameSizes/1X1A9808.JPG",
        "size": {
            "width": 224,
            "height": 224
        },
        "state": 2,
        "type": 1
    },
    "regions": [
        {
            "id": "t9htd9NCA",
            "type": "RECTANGLE",
            "tags": [
                "WindTurbine"
            ],
            "boundingBox": {
                "height": 120.79777539606546,
                "width": 86.72980501392757,
                "left": 79.17994048137187,
                "top": 59.27576601671309
            },
            "points": [
                {
                    "x": 79.17994048137187,
                    "y": 59.27576601671309
                },
                {
                    "x": 165.90974549529946,
                    "y": 59.27576601671309
                },
                {
                    "x": 165.90974549529946,
                    "y": 180.07354141277855
                },
                {
                    "x": 79.17994048137187,
                    "y": 180.07354141277855
                }
            ]
        }
    ],
    "version": "2.1.0"
}