{
    "asset": {
        "format": "JPG",
        "id": "25707b60431271b2f5a8ec021506aab5",
        "name": "1X1A0019.JPG",
        "path": "file:D:/MLDrones/matlab/yoloSimulinkDataWTFinal/swindturbinesSameSizes/1X1A0019.JPG",
        "size": {
            "width": 224,
            "height": 224
        },
        "state": 2,
        "type": 1
    },
    "regions": [
        {
            "id": "_PmdRnI4P",
            "type": "RECTANGLE",
            "tags": [
                "WindTurbine"
            ],
            "boundingBox": {
                "height": 223.62562531282643,
                "width": 215.13985381485028,
                "left": 0.8111439654422006,
                "top": 0.3743746871735724
            },
            "points": [
                {
                    "x": 0.8111439654422006,
                    "y": 0.3743746871735724
                },
                {
                    "x": 215.95099778029248,
                    "y": 0.3743746871735724
                },
                {
                    "x": 215.95099778029248,
                    "y": 224
                },
                {
                    "x": 0.8111439654422006,
                    "y": 224
                }
            ]
        }
    ],
    "version": "2.1.0"
}