{
    "asset": {
        "format": "JPG",
        "id": "25af594a2575a599816bd61ba961bf1f",
        "name": "1X1A0335.JPG",
        "path": "file:D:/MLDrones/matlab/yoloSimulinkDataWTFinal/swindturbinesSameSizes/1X1A0335.JPG",
        "size": {
            "width": 224,
            "height": 224
        },
        "state": 2,
        "type": 1
    },
    "regions": [
        {
            "id": "mFhpHzAsp",
            "type": "RECTANGLE",
            "tags": [
                "WindTurbine"
            ],
            "boundingBox": {
                "height": 58.27743351758357,
                "width": 48.4189453125,
                "left": 82.17493797876045,
                "top": 86.10584958217271
            },
            "points": [
                {
                    "x": 82.17493797876045,
                    "y": 86.10584958217271
                },
                {
                    "x": 130.59388329126045,
                    "y": 86.10584958217271
                },
                {
                    "x": 130.59388329126045,
                    "y": 144.38328309975628
                },
                {
                    "x": 82.17493797876045,
                    "y": 144.38328309975628
                }
            ]
        }
    ],
    "version": "2.1.0"
}