{
    "asset": {
        "format": "JPG",
        "id": "27588abb324d7aff7d04c6ee5ba8fe19",
        "name": "1X1A9869.JPG",
        "path": "file:D:/MLDrones/matlab/yoloSimulinkDataWTFinal/swindturbinesSameSizes/1X1A9869.JPG",
        "size": {
            "width": 224,
            "height": 224
        },
        "state": 2,
        "type": 1
    },
    "regions": [
        {
            "id": "bprWaW0Cg",
            "type": "RECTANGLE",
            "tags": [
                "WindTurbine"
            ],
            "boundingBox": {
                "height": 113.06072232982243,
                "width": 83.11087112639277,
                "left": 70.81894150417827,
                "top": 43.55209104065111
            },
            "points": [
                {
                    "x": 70.81894150417827,
                    "y": 43.55209104065111
                },
                {
                    "x": 153.92981263057104,
                    "y": 43.55209104065111
                },
                {
                    "x": 153.92981263057104,
                    "y": 156.61281337047353
                },
                {
                    "x": 70.81894150417827,
                    "y": 156.61281337047353
                }
            ]
        }
    ],
    "version": "2.1.0"
}