{
    "asset": {
        "format": "JPG",
        "id": "275bd0f8a5fa26fa679e4fcd752c03f7",
        "name": "1X1A0094.JPG",
        "path": "file:D:/MLDrones/matlab/yoloSimulinkDataWTFinal/swindturbinesSameSizes/1X1A0094.JPG",
        "size": {
            "width": 224,
            "height": 224
        },
        "state": 2,
        "type": 1
    },
    "regions": [
        {
            "id": "nELsrCg_b",
            "type": "RECTANGLE",
            "tags": [
                "WindTurbine"
            ],
            "boundingBox": {
                "height": 172.08690284155205,
                "width": 147.00388448816156,
                "left": 24.83343760880919,
                "top": 14.413371901658252
            },
            "points": [
                {
                    "x": 24.83343760880919,
                    "y": 14.413371901658252
                },
                {
                    "x": 171.83732209697075,
                    "y": 14.413371901658252
                },
                {
                    "x": 171.83732209697075,
                    "y": 186.5002747432103
                },
                {
                    "x": 24.83343760880919,
                    "y": 186.5002747432103
                }
            ]
        }
    ],
    "version": "2.1.0"
}