{
    "asset": {
        "format": "JPG",
        "id": "277b1349c3815cab79a67d4104fdcda4",
        "name": "1X1A9881.JPG",
        "path": "file:D:/MLDrones/matlab/yoloSimulinkDataWTFinal/swindturbinesSameSizes/1X1A9881.JPG",
        "size": {
            "width": 224,
            "height": 224
        },
        "state": 2,
        "type": 1
    },
    "regions": [
        {
            "id": "_c5GKN3I6",
            "type": "RECTANGLE",
            "tags": [
                "WindTurbine"
            ],
            "boundingBox": {
                "height": 107.94429921439763,
                "width": 62.270744472493035,
                "left": 79.3047391843663,
                "top": 109.06741137491295
            },
            "points": [
                {
                    "x": 79.3047391843663,
                    "y": 109.06741137491295
                },
                {
                    "x": 141.57548365685935,
                    "y": 109.06741137491295
                },
                {
                    "x": 141.57548365685935,
                    "y": 217.01171058931058
                },
                {
                    "x": 79.3047391843663,
                    "y": 217.01171058931058
                }
            ]
        }
    ],
    "version": "2.1.0"
}