{
    "asset": {
        "format": "JPG",
        "id": "27aafeb9625021549d9976691f37cc5f",
        "name": "1X1A0013.JPG",
        "path": "file:D:/MLDrones/matlab/yoloSimulinkDataWTFinal/swindturbinesSameSizes/1X1A0013.JPG",
        "size": {
            "width": 224,
            "height": 224
        },
        "state": 2,
        "type": 1
    },
    "regions": [
        {
            "id": "dbuVqLvUs",
            "type": "RECTANGLE",
            "tags": [
                "WindTurbine"
            ],
            "boundingBox": {
                "height": 183.31810775374305,
                "width": 132.65292859940809,
                "left": 34.255149395020894,
                "top": 19.84178463396588
            },
            "points": [
                {
                    "x": 34.255149395020894,
                    "y": 19.84178463396588
                },
                {
                    "x": 166.90807799442896,
                    "y": 19.84178463396588
                },
                {
                    "x": 166.90807799442896,
                    "y": 203.1598923877089
                },
                {
                    "x": 34.255149395020894,
                    "y": 203.1598923877089
                }
            ]
        }
    ],
    "version": "2.1.0"
}