{
    "asset": {
        "format": "JPG",
        "id": "27bf854bc0c60c2453abd08891251054",
        "name": "1X1A0099.JPG",
        "path": "file:D:/MLDrones/matlab/yoloSimulinkDataWTFinal/swindturbinesSameSizes/1X1A0099.JPG",
        "size": {
            "width": 224,
            "height": 224
        },
        "state": 2,
        "type": 1
    },
    "regions": [
        {
            "id": "ZR9--oY-w",
            "type": "RECTANGLE",
            "tags": [
                "WindTurbine"
            ],
            "boundingBox": {
                "height": 172.08690284155205,
                "width": 147.00388448816156,
                "left": 18.281905575383007,
                "top": 39.37158917185324
            },
            "points": [
                {
                    "x": 18.281905575383007,
                    "y": 39.37158917185324
                },
                {
                    "x": 165.28579006354457,
                    "y": 39.37158917185324
                },
                {
                    "x": 165.28579006354457,
                    "y": 211.4584920134053
                },
                {
                    "x": 18.281905575383007,
                    "y": 211.4584920134053
                }
            ]
        }
    ],
    "version": "2.1.0"
}