{
    "asset": {
        "format": "JPG",
        "id": "28885d3f39a578bff82e24cbbddf01d7",
        "name": "1X1A9810.JPG",
        "path": "file:D:/MLDrones/matlab/yoloSimulinkDataWTFinal/swindturbinesSameSizes/1X1A9810.JPG",
        "size": {
            "width": 224,
            "height": 224
        },
        "state": 2,
        "type": 1
    },
    "regions": [
        {
            "id": "RpOgOVl3-",
            "type": "RECTANGLE",
            "tags": [
                "WindTurbine"
            ],
            "boundingBox": {
                "height": 123.16880794089485,
                "width": 84.35878198990251,
                "left": 80.17827298050139,
                "top": 51.28913458608984
            },
            "points": [
                {
                    "x": 80.17827298050139,
                    "y": 51.28913458608984
                },
                {
                    "x": 164.53705497040391,
                    "y": 51.28913458608984
                },
                {
                    "x": 164.53705497040391,
                    "y": 174.45794252698468
                },
                {
                    "x": 80.17827298050139,
                    "y": 174.45794252698468
                }
            ]
        }
    ],
    "version": "2.1.0"
}