{
    "asset": {
        "format": "JPG",
        "id": "2896284df570294eab11dbb359d4c531",
        "name": "1X1A0114.JPG",
        "path": "file:D:/MLDrones/matlab/yoloSimulinkDataWTFinal/swindturbinesSameSizes/1X1A0114.JPG",
        "size": {
            "width": 224,
            "height": 224
        },
        "state": 2,
        "type": 1
    },
    "regions": [
        {
            "id": "oHxpGOSLK",
            "type": "RECTANGLE",
            "tags": [
                "WindTurbine"
            ],
            "boundingBox": {
                "height": 171.21336904541695,
                "width": 149.99888198555016,
                "left": 7.4874651810584965,
                "top": 19.40501535569725
            },
            "points": [
                {
                    "x": 7.4874651810584965,
                    "y": 19.40501535569725
                },
                {
                    "x": 157.48634716660865,
                    "y": 19.40501535569725
                },
                {
                    "x": 157.48634716660865,
                    "y": 190.6183844011142
                },
                {
                    "x": 7.4874651810584965,
                    "y": 190.6183844011142
                }
            ]
        }
    ],
    "version": "2.1.0"
}