{
    "asset": {
        "format": "JPG",
        "id": "28d636204bb3e990e255486cb288bdff",
        "name": "1X1A9878.JPG",
        "path": "file:D:/MLDrones/matlab/yoloSimulinkDataWTFinal/swindturbinesSameSizes/1X1A9878.JPG",
        "size": {
            "width": 224,
            "height": 224
        },
        "state": 2,
        "type": 1
    },
    "regions": [
        {
            "id": "NtB-a3O8X",
            "type": "RECTANGLE",
            "tags": [
                "WindTurbine"
            ],
            "boundingBox": {
                "height": 108.69304382834262,
                "width": 68.63509749303621,
                "left": 78.68078375261142,
                "top": 100.83120157990948
            },
            "points": [
                {
                    "x": 78.68078375261142,
                    "y": 100.83120157990948
                },
                {
                    "x": 147.31588124564763,
                    "y": 100.83120157990948
                },
                {
                    "x": 147.31588124564763,
                    "y": 209.52424540825209
                },
                {
                    "x": 78.68078375261142,
                    "y": 209.52424540825209
                }
            ]
        }
    ],
    "version": "2.1.0"
}