{
    "asset": {
        "format": "JPG",
        "id": "29275b3b3885271dbfe7a3d6db789517",
        "name": "1X1A0315.JPG",
        "path": "file:D:/MLDrones/matlab/yoloSimulinkDataWTFinal/swindturbinesSameSizes/1X1A0315.JPG",
        "size": {
            "width": 224,
            "height": 224
        },
        "state": 2,
        "type": 1
    },
    "regions": [
        {
            "id": "mHr_BNhZt",
            "type": "RECTANGLE",
            "tags": [
                "WindTurbine"
            ],
            "boundingBox": {
                "height": 32.44568245125348,
                "width": 28.389972144846798,
                "left": 90.47353760445682,
                "top": 176.26740947075209
            },
            "points": [
                {
                    "x": 90.47353760445682,
                    "y": 176.26740947075209
                },
                {
                    "x": 118.86350974930363,
                    "y": 176.26740947075209
                },
                {
                    "x": 118.86350974930363,
                    "y": 208.7130919220056
                },
                {
                    "x": 90.47353760445682,
                    "y": 208.7130919220056
                }
            ]
        }
    ],
    "version": "2.1.0"
}