{
    "asset": {
        "format": "JPG",
        "id": "29a0b4908e9ec7b498e20dfeb5c3fa9e",
        "name": "1X1A0032.JPG",
        "path": "file:D:/MLDrones/matlab/yoloSimulinkDataWTFinal/swindturbinesSameSizes/1X1A0032.JPG",
        "size": {
            "width": 224,
            "height": 224
        },
        "state": 2,
        "type": 1
    },
    "regions": [
        {
            "id": "MjZNs-evJ",
            "type": "RECTANGLE",
            "tags": [
                "WindTurbine"
            ],
            "boundingBox": {
                "height": 191.8039101943332,
                "width": 157.48635668741295,
                "left": 14.538163464049443,
                "top": 25.20780039497737
            },
            "points": [
                {
                    "x": 14.538163464049443,
                    "y": 25.20780039497737
                },
                {
                    "x": 172.0245201514624,
                    "y": 25.20780039497737
                },
                {
                    "x": 172.0245201514624,
                    "y": 217.01171058931058
                },
                {
                    "x": 14.538163464049443,
                    "y": 217.01171058931058
                }
            ]
        }
    ],
    "version": "2.1.0"
}