{
    "asset": {
        "format": "JPG",
        "id": "29a5c0b65447c2cba3ba6bcabd561026",
        "name": "1X1A9815.JPG",
        "path": "file:D:/MLDrones/matlab/yoloSimulinkDataWTFinal/swindturbinesSameSizes/1X1A9815.JPG",
        "size": {
            "width": 224,
            "height": 224
        },
        "state": 2,
        "type": 1
    },
    "regions": [
        {
            "id": "I93Uk804H",
            "type": "RECTANGLE",
            "tags": [
                "WindTurbine"
            ],
            "boundingBox": {
                "height": 100.20723662735028,
                "width": 72.62840844794569,
                "left": 86.29304763666435,
                "top": 64.51699735593662
            },
            "points": [
                {
                    "x": 86.29304763666435,
                    "y": 64.51699735593662
                },
                {
                    "x": 158.92145608461004,
                    "y": 64.51699735593662
                },
                {
                    "x": 158.92145608461004,
                    "y": 164.72423398328692
                },
                {
                    "x": 86.29304763666435,
                    "y": 164.72423398328692
                }
            ]
        }
    ],
    "version": "2.1.0"
}