{
    "asset": {
        "format": "JPG",
        "id": "2ac301eee9558e2413da4bd73a0639b3",
        "name": "1X1A0300.JPG",
        "path": "file:D:/MLDrones/matlab/yoloSimulinkDataWTFinal/swindturbinesSameSizes/1X1A0300.JPG",
        "size": {
            "width": 224,
            "height": 224
        },
        "state": 2,
        "type": 1
    },
    "regions": [
        {
            "id": "T0yHA-xpO",
            "type": "RECTANGLE",
            "tags": [
                "WindTurbine"
            ],
            "boundingBox": {
                "height": 59.275766016713085,
                "width": 50.54038997214485,
                "left": 88.28969359331477,
                "top": 78.61838440111421
            },
            "points": [
                {
                    "x": 88.28969359331477,
                    "y": 78.61838440111421
                },
                {
                    "x": 138.8300835654596,
                    "y": 78.61838440111421
                },
                {
                    "x": 138.8300835654596,
                    "y": 137.8941504178273
                },
                {
                    "x": 88.28969359331477,
                    "y": 137.8941504178273
                }
            ]
        }
    ],
    "version": "2.1.0"
}