{
    "asset": {
        "format": "JPG",
        "id": "2adca519963848c1899885dcc36746bb",
        "name": "1X1A9807.JPG",
        "path": "file:D:/MLDrones/matlab/yoloSimulinkDataWTFinal/swindturbinesSameSizes/1X1A9807.JPG",
        "size": {
            "width": 224,
            "height": 224
        },
        "state": 2,
        "type": 1
    },
    "regions": [
        {
            "id": "KYPt6IJBG",
            "type": "RECTANGLE",
            "tags": [
                "WindTurbine"
            ],
            "boundingBox": {
                "height": 133.526457635141,
                "width": 88.6016713091922,
                "left": 79.42953788736072,
                "top": 44.55041877937848
            },
            "points": [
                {
                    "x": 79.42953788736072,
                    "y": 44.55041877937848
                },
                {
                    "x": 168.03120919655294,
                    "y": 44.55041877937848
                },
                {
                    "x": 168.03120919655294,
                    "y": 178.0768764145195
                },
                {
                    "x": 79.42953788736072,
                    "y": 178.0768764145195
                }
            ]
        }
    ],
    "version": "2.1.0"
}