{
    "asset": {
        "format": "JPG",
        "id": "2b6c83ef1e88b8d0d99b9c1ff0a0abce",
        "name": "1X1A0298.JPG",
        "path": "file:D:/MLDrones/matlab/yoloSimulinkDataWTFinal/swindturbinesSameSizes/1X1A0298.JPG",
        "size": {
            "width": 224,
            "height": 224
        },
        "state": 2,
        "type": 1
    },
    "regions": [
        {
            "id": "R3v9vZBkB",
            "type": "RECTANGLE",
            "tags": [
                "WindTurbine"
            ],
            "boundingBox": {
                "height": 82.36211699164346,
                "width": 72.37883008356546,
                "left": 75.1866295264624,
                "top": 68.63509749303621
            },
            "points": [
                {
                    "x": 75.1866295264624,
                    "y": 68.63509749303621
                },
                {
                    "x": 147.56545961002786,
                    "y": 68.63509749303621
                },
                {
                    "x": 147.56545961002786,
                    "y": 150.99721448467966
                },
                {
                    "x": 75.1866295264624,
                    "y": 150.99721448467966
                }
            ]
        }
    ],
    "version": "2.1.0"
}