{
    "asset": {
        "format": "JPG",
        "id": "2ba0df529cf1f49dd9b2d700695606ca",
        "name": "1X1A0125.JPG",
        "path": "file:D:/MLDrones/matlab/yoloSimulinkDataWTFinal/swindturbinesSameSizes/1X1A0125.JPG",
        "size": {
            "width": 224,
            "height": 224
        },
        "state": 2,
        "type": 1
    },
    "regions": [
        {
            "id": "unFdLaC6vy",
            "type": "RECTANGLE",
            "tags": [
                "WindTurbine"
            ],
            "boundingBox": {
                "height": 182.81894150417827,
                "width": 154.4289693593315,
                "left": 39.93314763231198,
                "top": 0
            },
            "points": [
                {
                    "x": 39.93314763231198,
                    "y": 0
                },
                {
                    "x": 194.36211699164346,
                    "y": 0
                },
                {
                    "x": 194.36211699164346,
                    "y": 182.81894150417827
                },
                {
                    "x": 39.93314763231198,
                    "y": 182.81894150417827
                }
            ]
        }
    ],
    "version": "2.1.0"
}