{
    "asset": {
        "format": "JPG",
        "id": "2ce7a9ffec8d14584077113cd32b3ffd",
        "name": "1X1A0247.JPG",
        "path": "file:D:/MLDrones/matlab/yoloSimulinkDataWTFinal/swindturbinesSameSizes/1X1A0247.JPG",
        "size": {
            "width": 224,
            "height": 224
        },
        "state": 2,
        "type": 1
    },
    "regions": [
        {
            "id": "s5h-DvKo3",
            "type": "RECTANGLE",
            "tags": [
                "WindTurbine"
            ],
            "boundingBox": {
                "height": 156.86239411505485,
                "width": 147.50306025853064,
                "left": 0.6863547832520892,
                "top": 0.3743746871735724
            },
            "points": [
                {
                    "x": 0.6863547832520892,
                    "y": 0.3743746871735724
                },
                {
                    "x": 148.18941504178272,
                    "y": 0.3743746871735724
                },
                {
                    "x": 148.18941504178272,
                    "y": 157.23676880222843
                },
                {
                    "x": 0.6863547832520892,
                    "y": 157.23676880222843
                }
            ]
        }
    ],
    "version": "2.1.0"
}