{
    "asset": {
        "format": "JPG",
        "id": "2d3ae80c9648df5af768ca50263e22e3",
        "name": "1X1A0807.JPG",
        "path": "file:D:/MLDrones/matlab/yoloSimulinkDataWTFinal/swindturbinesSameSizes/1X1A0807.JPG",
        "size": {
            "width": 224,
            "height": 224
        },
        "state": 2,
        "type": 1
    },
    "regions": [
        {
            "id": "kzIQ0V7er",
            "type": "RECTANGLE",
            "tags": [
                "WindTurbine"
            ],
            "boundingBox": {
                "height": 134.15041782729804,
                "width": 100.76880222841226,
                "left": 67.38718662952647,
                "top": 12.167130919220057
            },
            "points": [
                {
                    "x": 67.38718662952647,
                    "y": 12.167130919220057
                },
                {
                    "x": 168.15598885793872,
                    "y": 12.167130919220057
                },
                {
                    "x": 168.15598885793872,
                    "y": 146.3175487465181
                },
                {
                    "x": 67.38718662952647,
                    "y": 146.3175487465181
                }
            ]
        }
    ],
    "version": "2.1.0"
}