{
    "asset": {
        "format": "JPG",
        "id": "2e90cdbb76fecb2d7b8fabc1b41bd35b",
        "name": "1X1A0287.JPG",
        "path": "file:D:/MLDrones/matlab/yoloSimulinkDataWTFinal/swindturbinesSameSizes/1X1A0287.JPG",
        "size": {
            "width": 224,
            "height": 224
        },
        "state": 2,
        "type": 1
    },
    "regions": [
        {
            "id": "YowdSo4jx",
            "type": "RECTANGLE",
            "tags": [
                "WindTurbine"
            ],
            "boundingBox": {
                "height": 76.43454038997214,
                "width": 53.66016713091921,
                "left": 76.74651810584959,
                "top": 82.6740947075209
            },
            "points": [
                {
                    "x": 76.74651810584959,
                    "y": 82.6740947075209
                },
                {
                    "x": 130.4066852367688,
                    "y": 82.6740947075209
                },
                {
                    "x": 130.4066852367688,
                    "y": 159.10863509749305
                },
                {
                    "x": 76.74651810584959,
                    "y": 159.10863509749305
                }
            ]
        }
    ],
    "version": "2.1.0"
}