{
    "asset": {
        "format": "JPG",
        "id": "2ed7cb0466dd40214cc59715db766b45",
        "name": "1X1A0025.JPG",
        "path": "file:D:/MLDrones/matlab/yoloSimulinkDataWTFinal/swindturbinesSameSizes/1X1A0025.JPG",
        "size": {
            "width": 224,
            "height": 224
        },
        "state": 2,
        "type": 1
    },
    "regions": [
        {
            "id": "L5rhHBwSy",
            "type": "RECTANGLE",
            "tags": [
                "WindTurbine"
            ],
            "boundingBox": {
                "height": 223.7504168752176,
                "width": 216.63734304274027,
                "left": 0.43676689806754876,
                "top": 0.24958312478238162
            },
            "points": [
                {
                    "x": 0.43676689806754876,
                    "y": 0.24958312478238162
                },
                {
                    "x": 217.0741099408078,
                    "y": 0.24958312478238162
                },
                {
                    "x": 217.0741099408078,
                    "y": 224
                },
                {
                    "x": 0.43676689806754876,
                    "y": 224
                }
            ]
        }
    ],
    "version": "2.1.0"
}