{
    "asset": {
        "format": "JPG",
        "id": "2fff53126cd343f88bd77a8f6182ae80",
        "name": "1X1A0275.JPG",
        "path": "file:D:/MLDrones/matlab/yoloSimulinkDataWTFinal/swindturbinesSameSizes/1X1A0275.JPG",
        "size": {
            "width": 224,
            "height": 224
        },
        "state": 2,
        "type": 1
    },
    "regions": [
        {
            "id": "NxtcVqyUNm",
            "type": "RECTANGLE",
            "tags": [
                "WindTurbine"
            ],
            "boundingBox": {
                "height": 112.62395543175488,
                "width": 77.37047353760445,
                "left": 53.036211699164355,
                "top": 66.13927576601671
            },
            "points": [
                {
                    "x": 53.036211699164355,
                    "y": 66.13927576601671
                },
                {
                    "x": 130.4066852367688,
                    "y": 66.13927576601671
                },
                {
                    "x": 130.4066852367688,
                    "y": 178.7632311977716
                },
                {
                    "x": 53.036211699164355,
                    "y": 178.7632311977716
                }
            ]
        }
    ],
    "version": "2.1.0"
}