{
    "asset": {
        "format": "JPG",
        "id": "30f611d1f3295a0104fdfc6f062eacc5",
        "name": "1X1A0232.JPG",
        "path": "file:D:/MLDrones/matlab/yoloSimulinkDataWTFinal/swindturbinesSameSizes/1X1A0232.JPG",
        "size": {
            "width": 224,
            "height": 224
        },
        "state": 2,
        "type": 1
    },
    "regions": [
        {
            "id": "De7bHbRF5",
            "type": "RECTANGLE",
            "tags": [
                "WindTurbine"
            ],
            "boundingBox": {
                "height": 188.7465181058496,
                "width": 156.73759303185935,
                "left": 4.242908360898329,
                "top": 35.25348189415042
            },
            "points": [
                {
                    "x": 4.242908360898329,
                    "y": 35.25348189415042
                },
                {
                    "x": 160.98050139275767,
                    "y": 35.25348189415042
                },
                {
                    "x": 160.98050139275767,
                    "y": 224
                },
                {
                    "x": 4.242908360898329,
                    "y": 224
                }
            ]
        }
    ],
    "version": "2.1.0"
}