{
    "asset": {
        "format": "JPG",
        "id": "322d22468d01e6f2c01c6d052bcd5f53",
        "name": "1X1A0197.JPG",
        "path": "file:D:/MLDrones/matlab/yoloSimulinkDataWTFinal/swindturbinesSameSizes/1X1A0197.JPG",
        "size": {
            "width": 224,
            "height": 224
        },
        "state": 2,
        "type": 1
    },
    "regions": [
        {
            "id": "1MgGG2FOa",
            "type": "RECTANGLE",
            "tags": [
                "WindTurbine"
            ],
            "boundingBox": {
                "height": 176.82896793121083,
                "width": 156.11363760010445,
                "left": 15.78608384836351,
                "top": 24.08468109385881
            },
            "points": [
                {
                    "x": 15.78608384836351,
                    "y": 24.08468109385881
                },
                {
                    "x": 171.89972144846797,
                    "y": 24.08468109385881
                },
                {
                    "x": 171.89972144846797,
                    "y": 200.91364902506965
                },
                {
                    "x": 15.78608384836351,
                    "y": 200.91364902506965
                }
            ]
        }
    ],
    "version": "2.1.0"
}