{
    "asset": {
        "format": "JPG",
        "id": "326969a0c68b5ed7beb3e7b65049f2c8",
        "name": "1X1A9793.JPG",
        "path": "file:D:/MLDrones/matlab/yoloSimulinkDataWTFinal/swindturbinesSameSizes/1X1A9793.JPG",
        "size": {
            "width": 224,
            "height": 224
        },
        "state": 2,
        "type": 1
    },
    "regions": [
        {
            "id": "1tTAmmQ5g",
            "type": "RECTANGLE",
            "tags": [
                "WindTurbine"
            ],
            "boundingBox": {
                "height": 222.37771444931667,
                "width": 173.52200937935237,
                "left": 50.47799062064763,
                "top": 1.6222855506833218
            },
            "points": [
                {
                    "x": 50.47799062064763,
                    "y": 1.6222855506833218
                },
                {
                    "x": 224,
                    "y": 1.6222855506833218
                },
                {
                    "x": 224,
                    "y": 224
                },
                {
                    "x": 50.47799062064763,
                    "y": 224
                }
            ]
        }
    ],
    "version": "2.1.0"
}