{
    "asset": {
        "format": "JPG",
        "id": "329d2dc81ca0dc6f67805e5c6f898c23",
        "name": "1X1A0299.JPG",
        "path": "file:D:/MLDrones/matlab/yoloSimulinkDataWTFinal/swindturbinesSameSizes/1X1A0299.JPG",
        "size": {
            "width": 224,
            "height": 224
        },
        "state": 2,
        "type": 1
    },
    "regions": [
        {
            "id": "lJ-qJfaos",
            "type": "RECTANGLE",
            "tags": [
                "WindTurbine"
            ],
            "boundingBox": {
                "height": 72.6908077994429,
                "width": 63.01949860724234,
                "left": 75.1866295264624,
                "top": 73.31476323119777
            },
            "points": [
                {
                    "x": 75.1866295264624,
                    "y": 73.31476323119777
                },
                {
                    "x": 138.20612813370474,
                    "y": 73.31476323119777
                },
                {
                    "x": 138.20612813370474,
                    "y": 146.00557103064068
                },
                {
                    "x": 75.1866295264624,
                    "y": 146.00557103064068
                }
            ]
        }
    ],
    "version": "2.1.0"
}