{
    "asset": {
        "format": "JPG",
        "id": "33132a04ff67a79da55f5db889574e08",
        "name": "1X1A0030.JPG",
        "path": "file:D:/MLDrones/matlab/yoloSimulinkDataWTFinal/swindturbinesSameSizes/1X1A0030.JPG",
        "size": {
            "width": 224,
            "height": 224
        },
        "state": 2,
        "type": 1
    },
    "regions": [
        {
            "id": "krgLJumZi",
            "type": "RECTANGLE",
            "tags": [
                "WindTurbine"
            ],
            "boundingBox": {
                "height": 192.17826822009923,
                "width": 158.11030259836352,
                "left": 16.035662212743734,
                "top": 20.840112372693245
            },
            "points": [
                {
                    "x": 16.035662212743734,
                    "y": 20.840112372693245
                },
                {
                    "x": 174.14596481110723,
                    "y": 20.840112372693245
                },
                {
                    "x": 174.14596481110723,
                    "y": 213.01838059279248
                },
                {
                    "x": 16.035662212743734,
                    "y": 213.01838059279248
                }
            ]
        }
    ],
    "version": "2.1.0"
}