{
    "asset": {
        "format": "JPG",
        "id": "33774e5a973ed499f5cd255eecf9ded4",
        "name": "1X1A9972.JPG",
        "path": "file:D:/MLDrones/matlab/yoloSimulinkDataWTFinal/swindturbinesSameSizes/1X1A9972.JPG",
        "size": {
            "width": 224,
            "height": 224
        },
        "state": 2,
        "type": 1
    },
    "regions": [
        {
            "id": "kwUYMEAYz",
            "type": "RECTANGLE",
            "tags": [
                "WindTurbine"
            ],
            "boundingBox": {
                "height": 137.02061186129004,
                "width": 170.96378830083566,
                "left": 20.9025069637883,
                "top": 33.63119872366818
            },
            "points": [
                {
                    "x": 20.9025069637883,
                    "y": 33.63119872366818
                },
                {
                    "x": 191.86629526462397,
                    "y": 33.63119872366818
                },
                {
                    "x": 191.86629526462397,
                    "y": 170.6518105849582
                },
                {
                    "x": 20.9025069637883,
                    "y": 170.6518105849582
                }
            ]
        }
    ],
    "version": "2.1.0"
}