{
    "asset": {
        "format": "JPG",
        "id": "339964a90d25b012abdc7b78874e0621",
        "name": "1X1A0304.JPG",
        "path": "file:D:/MLDrones/matlab/yoloSimulinkDataWTFinal/swindturbinesSameSizes/1X1A0304.JPG",
        "size": {
            "width": 224,
            "height": 224
        },
        "state": 2,
        "type": 1
    },
    "regions": [
        {
            "id": "g7AXjPDpY",
            "type": "RECTANGLE",
            "tags": [
                "WindTurbine"
            ],
            "boundingBox": {
                "height": 37.43732590529248,
                "width": 28.389972144846798,
                "left": 102.01671309192201,
                "top": 91.0974930362117
            },
            "points": [
                {
                    "x": 102.01671309192201,
                    "y": 91.0974930362117
                },
                {
                    "x": 130.4066852367688,
                    "y": 91.0974930362117
                },
                {
                    "x": 130.4066852367688,
                    "y": 128.53481894150417
                },
                {
                    "x": 102.01671309192201,
                    "y": 128.53481894150417
                }
            ]
        }
    ],
    "version": "2.1.0"
}