{
    "asset": {
        "format": "JPG",
        "id": "33d391680f28ba8a6848fe0e37bc2fa2",
        "name": "1X1A0182.JPG",
        "path": "file:D:/MLDrones/matlab/yoloSimulinkDataWTFinal/swindturbinesSameSizes/1X1A0182.JPG",
        "size": {
            "width": 224,
            "height": 224
        },
        "state": 2,
        "type": 1
    },
    "regions": [
        {
            "id": "iPoVrUqUU",
            "type": "RECTANGLE",
            "tags": [
                "WindTurbine"
            ],
            "boundingBox": {
                "height": 187.49860724233983,
                "width": 162.8523676880223,
                "left": 9.671309192200557,
                "top": 1.5598885793871866
            },
            "points": [
                {
                    "x": 9.671309192200557,
                    "y": 1.5598885793871866
                },
                {
                    "x": 172.52367688022284,
                    "y": 1.5598885793871866
                },
                {
                    "x": 172.52367688022284,
                    "y": 189.05849582172704
                },
                {
                    "x": 9.671309192200557,
                    "y": 189.05849582172704
                }
            ]
        }
    ],
    "version": "2.1.0"
}