{
    "asset": {
        "format": "JPG",
        "id": "33f16327688a26122d9cbc91fd815503",
        "name": "1X1A0273.JPG",
        "path": "file:D:/MLDrones/matlab/yoloSimulinkDataWTFinal/swindturbinesSameSizes/1X1A0273.JPG",
        "size": {
            "width": 224,
            "height": 224
        },
        "state": 2,
        "type": 1
    },
    "regions": [
        {
            "id": "qNLriKBKC",
            "type": "RECTANGLE",
            "tags": [
                "WindTurbine"
            ],
            "boundingBox": {
                "height": 112.62395543175488,
                "width": 77.37047353760445,
                "left": 66.45125348189416,
                "top": 48.04456824512535
            },
            "points": [
                {
                    "x": 66.45125348189416,
                    "y": 48.04456824512535
                },
                {
                    "x": 143.8217270194986,
                    "y": 48.04456824512535
                },
                {
                    "x": 143.8217270194986,
                    "y": 160.66852367688023
                },
                {
                    "x": 66.45125348189416,
                    "y": 160.66852367688023
                }
            ]
        }
    ],
    "version": "2.1.0"
}