{
    "asset": {
        "format": "JPG",
        "id": "3443100741edb2a2c55c979fc0e3627a",
        "name": "1X1A0233.JPG",
        "path": "file:D:/MLDrones/matlab/yoloSimulinkDataWTFinal/swindturbinesSameSizes/1X1A0233.JPG",
        "size": {
            "width": 224,
            "height": 224
        },
        "state": 2,
        "type": 1
    },
    "regions": [
        {
            "id": "0wwA53GlG",
            "type": "RECTANGLE",
            "tags": [
                "WindTurbine"
            ],
            "boundingBox": {
                "height": 127.9108635097493,
                "width": 156.73759303185935,
                "left": 67.26240696814065,
                "top": 0
            },
            "points": [
                {
                    "x": 67.26240696814065,
                    "y": 0
                },
                {
                    "x": 224,
                    "y": 0
                },
                {
                    "x": 224,
                    "y": 127.9108635097493
                },
                {
                    "x": 67.26240696814065,
                    "y": 127.9108635097493
                }
            ]
        }
    ],
    "version": "2.1.0"
}