{
    "asset": {
        "format": "JPG",
        "id": "34d5cb030cf5e041dcfacb16759f4f4e",
        "name": "1X1A9891.JPG",
        "path": "file:D:/MLDrones/matlab/yoloSimulinkDataWTFinal/swindturbinesSameSizes/1X1A9891.JPG",
        "size": {
            "width": 224,
            "height": 224
        },
        "state": 2,
        "type": 1
    },
    "regions": [
        {
            "id": "mSHGh70Jl",
            "type": "RECTANGLE",
            "tags": [
                "WindTurbine"
            ],
            "boundingBox": {
                "height": 111.56324262273677,
                "width": 76.74651810584959,
                "left": 77.18329452472145,
                "top": 70.50696378830084
            },
            "points": [
                {
                    "x": 77.18329452472145,
                    "y": 70.50696378830084
                },
                {
                    "x": 153.92981263057104,
                    "y": 70.50696378830084
                },
                {
                    "x": 153.92981263057104,
                    "y": 182.07020641103762
                },
                {
                    "x": 77.18329452472145,
                    "y": 182.07020641103762
                }
            ]
        }
    ],
    "version": "2.1.0"
}