{
    "asset": {
        "format": "JPG",
        "id": "34fbe2c9768acefb809baa530e7ba461",
        "name": "1X1A0087.JPG",
        "path": "file:D:/MLDrones/matlab/yoloSimulinkDataWTFinal/swindturbinesSameSizes/1X1A0087.JPG",
        "size": {
            "width": 224,
            "height": 224
        },
        "state": 2,
        "type": 1
    },
    "regions": [
        {
            "id": "Qw6qKG-EF",
            "type": "RECTANGLE",
            "tags": [
                "WindTurbine"
            ],
            "boundingBox": {
                "height": 168.8423460213919,
                "width": 132.902497442984,
                "left": 0.5615656010619777,
                "top": 0.3743746871735724
            },
            "points": [
                {
                    "x": 0.5615656010619777,
                    "y": 0.3743746871735724
                },
                {
                    "x": 133.46406304404596,
                    "y": 0.3743746871735724
                },
                {
                    "x": 133.46406304404596,
                    "y": 169.21672070856548
                },
                {
                    "x": 0.5615656010619777,
                    "y": 169.21672070856548
                }
            ]
        }
    ],
    "version": "2.1.0"
}