{
    "asset": {
        "format": "JPG",
        "id": "34fdceefb28ac49c88c7f8a698a0bcd1",
        "name": "1X1A0328.JPG",
        "path": "file:D:/MLDrones/matlab/yoloSimulinkDataWTFinal/swindturbinesSameSizes/1X1A0328.JPG",
        "size": {
            "width": 224,
            "height": 224
        },
        "state": 2,
        "type": 1
    },
    "regions": [
        {
            "id": "O1kAU4j1R",
            "type": "RECTANGLE",
            "tags": [
                "WindTurbine"
            ],
            "boundingBox": {
                "height": 64.26740947075209,
                "width": 55.844011142061284,
                "left": 77.99442896935933,
                "top": 108.25626740947075
            },
            "points": [
                {
                    "x": 77.99442896935933,
                    "y": 108.25626740947075
                },
                {
                    "x": 133.83844011142062,
                    "y": 108.25626740947075
                },
                {
                    "x": 133.83844011142062,
                    "y": 172.52367688022284
                },
                {
                    "x": 77.99442896935933,
                    "y": 172.52367688022284
                }
            ]
        }
    ],
    "version": "2.1.0"
}