{
    "asset": {
        "format": "JPG",
        "id": "3514d50e2a28ae4c233caff96592090f",
        "name": "1X1A0815.JPG",
        "path": "file:D:/MLDrones/matlab/yoloSimulinkDataWTFinal/swindturbinesSameSizes/1X1A0815.JPG",
        "size": {
            "width": 224,
            "height": 224
        },
        "state": 2,
        "type": 1
    },
    "regions": [
        {
            "id": "G1VBnC5Eo",
            "type": "RECTANGLE",
            "tags": [
                "WindTurbine"
            ],
            "boundingBox": {
                "height": 108.88022284122563,
                "width": 82.36211699164346,
                "left": 108.5682451253482,
                "top": 0
            },
            "points": [
                {
                    "x": 108.5682451253482,
                    "y": 0
                },
                {
                    "x": 190.93036211699166,
                    "y": 0
                },
                {
                    "x": 190.93036211699166,
                    "y": 108.88022284122563
                },
                {
                    "x": 108.5682451253482,
                    "y": 108.88022284122563
                }
            ]
        }
    ],
    "version": "2.1.0"
}