{
    "asset": {
        "format": "JPG",
        "id": "356093135f116ac7308acf408f04b953",
        "name": "1X1A0240.JPG",
        "path": "file:D:/MLDrones/matlab/yoloSimulinkDataWTFinal/swindturbinesSameSizes/1X1A0240.JPG",
        "size": {
            "width": 224,
            "height": 224
        },
        "state": 2,
        "type": 1
    },
    "regions": [
        {
            "id": "XU-v6wIob",
            "type": "RECTANGLE",
            "tags": [
                "WindTurbine"
            ],
            "boundingBox": {
                "height": 209.27465038246433,
                "width": 172.83565459610028,
                "left": 14.662952646239555,
                "top": 11.917550174638754
            },
            "points": [
                {
                    "x": 14.662952646239555,
                    "y": 11.917550174638754
                },
                {
                    "x": 187.49860724233983,
                    "y": 11.917550174638754
                },
                {
                    "x": 187.49860724233983,
                    "y": 221.19220055710306
                },
                {
                    "x": 14.662952646239555,
                    "y": 221.19220055710306
                }
            ]
        }
    ],
    "version": "2.1.0"
}