{
    "asset": {
        "format": "JPG",
        "id": "358be77681924259872bb651b1ff7cdc",
        "name": "1X1A0205.JPG",
        "path": "file:D:/MLDrones/matlab/yoloSimulinkDataWTFinal/swindturbinesSameSizes/1X1A0205.JPG",
        "size": {
            "width": 224,
            "height": 224
        },
        "state": 2,
        "type": 1
    },
    "regions": [
        {
            "id": "vt9At2Pil",
            "type": "RECTANGLE",
            "tags": [
                "WindTurbine"
            ],
            "boundingBox": {
                "height": 182.4445668170047,
                "width": 157.3615484636142,
                "left": 25.769370756441504,
                "top": 31.572146274917305
            },
            "points": [
                {
                    "x": 25.769370756441504,
                    "y": 31.572146274917305
                },
                {
                    "x": 183.13091922005572,
                    "y": 31.572146274917305
                },
                {
                    "x": 183.13091922005572,
                    "y": 214.016713091922
                },
                {
                    "x": 25.769370756441504,
                    "y": 214.016713091922
                }
            ]
        }
    ],
    "version": "2.1.0"
}