{
    "asset": {
        "format": "JPG",
        "id": "362ee61659a03d625d463e503613c65f",
        "name": "1X1A0257.JPG",
        "path": "file:D:/MLDrones/matlab/yoloSimulinkDataWTFinal/swindturbinesSameSizes/1X1A0257.JPG",
        "size": {
            "width": 224,
            "height": 224
        },
        "state": 2,
        "type": 1
    },
    "regions": [
        {
            "id": "PmoYxz1YF",
            "type": "RECTANGLE",
            "tags": [
                "WindTurbine"
            ],
            "boundingBox": {
                "height": 186.2506963788301,
                "width": 162.2284122562674,
                "left": 5.927576601671309,
                "top": 29.949860724233986
            },
            "points": [
                {
                    "x": 5.927576601671309,
                    "y": 29.949860724233986
                },
                {
                    "x": 168.15598885793872,
                    "y": 29.949860724233986
                },
                {
                    "x": 168.15598885793872,
                    "y": 216.20055710306409
                },
                {
                    "x": 5.927576601671309,
                    "y": 216.20055710306409
                }
            ]
        }
    ],
    "version": "2.1.0"
}