{
    "asset": {
        "format": "JPG",
        "id": "36b9fc63ed6e6815207ebfd0c8c04f89",
        "name": "1X1A9842.JPG",
        "path": "file:D:/MLDrones/matlab/yoloSimulinkDataWTFinal/swindturbinesSameSizes/1X1A9842.JPG",
        "size": {
            "width": 224,
            "height": 224
        },
        "state": 2,
        "type": 1
    },
    "regions": [
        {
            "id": "arABKH9EQ",
            "type": "RECTANGLE",
            "tags": [
                "WindTurbine"
            ],
            "boundingBox": {
                "height": 187.685791015625,
                "width": 133.0272866251741,
                "left": 35.7526576645195,
                "top": 12.229525510315112
            },
            "points": [
                {
                    "x": 35.7526576645195,
                    "y": 12.229525510315112
                },
                {
                    "x": 168.7799442896936,
                    "y": 12.229525510315112
                },
                {
                    "x": 168.7799442896936,
                    "y": 199.9153165259401
                },
                {
                    "x": 35.7526576645195,
                    "y": 199.9153165259401
                }
            ]
        }
    ],
    "version": "2.1.0"
}