{
    "asset": {
        "format": "JPG",
        "id": "36ba412a3c18c9a63d4160b507bbe819",
        "name": "1X1A9965.JPG",
        "path": "file:D:/MLDrones/matlab/yoloSimulinkDataWTFinal/swindturbinesSameSizes/1X1A9965.JPG",
        "size": {
            "width": 224,
            "height": 224
        },
        "state": 2,
        "type": 1
    },
    "regions": [
        {
            "id": "_8RthCiWg",
            "type": "RECTANGLE",
            "tags": [
                "WindTurbine"
            ],
            "boundingBox": {
                "height": 122.17048020216748,
                "width": 159.04623574599583,
                "left": 33.132037234505574,
                "top": 44.55041877937848
            },
            "points": [
                {
                    "x": 33.132037234505574,
                    "y": 44.55041877937848
                },
                {
                    "x": 192.1782729805014,
                    "y": 44.55041877937848
                },
                {
                    "x": 192.1782729805014,
                    "y": 166.72089898154596
                },
                {
                    "x": 33.132037234505574,
                    "y": 166.72089898154596
                }
            ]
        }
    ],
    "version": "2.1.0"
}