{
    "asset": {
        "format": "JPG",
        "id": "37b9824dd78d57bfacb22b673156fa75",
        "name": "1X1A9799.JPG",
        "path": "file:D:/MLDrones/matlab/yoloSimulinkDataWTFinal/swindturbinesSameSizes/1X1A9799.JPG",
        "size": {
            "width": 224,
            "height": 224
        },
        "state": 2,
        "type": 1
    },
    "regions": [
        {
            "id": "64piNEKBq",
            "type": "RECTANGLE",
            "tags": [
                "WindTurbine"
            ],
            "boundingBox": {
                "height": 223.25125300585395,
                "width": 181.75820965355155,
                "left": 42.24179034644847,
                "top": 0.7487469941460655
            },
            "points": [
                {
                    "x": 42.24179034644847,
                    "y": 0.7487469941460655
                },
                {
                    "x": 224,
                    "y": 0.7487469941460655
                },
                {
                    "x": 224,
                    "y": 224
                },
                {
                    "x": 42.24179034644847,
                    "y": 224
                }
            ]
        }
    ],
    "version": "2.1.0"
}