{
    "asset": {
        "format": "JPG",
        "id": "39424759bad1a833e8ec4b242a8149c5",
        "name": "1X1A9962.JPG",
        "path": "file:D:/MLDrones/matlab/yoloSimulinkDataWTFinal/swindturbinesSameSizes/1X1A9962.JPG",
        "size": {
            "width": 224,
            "height": 224
        },
        "state": 2,
        "type": 1
    },
    "regions": [
        {
            "id": "d_LEZWkVK",
            "type": "RECTANGLE",
            "tags": [
                "WindTurbine"
            ],
            "boundingBox": {
                "height": 151.24679760946205,
                "width": 162.85238672963092,
                "left": 23.64790705518802,
                "top": 16.597213532599234
            },
            "points": [
                {
                    "x": 23.64790705518802,
                    "y": 16.597213532599234
                },
                {
                    "x": 186.50029378481895,
                    "y": 16.597213532599234
                },
                {
                    "x": 186.50029378481895,
                    "y": 167.84401114206128
                },
                {
                    "x": 23.64790705518802,
                    "y": 167.84401114206128
                }
            ]
        }
    ],
    "version": "2.1.0"
}