{
    "asset": {
        "format": "JPG",
        "id": "3953b3e9958bc57a9f8acbf3f2519c16",
        "name": "1X1A0215.JPG",
        "path": "file:D:/MLDrones/matlab/yoloSimulinkDataWTFinal/swindturbinesSameSizes/1X1A0215.JPG",
        "size": {
            "width": 224,
            "height": 224
        },
        "state": 2,
        "type": 1
    },
    "regions": [
        {
            "id": "loeNszBQs",
            "type": "RECTANGLE",
            "tags": [
                "WindTurbine"
            ],
            "boundingBox": {
                "height": 191.86629526462397,
                "width": 156.73759303185935,
                "left": 12.666306689589137,
                "top": 0
            },
            "points": [
                {
                    "x": 12.666306689589137,
                    "y": 0
                },
                {
                    "x": 169.40389972144848,
                    "y": 0
                },
                {
                    "x": 169.40389972144848,
                    "y": 191.86629526462397
                },
                {
                    "x": 12.666306689589137,
                    "y": 191.86629526462397
                }
            ]
        }
    ],
    "version": "2.1.0"
}