{
    "asset": {
        "format": "JPG",
        "id": "395ba8e7396977eb5d0856b626dd1b91",
        "name": "1X1A9971.JPG",
        "path": "file:D:/MLDrones/matlab/yoloSimulinkDataWTFinal/swindturbinesSameSizes/1X1A9971.JPG",
        "size": {
            "width": 224,
            "height": 224
        },
        "state": 2,
        "type": 1
    },
    "regions": [
        {
            "id": "2CcxsF9i_",
            "type": "RECTANGLE",
            "tags": [
                "WindTurbine"
            ],
            "boundingBox": {
                "height": 128.90919124847667,
                "width": 168.7799442896936,
                "left": 20.9025069637883,
                "top": 33.63119872366818
            },
            "points": [
                {
                    "x": 20.9025069637883,
                    "y": 33.63119872366818
                },
                {
                    "x": 189.6824512534819,
                    "y": 33.63119872366818
                },
                {
                    "x": 189.6824512534819,
                    "y": 162.54038997214485
                },
                {
                    "x": 20.9025069637883,
                    "y": 162.54038997214485
                }
            ]
        }
    ],
    "version": "2.1.0"
}