{
    "asset": {
        "format": "JPG",
        "id": "39bf99caf6ed31525d4e81d8f3bc3a8f",
        "name": "1X1A9861.JPG",
        "path": "file:D:/MLDrones/matlab/yoloSimulinkDataWTFinal/swindturbinesSameSizes/1X1A9861.JPG",
        "size": {
            "width": 224,
            "height": 224
        },
        "state": 2,
        "type": 1
    },
    "regions": [
        {
            "id": "ul4MhEdWJ",
            "type": "RECTANGLE",
            "tags": [
                "WindTurbine"
            ],
            "boundingBox": {
                "height": 119.54987405336003,
                "width": 122.85682070421309,
                "left": 43.052924791086355,
                "top": 58.77659976714833
            },
            "points": [
                {
                    "x": 43.052924791086355,
                    "y": 58.77659976714833
                },
                {
                    "x": 165.90974549529946,
                    "y": 58.77659976714833
                },
                {
                    "x": 165.90974549529946,
                    "y": 178.32647382050837
                },
                {
                    "x": 43.052924791086355,
                    "y": 178.32647382050837
                }
            ]
        }
    ],
    "version": "2.1.0"
}