{
    "asset": {
        "format": "JPG",
        "id": "3b3dd28df883108556489bb484a68985",
        "name": "1X1A0282.JPG",
        "path": "file:D:/MLDrones/matlab/yoloSimulinkDataWTFinal/swindturbinesSameSizes/1X1A0282.JPG",
        "size": {
            "width": 224,
            "height": 224
        },
        "state": 2,
        "type": 1
    },
    "regions": [
        {
            "id": "EHl8he8rc",
            "type": "RECTANGLE",
            "tags": [
                "WindTurbine"
            ],
            "boundingBox": {
                "height": 86.41782729805014,
                "width": 53.66016713091921,
                "left": 75.81058495821728,
                "top": 69.57103064066852
            },
            "points": [
                {
                    "x": 75.81058495821728,
                    "y": 69.57103064066852
                },
                {
                    "x": 129.47075208913648,
                    "y": 69.57103064066852
                },
                {
                    "x": 129.47075208913648,
                    "y": 155.98885793871867
                },
                {
                    "x": 75.81058495821728,
                    "y": 155.98885793871867
                }
            ]
        }
    ],
    "version": "2.1.0"
}