{
    "asset": {
        "format": "JPG",
        "id": "3bd079cc70388398adc57557b320125d",
        "name": "1X1A0117.JPG",
        "path": "file:D:/MLDrones/matlab/yoloSimulinkDataWTFinal/swindturbinesSameSizes/1X1A0117.JPG",
        "size": {
            "width": 224,
            "height": 224
        },
        "state": 2,
        "type": 1
    },
    "regions": [
        {
            "id": "qNMHBmhM9",
            "type": "RECTANGLE",
            "tags": [
                "WindTurbine"
            ],
            "boundingBox": {
                "height": 174.33314620419134,
                "width": 152.68188272545265,
                "left": 16.410039280118387,
                "top": 25.956547389123433
            },
            "points": [
                {
                    "x": 16.410039280118387,
                    "y": 25.956547389123433
                },
                {
                    "x": 169.09192200557104,
                    "y": 25.956547389123433
                },
                {
                    "x": 169.09192200557104,
                    "y": 200.28969359331478
                },
                {
                    "x": 16.410039280118387,
                    "y": 200.28969359331478
                }
            ]
        }
    ],
    "version": "2.1.0"
}