{
    "asset": {
        "format": "JPG",
        "id": "3bd8964bfc5380f29a9131c2c55f9e18",
        "name": "1X1A0055.JPG",
        "path": "file:D:/MLDrones/matlab/yoloSimulinkDataWTFinal/swindturbinesSameSizes/1X1A0055.JPG",
        "size": {
            "width": 224,
            "height": 224
        },
        "state": 2,
        "type": 1
    },
    "regions": [
        {
            "id": "xTZO8W1bo",
            "type": "RECTANGLE",
            "tags": [
                "WindTurbine"
            ],
            "boundingBox": {
                "height": 193.17660071922876,
                "width": 152.61950241556406,
                "left": 46.35990000435237,
                "top": 7.113092874086003
            },
            "points": [
                {
                    "x": 46.35990000435237,
                    "y": 7.113092874086003
                },
                {
                    "x": 198.97940241991643,
                    "y": 7.113092874086003
                },
                {
                    "x": 198.97940241991643,
                    "y": 200.28969359331478
                },
                {
                    "x": 46.35990000435237,
                    "y": 200.28969359331478
                }
            ]
        }
    ],
    "version": "2.1.0"
}