{
    "asset": {
        "format": "JPG",
        "id": "3bdf4d47ce0976758f61b11cd55aa60e",
        "name": "1X1A0080.JPG",
        "path": "file:D:/MLDrones/matlab/yoloSimulinkDataWTFinal/swindturbinesSameSizes/1X1A0080.JPG",
        "size": {
            "width": 224,
            "height": 224
        },
        "state": 2,
        "type": 1
    },
    "regions": [
        {
            "id": "PGUM-Luv1",
            "type": "RECTANGLE",
            "tags": [
                "WindTurbine"
            ],
            "boundingBox": {
                "height": 120.67298383367427,
                "width": 153.6178253938893,
                "left": 0.8111439654422006,
                "top": 0.12479156239119081
            },
            "points": [
                {
                    "x": 0.8111439654422006,
                    "y": 0.12479156239119081
                },
                {
                    "x": 154.4289693593315,
                    "y": 0.12479156239119081
                },
                {
                    "x": 154.4289693593315,
                    "y": 120.79777539606546
                },
                {
                    "x": 0.8111439654422006,
                    "y": 120.79777539606546
                }
            ]
        }
    ],
    "version": "2.1.0"
}