{
    "asset": {
        "format": "JPG",
        "id": "3c797ea8f16e8a21c9dd45f484400809",
        "name": "1X1A9846.JPG",
        "path": "file:D:/MLDrones/matlab/yoloSimulinkDataWTFinal/swindturbinesSameSizes/1X1A9846.JPG",
        "size": {
            "width": 224,
            "height": 224
        },
        "state": 2,
        "type": 1
    },
    "regions": [
        {
            "id": "ZOojvLIFE",
            "type": "RECTANGLE",
            "tags": [
                "WindTurbine"
            ],
            "boundingBox": {
                "height": 223.50083613063632,
                "width": 211.14650477672353,
                "left": 0.5615656010619777,
                "top": 0.49916386936368384
            },
            "points": [
                {
                    "x": 0.5615656010619777,
                    "y": 0.49916386936368384
                },
                {
                    "x": 211.70807037778553,
                    "y": 0.49916386936368384
                },
                {
                    "x": 211.70807037778553,
                    "y": 224
                },
                {
                    "x": 0.5615656010619777,
                    "y": 224
                }
            ]
        }
    ],
    "version": "2.1.0"
}