{
    "asset": {
        "format": "JPG",
        "id": "3ca62d19939c5e66e8a0a1820717851b",
        "name": "1X1A9773.JPG",
        "path": "file:D:/MLDrones/matlab/yoloSimulinkDataWTFinal/swindturbinesSameSizes/1X1A9773.JPG",
        "size": {
            "width": 224,
            "height": 224
        },
        "state": 2,
        "type": 1
    },
    "regions": [
        {
            "id": "s_Lo-_WBv",
            "type": "RECTANGLE",
            "tags": [
                "WindTurbine"
            ],
            "boundingBox": {
                "height": 175.95543175487467,
                "width": 124.47910863509749,
                "left": 60.211699164345404,
                "top": 36.50139275766017
            },
            "points": [
                {
                    "x": 60.211699164345404,
                    "y": 36.50139275766017
                },
                {
                    "x": 184.6908077994429,
                    "y": 36.50139275766017
                },
                {
                    "x": 184.6908077994429,
                    "y": 212.45682451253484
                },
                {
                    "x": 60.211699164345404,
                    "y": 212.45682451253484
                }
            ]
        }
    ],
    "version": "2.1.0"
}