{
    "asset": {
        "format": "JPG",
        "id": "3ce644820adc62cb6adbffb48fc654d9",
        "name": "1X1A0246.JPG",
        "path": "file:D:/MLDrones/matlab/yoloSimulinkDataWTFinal/swindturbinesSameSizes/1X1A0246.JPG",
        "size": {
            "width": 224,
            "height": 224
        },
        "state": 2,
        "type": 1
    },
    "regions": [
        {
            "id": "HAGR65Tou",
            "type": "RECTANGLE",
            "tags": [
                "WindTurbine"
            ],
            "boundingBox": {
                "height": 174.64512392006878,
                "width": 138.7676842139624,
                "left": 0,
                "top": 49.35487607993123
            },
            "points": [
                {
                    "x": 0,
                    "y": 49.35487607993123
                },
                {
                    "x": 138.7676842139624,
                    "y": 49.35487607993123
                },
                {
                    "x": 138.7676842139624,
                    "y": 224
                },
                {
                    "x": 0,
                    "y": 224
                }
            ]
        }
    ],
    "version": "2.1.0"
}