{
    "asset": {
        "format": "JPG",
        "id": "3df76cab6e13d0f61a5837034f39438c",
        "name": "1X1A9964.JPG",
        "path": "file:D:/MLDrones/matlab/yoloSimulinkDataWTFinal/swindturbinesSameSizes/1X1A9964.JPG",
        "size": {
            "width": 224,
            "height": 224
        },
        "state": 2,
        "type": 1
    },
    "regions": [
        {
            "id": "IwhmZEolZ",
            "type": "RECTANGLE",
            "tags": [
                "WindTurbine"
            ],
            "boundingBox": {
                "height": 125.41504654313196,
                "width": 167.46963407468664,
                "left": 33.132037234505574,
                "top": 16.971590599973887
            },
            "points": [
                {
                    "x": 33.132037234505574,
                    "y": 16.971590599973887
                },
                {
                    "x": 200.6016713091922,
                    "y": 16.971590599973887
                },
                {
                    "x": 200.6016713091922,
                    "y": 142.38663714310584
                },
                {
                    "x": 33.132037234505574,
                    "y": 142.38663714310584
                }
            ]
        }
    ],
    "version": "2.1.0"
}