{
    "asset": {
        "format": "JPG",
        "id": "3f30ff4c586375fc9367a44f9d3f195b",
        "name": "1X1A9967.JPG",
        "path": "file:D:/MLDrones/matlab/yoloSimulinkDataWTFinal/swindturbinesSameSizes/1X1A9967.JPG",
        "size": {
            "width": 224,
            "height": 224
        },
        "state": 2,
        "type": 1
    },
    "regions": [
        {
            "id": "fpiuETFcu",
            "type": "RECTANGLE",
            "tags": [
                "WindTurbine"
            ],
            "boundingBox": {
                "height": 113.8094812249739,
                "width": 159.23343380048746,
                "left": 22.15041782729805,
                "top": 40.18273075709436
            },
            "points": [
                {
                    "x": 22.15041782729805,
                    "y": 40.18273075709436
                },
                {
                    "x": 181.38385162778553,
                    "y": 40.18273075709436
                },
                {
                    "x": 181.38385162778553,
                    "y": 153.99221198206826
                },
                {
                    "x": 22.15041782729805,
                    "y": 153.99221198206826
                }
            ]
        }
    ],
    "version": "2.1.0"
}