{
    "asset": {
        "format": "JPG",
        "id": "3f73a653ffcaf1e212102dfacdf53d8a",
        "name": "1X1A9768.JPG",
        "path": "file:D:/MLDrones/matlab/yoloSimulinkDataWTFinal/swindturbinesSameSizes/1X1A9768.JPG",
        "size": {
            "width": 224,
            "height": 224
        },
        "state": 2,
        "type": 1
    },
    "regions": [
        {
            "id": "opw-6aDW3",
            "type": "RECTANGLE",
            "tags": [
                "WindTurbine"
            ],
            "boundingBox": {
                "height": 178.1392757660167,
                "width": 154.7409470752089,
                "left": 47.420612813370475,
                "top": 45.86072423398329
            },
            "points": [
                {
                    "x": 47.420612813370475,
                    "y": 45.86072423398329
                },
                {
                    "x": 202.1615598885794,
                    "y": 45.86072423398329
                },
                {
                    "x": 202.1615598885794,
                    "y": 224
                },
                {
                    "x": 47.420612813370475,
                    "y": 224
                }
            ]
        }
    ],
    "version": "2.1.0"
}