{
    "asset": {
        "format": "JPG",
        "id": "3fd460247c6e7487eaf2f67949f3b848",
        "name": "1X1A0271.JPG",
        "path": "file:D:/MLDrones/matlab/yoloSimulinkDataWTFinal/swindturbinesSameSizes/1X1A0271.JPG",
        "size": {
            "width": 224,
            "height": 224
        },
        "state": 2,
        "type": 1
    },
    "regions": [
        {
            "id": "WkoJHpGGo",
            "type": "RECTANGLE",
            "tags": [
                "WindTurbine"
            ],
            "boundingBox": {
                "height": 112.62395543175488,
                "width": 77.37047353760445,
                "left": 74.87465181058496,
                "top": 77.99442896935933
            },
            "points": [
                {
                    "x": 74.87465181058496,
                    "y": 77.99442896935933
                },
                {
                    "x": 152.24512534818942,
                    "y": 77.99442896935933
                },
                {
                    "x": 152.24512534818942,
                    "y": 190.6183844011142
                },
                {
                    "x": 74.87465181058496,
                    "y": 190.6183844011142
                }
            ]
        }
    ],
    "version": "2.1.0"
}