{
    "asset": {
        "format": "JPG",
        "id": "4086f6fc76d9a1e64ba9583811fa20e4",
        "name": "1X1A0123.JPG",
        "path": "file:D:/MLDrones/matlab/yoloSimulinkDataWTFinal/swindturbinesSameSizes/1X1A0123.JPG",
        "size": {
            "width": 224,
            "height": 224
        },
        "state": 2,
        "type": 1
    },
    "regions": [
        {
            "id": "yH1YB6ZNm",
            "type": "RECTANGLE",
            "tags": [
                "WindTurbine"
            ],
            "boundingBox": {
                "height": 179.0128119423529,
                "width": 154.86572673659472,
                "left": 33.88079136925487,
                "top": 11.917550174638754
            },
            "points": [
                {
                    "x": 33.88079136925487,
                    "y": 11.917550174638754
                },
                {
                    "x": 188.7465181058496,
                    "y": 11.917550174638754
                },
                {
                    "x": 188.7465181058496,
                    "y": 190.93036211699166
                },
                {
                    "x": 33.88079136925487,
                    "y": 190.93036211699166
                }
            ]
        }
    ],
    "version": "2.1.0"
}