{
    "asset": {
        "format": "JPG",
        "id": "42cd3b3507181b46f52ceafe6d0a155c",
        "name": "1X1A0258.JPG",
        "path": "file:D:/MLDrones/matlab/yoloSimulinkDataWTFinal/swindturbinesSameSizes/1X1A0258.JPG",
        "size": {
            "width": 224,
            "height": 224
        },
        "state": 2,
        "type": 1
    },
    "regions": [
        {
            "id": "19C7rlLL3",
            "type": "RECTANGLE",
            "tags": [
                "WindTurbine"
            ],
            "boundingBox": {
                "height": 185.93871866295265,
                "width": 166.90807799442896,
                "left": 34.629526462395546,
                "top": 38.061281337047355
            },
            "points": [
                {
                    "x": 34.629526462395546,
                    "y": 38.061281337047355
                },
                {
                    "x": 201.5376044568245,
                    "y": 38.061281337047355
                },
                {
                    "x": 201.5376044568245,
                    "y": 224
                },
                {
                    "x": 34.629526462395546,
                    "y": 224
                }
            ]
        }
    ],
    "version": "2.1.0"
}