{
    "asset": {
        "format": "JPG",
        "id": "43122fda0545baf76ba576f6e1bff4ea",
        "name": "1X1A0810.JPG",
        "path": "file:D:/MLDrones/matlab/yoloSimulinkDataWTFinal/swindturbinesSameSizes/1X1A0810.JPG",
        "size": {
            "width": 224,
            "height": 224
        },
        "state": 2,
        "type": 1
    },
    "regions": [
        {
            "id": "WXA_y96CD",
            "type": "RECTANGLE",
            "tags": [
                "WindTurbine"
            ],
            "boundingBox": {
                "height": 121.04735376044569,
                "width": 88.6016713091922,
                "left": 82.05013927576601,
                "top": 73.00278551532034
            },
            "points": [
                {
                    "x": 82.05013927576601,
                    "y": 73.00278551532034
                },
                {
                    "x": 170.6518105849582,
                    "y": 73.00278551532034
                },
                {
                    "x": 170.6518105849582,
                    "y": 194.050139275766
                },
                {
                    "x": 82.05013927576601,
                    "y": 194.050139275766
                }
            ]
        }
    ],
    "version": "2.1.0"
}