{
    "asset": {
        "format": "JPG",
        "id": "43130ffa0531f41eb2a6ce2fd4a46bf5",
        "name": "1X1A0367.JPG",
        "path": "file:D:/MLDrones/matlab/yoloSimulinkDataWTFinal/swindturbinesSameSizes/1X1A0367.JPG",
        "size": {
            "width": 224,
            "height": 224
        },
        "state": 2,
        "type": 1
    },
    "regions": [
        {
            "id": "wUFf7as5B",
            "type": "RECTANGLE",
            "tags": [
                "WindTurbine"
            ],
            "boundingBox": {
                "height": 68.01114206128133,
                "width": 58.33983286908078,
                "left": 75.49860724233983,
                "top": 84.54596100278552
            },
            "points": [
                {
                    "x": 75.49860724233983,
                    "y": 84.54596100278552
                },
                {
                    "x": 133.83844011142062,
                    "y": 84.54596100278552
                },
                {
                    "x": 133.83844011142062,
                    "y": 152.55710306406687
                },
                {
                    "x": 75.49860724233983,
                    "y": 152.55710306406687
                }
            ]
        }
    ],
    "version": "2.1.0"
}