{
    "asset": {
        "format": "JPG",
        "id": "43148a2f936d25a7991b67827d4f3ef7",
        "name": "1X1A0211.JPG",
        "path": "file:D:/MLDrones/matlab/yoloSimulinkDataWTFinal/swindturbinesSameSizes/1X1A0211.JPG",
        "size": {
            "width": 224,
            "height": 224
        },
        "state": 2,
        "type": 1
    },
    "regions": [
        {
            "id": "WhrhSn-Ti",
            "type": "RECTANGLE",
            "tags": [
                "WindTurbine"
            ],
            "boundingBox": {
                "height": 193.1142061281337,
                "width": 158.29748161124652,
                "left": 60.08691950295961,
                "top": 0
            },
            "points": [
                {
                    "x": 60.08691950295961,
                    "y": 0
                },
                {
                    "x": 218.38440111420613,
                    "y": 0
                },
                {
                    "x": 218.38440111420613,
                    "y": 193.1142061281337
                },
                {
                    "x": 60.08691950295961,
                    "y": 193.1142061281337
                }
            ]
        }
    ],
    "version": "2.1.0"
}