{
    "asset": {
        "format": "JPG",
        "id": "438602a95296aaa4ca67ee4205ab912a",
        "name": "1X1A9865.JPG",
        "path": "file:D:/MLDrones/matlab/yoloSimulinkDataWTFinal/swindturbinesSameSizes/1X1A9865.JPG",
        "size": {
            "width": 224,
            "height": 224
        },
        "state": 2,
        "type": 1
    },
    "regions": [
        {
            "id": "t26x6loBH",
            "type": "RECTANGLE",
            "tags": [
                "WindTurbine"
            ],
            "boundingBox": {
                "height": 153.36824702950906,
                "width": 160.35654596100278,
                "left": 29.637883008356546,
                "top": 35.440670427837745
            },
            "points": [
                {
                    "x": 29.637883008356546,
                    "y": 35.440670427837745
                },
                {
                    "x": 189.99442896935935,
                    "y": 35.440670427837745
                },
                {
                    "x": 189.99442896935935,
                    "y": 188.8089174573468
                },
                {
                    "x": 29.637883008356546,
                    "y": 188.8089174573468
                }
            ]
        }
    ],
    "version": "2.1.0"
}