{
    "asset": {
        "format": "JPG",
        "id": "4419766969b2548393015260fba79ea5",
        "name": "1X1A9984.JPG",
        "path": "file:D:/MLDrones/matlab/yoloSimulinkDataWTFinal/swindturbinesSameSizes/1X1A9984.JPG",
        "size": {
            "width": 224,
            "height": 224
        },
        "state": 2,
        "type": 1
    },
    "regions": [
        {
            "id": "rvWWkL-_q",
            "type": "RECTANGLE",
            "tags": [
                "WindTurbine"
            ],
            "boundingBox": {
                "height": 118.30194890864381,
                "width": 80.49025069637884,
                "left": 92.03342618384401,
                "top": 79.49192295765147
            },
            "points": [
                {
                    "x": 92.03342618384401,
                    "y": 79.49192295765147
                },
                {
                    "x": 172.52367688022284,
                    "y": 79.49192295765147
                },
                {
                    "x": 172.52367688022284,
                    "y": 197.79387186629526
                },
                {
                    "x": 92.03342618384401,
                    "y": 197.79387186629526
                }
            ]
        }
    ],
    "version": "2.1.0"
}