{
    "asset": {
        "format": "JPG",
        "id": "4514aafb2298492ddf84855005b16104",
        "name": "1X1A9947.JPG",
        "path": "file:D:/MLDrones/matlab/yoloSimulinkDataWTFinal/swindturbinesSameSizes/1X1A9947.JPG",
        "size": {
            "width": 224,
            "height": 224
        },
        "state": 2,
        "type": 1
    },
    "regions": [
        {
            "id": "owavtDwZ-",
            "type": "RECTANGLE",
            "tags": [
                "WindTurbine"
            ],
            "boundingBox": {
                "height": 100.70641239771936,
                "width": 97.08746898938023,
                "left": 63.33147632311978,
                "top": 57.279110539258355
            },
            "points": [
                {
                    "x": 63.33147632311978,
                    "y": 57.279110539258355
                },
                {
                    "x": 160.4189453125,
                    "y": 57.279110539258355
                },
                {
                    "x": 160.4189453125,
                    "y": 157.98552293697773
                },
                {
                    "x": 63.33147632311978,
                    "y": 157.98552293697773
                }
            ]
        }
    ],
    "version": "2.1.0"
}