{
    "asset": {
        "format": "JPG",
        "id": "45fa1618c6847e34c9251a507dc4dc9e",
        "name": "1X1A0018.JPG",
        "path": "file:D:/MLDrones/matlab/yoloSimulinkDataWTFinal/swindturbinesSameSizes/1X1A0018.JPG",
        "size": {
            "width": 224,
            "height": 224
        },
        "state": 2,
        "type": 1
    },
    "regions": [
        {
            "id": "x4b7bI-1f",
            "type": "RECTANGLE",
            "tags": [
                "WindTurbine"
            ],
            "boundingBox": {
                "height": 213.26797799878133,
                "width": 223.68802228412258,
                "left": 0.31197771587743733,
                "top": 0.6239554317548747
            },
            "points": [
                {
                    "x": 0.31197771587743733,
                    "y": 0.6239554317548747
                },
                {
                    "x": 224,
                    "y": 0.6239554317548747
                },
                {
                    "x": 224,
                    "y": 213.89193343053623
                },
                {
                    "x": 0.31197771587743733,
                    "y": 213.89193343053623
                }
            ]
        }
    ],
    "version": "2.1.0"
}