{
    "asset": {
        "format": "JPG",
        "id": "46793c3f26b3745d3d85832151387d60",
        "name": "1X1A0069.JPG",
        "path": "file:D:/MLDrones/matlab/yoloSimulinkDataWTFinal/swindturbinesSameSizes/1X1A0069.JPG",
        "size": {
            "width": 224,
            "height": 224
        },
        "state": 2,
        "type": 1
    },
    "regions": [
        {
            "id": "_oSTghl77",
            "type": "RECTANGLE",
            "tags": [
                "WindTurbine"
            ],
            "boundingBox": {
                "height": 193.4261886044133,
                "width": 154.86572673659472,
                "left": 26.892482916956826,
                "top": 14.72534723733461
            },
            "points": [
                {
                    "x": 26.892482916956826,
                    "y": 14.72534723733461
                },
                {
                    "x": 181.75820965355155,
                    "y": 14.72534723733461
                },
                {
                    "x": 181.75820965355155,
                    "y": 208.15153584174791
                },
                {
                    "x": 26.892482916956826,
                    "y": 208.15153584174791
                }
            ]
        }
    ],
    "version": "2.1.0"
}