{
    "asset": {
        "format": "JPG",
        "id": "47570fda5603897df8ff224891474514",
        "name": "1X1A0294.JPG",
        "path": "file:D:/MLDrones/matlab/yoloSimulinkDataWTFinal/swindturbinesSameSizes/1X1A0294.JPG",
        "size": {
            "width": 224,
            "height": 224
        },
        "state": 2,
        "type": 1
    },
    "regions": [
        {
            "id": "o2DByCLJc",
            "type": "RECTANGLE",
            "tags": [
                "WindTurbine"
            ],
            "boundingBox": {
                "height": 115.11977715877438,
                "width": 72.37883008356546,
                "left": 75.1866295264624,
                "top": 64.57938718662953
            },
            "points": [
                {
                    "x": 75.1866295264624,
                    "y": 64.57938718662953
                },
                {
                    "x": 147.56545961002786,
                    "y": 64.57938718662953
                },
                {
                    "x": 147.56545961002786,
                    "y": 179.69916434540391
                },
                {
                    "x": 75.1866295264624,
                    "y": 179.69916434540391
                }
            ]
        }
    ],
    "version": "2.1.0"
}