{
    "asset": {
        "format": "JPG",
        "id": "47b97a6976734cfdc1605172b80ded18",
        "name": "1X1A0281.JPG",
        "path": "file:D:/MLDrones/matlab/yoloSimulinkDataWTFinal/swindturbinesSameSizes/1X1A0281.JPG",
        "size": {
            "width": 224,
            "height": 224
        },
        "state": 2,
        "type": 1
    },
    "regions": [
        {
            "id": "mnl4jn8om",
            "type": "RECTANGLE",
            "tags": [
                "WindTurbine"
            ],
            "boundingBox": {
                "height": 91.72144846796658,
                "width": 59.89972144846798,
                "left": 71.75487465181058,
                "top": 70.1949860724234
            },
            "points": [
                {
                    "x": 71.75487465181058,
                    "y": 70.1949860724234
                },
                {
                    "x": 131.65459610027855,
                    "y": 70.1949860724234
                },
                {
                    "x": 131.65459610027855,
                    "y": 161.91643454039
                },
                {
                    "x": 71.75487465181058,
                    "y": 161.91643454039
                }
            ]
        }
    ],
    "version": "2.1.0"
}