{
    "asset": {
        "format": "JPG",
        "id": "48667468b3bad8700ef3e61c027dc85d",
        "name": "1X1A9928.JPG",
        "path": "file:D:/MLDrones/matlab/yoloSimulinkDataWTFinal/swindturbinesSameSizes/1X1A9928.JPG",
        "size": {
            "width": 224,
            "height": 224
        },
        "state": 2,
        "type": 1
    },
    "regions": [
        {
            "id": "ZewEFztXo",
            "type": "RECTANGLE",
            "tags": [
                "WindTurbine"
            ],
            "boundingBox": {
                "height": 116.30528867078691,
                "width": 94.59162822075209,
                "left": 84.04680427402508,
                "top": 94.21727019498607
            },
            "points": [
                {
                    "x": 84.04680427402508,
                    "y": 94.21727019498607
                },
                {
                    "x": 178.63843249477716,
                    "y": 94.21727019498607
                },
                {
                    "x": 178.63843249477716,
                    "y": 210.522558865773
                },
                {
                    "x": 84.04680427402508,
                    "y": 210.522558865773
                }
            ]
        }
    ],
    "version": "2.1.0"
}