{
    "asset": {
        "format": "JPG",
        "id": "49be7c30510caac992cf9fc7fb667227",
        "name": "1X1A0067.JPG",
        "path": "file:D:/MLDrones/matlab/yoloSimulinkDataWTFinal/swindturbinesSameSizes/1X1A0067.JPG",
        "size": {
            "width": 224,
            "height": 224
        },
        "state": 2,
        "type": 1
    },
    "regions": [
        {
            "id": "Zd4UVbS46",
            "type": "RECTANGLE",
            "tags": [
                "WindTurbine"
            ],
            "boundingBox": {
                "height": 196.2963826384053,
                "width": 157.98550389536908,
                "left": 20.15377187064763,
                "top": 21.838440111420613
            },
            "points": [
                {
                    "x": 20.15377187064763,
                    "y": 21.838440111420613
                },
                {
                    "x": 178.1392757660167,
                    "y": 21.838440111420613
                },
                {
                    "x": 178.1392757660167,
                    "y": 218.1348227498259
                },
                {
                    "x": 20.15377187064763,
                    "y": 218.1348227498259
                }
            ]
        }
    ],
    "version": "2.1.0"
}