{
    "asset": {
        "format": "JPG",
        "id": "49c2599ee1724f39ec81bd11ad3c6255",
        "name": "1X1A0121.JPG",
        "path": "file:D:/MLDrones/matlab/yoloSimulinkDataWTFinal/swindturbinesSameSizes/1X1A0121.JPG",
        "size": {
            "width": 224,
            "height": 224
        },
        "state": 2,
        "type": 1
    },
    "regions": [
        {
            "id": "Pjg1kGU8D",
            "type": "RECTANGLE",
            "tags": [
                "WindTurbine"
            ],
            "boundingBox": {
                "height": 178.70083422647545,
                "width": 153.30583815720752,
                "left": 32.00892507399025,
                "top": 35.31587886544656
            },
            "points": [
                {
                    "x": 32.00892507399025,
                    "y": 35.31587886544656
                },
                {
                    "x": 185.3147632311978,
                    "y": 35.31587886544656
                },
                {
                    "x": 185.3147632311978,
                    "y": 214.016713091922
                },
                {
                    "x": 32.00892507399025,
                    "y": 214.016713091922
                }
            ]
        }
    ],
    "version": "2.1.0"
}