{
    "asset": {
        "format": "JPG",
        "id": "4abb59d8696c582d764e13346ba4e099",
        "name": "1X1A9784.JPG",
        "path": "file:D:/MLDrones/matlab/yoloSimulinkDataWTFinal/swindturbinesSameSizes/1X1A9784.JPG",
        "size": {
            "width": 224,
            "height": 224
        },
        "state": 2,
        "type": 1
    },
    "regions": [
        {
            "id": "F443Cwhey",
            "type": "RECTANGLE",
            "tags": [
                "WindTurbine"
            ],
            "boundingBox": {
                "height": 193.1142061281337,
                "width": 137.27019498607243,
                "left": 60.83565459610028,
                "top": 24.022284122562674
            },
            "points": [
                {
                    "x": 60.83565459610028,
                    "y": 24.022284122562674
                },
                {
                    "x": 198.1058495821727,
                    "y": 24.022284122562674
                },
                {
                    "x": 198.1058495821727,
                    "y": 217.1364902506964
                },
                {
                    "x": 60.83565459610028,
                    "y": 217.1364902506964
                }
            ]
        }
    ],
    "version": "2.1.0"
}