{
    "asset": {
        "format": "JPG",
        "id": "4b0ff829f4bf3c5cb0a442e08cf31e71",
        "name": "1X1A0338.JPG",
        "path": "file:D:/MLDrones/matlab/yoloSimulinkDataWTFinal/swindturbinesSameSizes/1X1A0338.JPG",
        "size": {
            "width": 224,
            "height": 224
        },
        "state": 2,
        "type": 1
    },
    "regions": [
        {
            "id": "xNHAorRZR",
            "type": "RECTANGLE",
            "tags": [
                "WindTurbine"
            ],
            "boundingBox": {
                "height": 53.34818941504179,
                "width": 45.54874651810585,
                "left": 85.79387186629526,
                "top": 85.48189415041783
            },
            "points": [
                {
                    "x": 85.79387186629526,
                    "y": 85.48189415041783
                },
                {
                    "x": 131.3426183844011,
                    "y": 85.48189415041783
                },
                {
                    "x": 131.3426183844011,
                    "y": 138.8300835654596
                },
                {
                    "x": 85.79387186629526,
                    "y": 138.8300835654596
                }
            ]
        }
    ],
    "version": "2.1.0"
}