{
    "asset": {
        "format": "JPG",
        "id": "4b54a866bec0cc7d7d134101c1fcebd8",
        "name": "1X1A0230.JPG",
        "path": "file:D:/MLDrones/matlab/yoloSimulinkDataWTFinal/swindturbinesSameSizes/1X1A0230.JPG",
        "size": {
            "width": 224,
            "height": 224
        },
        "state": 2,
        "type": 1
    },
    "regions": [
        {
            "id": "bosaZ28KX",
            "type": "RECTANGLE",
            "tags": [
                "WindTurbine"
            ],
            "boundingBox": {
                "height": 197.48189415041784,
                "width": 156.73759303185935,
                "left": 0.4991757703690808,
                "top": 16.846796657381617
            },
            "points": [
                {
                    "x": 0.4991757703690808,
                    "y": 16.846796657381617
                },
                {
                    "x": 157.23676880222843,
                    "y": 16.846796657381617
                },
                {
                    "x": 157.23676880222843,
                    "y": 214.32869080779946
                },
                {
                    "x": 0.4991757703690808,
                    "y": 214.32869080779946
                }
            ]
        }
    ],
    "version": "2.1.0"
}