{
    "asset": {
        "format": "JPG",
        "id": "4b95c374562ab0f223bacb39f764d720",
        "name": "1X1A9816.JPG",
        "path": "file:D:/MLDrones/matlab/yoloSimulinkDataWTFinal/swindturbinesSameSizes/1X1A9816.JPG",
        "size": {
            "width": 224,
            "height": 224
        },
        "state": 2,
        "type": 1
    },
    "regions": [
        {
            "id": "t-vt-dHp-",
            "type": "RECTANGLE",
            "tags": [
                "WindTurbine"
            ],
            "boundingBox": {
                "height": 99.58330023720404,
                "width": 77.7448506049791,
                "left": 77.30807418610725,
                "top": 62.52033235767758
            },
            "points": [
                {
                    "x": 77.30807418610725,
                    "y": 62.52033235767758
                },
                {
                    "x": 155.05292479108635,
                    "y": 62.52033235767758
                },
                {
                    "x": 155.05292479108635,
                    "y": 162.10363259488162
                },
                {
                    "x": 77.30807418610725,
                    "y": 162.10363259488162
                }
            ]
        }
    ],
    "version": "2.1.0"
}