{
    "asset": {
        "format": "JPG",
        "id": "4bb7944c6023bce0141bce9c8225cd04",
        "name": "1X1A0170.JPG",
        "path": "file:D:/MLDrones/matlab/yoloSimulinkDataWTFinal/swindturbinesSameSizes/1X1A0170.JPG",
        "size": {
            "width": 224,
            "height": 224
        },
        "state": 2,
        "type": 1
    },
    "regions": [
        {
            "id": "G4vFHjJ5l",
            "type": "RECTANGLE",
            "tags": [
                "WindTurbine"
            ],
            "boundingBox": {
                "height": 183.380499964637,
                "width": 160.793303338266,
                "left": 6.114774656162953,
                "top": 40.61950003536299
            },
            "points": [
                {
                    "x": 6.114774656162953,
                    "y": 40.61950003536299
                },
                {
                    "x": 166.90807799442896,
                    "y": 40.61950003536299
                },
                {
                    "x": 166.90807799442896,
                    "y": 224
                },
                {
                    "x": 6.114774656162953,
                    "y": 224
                }
            ]
        }
    ],
    "version": "2.1.0"
}