{
    "asset": {
        "format": "JPG",
        "id": "4c50f5437460dbd74144c02dde52ccb8",
        "name": "1X1A9863.JPG",
        "path": "file:D:/MLDrones/matlab/yoloSimulinkDataWTFinal/swindturbinesSameSizes/1X1A9863.JPG",
        "size": {
            "width": 224,
            "height": 224
        },
        "state": 2,
        "type": 1
    },
    "regions": [
        {
            "id": "afN1GBq10",
            "type": "RECTANGLE",
            "tags": [
                "WindTurbine"
            ],
            "boundingBox": {
                "height": 135.0239563838353,
                "width": 144.50806276114207,
                "left": 28.88914791521588,
                "top": 46.54707425683322
            },
            "points": [
                {
                    "x": 28.88914791521588,
                    "y": 46.54707425683322
                },
                {
                    "x": 173.39721067635793,
                    "y": 46.54707425683322
                },
                {
                    "x": 173.39721067635793,
                    "y": 181.57103064066854
                },
                {
                    "x": 28.88914791521588,
                    "y": 181.57103064066854
                }
            ]
        }
    ],
    "version": "2.1.0"
}