{
    "asset": {
        "format": "JPG",
        "id": "4c76840cae961a1dbcd5a21dec3de5fe",
        "name": "1X1A0089.JPG",
        "path": "file:D:/MLDrones/matlab/yoloSimulinkDataWTFinal/swindturbinesSameSizes/1X1A0089.JPG",
        "size": {
            "width": 224,
            "height": 224
        },
        "state": 2,
        "type": 1
    },
    "regions": [
        {
            "id": "pWcVmDUmP",
            "type": "RECTANGLE",
            "tags": [
                "WindTurbine"
            ],
            "boundingBox": {
                "height": 176.08022093706478,
                "width": 148.00222650809542,
                "left": 0.1871885336873259,
                "top": 10.482453157642757
            },
            "points": [
                {
                    "x": 0.1871885336873259,
                    "y": 10.482453157642757
                },
                {
                    "x": 148.18941504178272,
                    "y": 10.482453157642757
                },
                {
                    "x": 148.18941504178272,
                    "y": 186.56267409470752
                },
                {
                    "x": 0.1871885336873259,
                    "y": 186.56267409470752
                }
            ]
        }
    ],
    "version": "2.1.0"
}