{
    "asset": {
        "format": "JPG",
        "id": "4ccfafc36a374c972ca9f9627ec0e24d",
        "name": "1X1A9930.JPG",
        "path": "file:D:/MLDrones/matlab/yoloSimulinkDataWTFinal/swindturbinesSameSizes/1X1A9930.JPG",
        "size": {
            "width": 224,
            "height": 224
        },
        "state": 2,
        "type": 1
    },
    "regions": [
        {
            "id": "wf9HcdGXl",
            "type": "RECTANGLE",
            "tags": [
                "WindTurbine"
            ],
            "boundingBox": {
                "height": 104.32534628525418,
                "width": 88.6016713091922,
                "left": 65.2033426183844,
                "top": 49.167689926444986
            },
            "points": [
                {
                    "x": 65.2033426183844,
                    "y": 49.167689926444986
                },
                {
                    "x": 153.8050139275766,
                    "y": 49.167689926444986
                },
                {
                    "x": 153.8050139275766,
                    "y": 153.49303621169918
                },
                {
                    "x": 65.2033426183844,
                    "y": 153.49303621169918
                }
            ]
        }
    ],
    "version": "2.1.0"
}