{
    "asset": {
        "format": "JPG",
        "id": "4cdd94535de20032f7a06425e2f53803",
        "name": "1X1A9779.JPG",
        "path": "file:D:/MLDrones/matlab/yoloSimulinkDataWTFinal/swindturbinesSameSizes/1X1A9779.JPG",
        "size": {
            "width": 224,
            "height": 224
        },
        "state": 2,
        "type": 1
    },
    "regions": [
        {
            "id": "84Tvi3qfW",
            "type": "RECTANGLE",
            "tags": [
                "WindTurbine"
            ],
            "boundingBox": {
                "height": 161.60445682451254,
                "width": 109.81615598885794,
                "left": 71.1309192200557,
                "top": 38.99721448467967
            },
            "points": [
                {
                    "x": 71.1309192200557,
                    "y": 38.99721448467967
                },
                {
                    "x": 180.94707520891365,
                    "y": 38.99721448467967
                },
                {
                    "x": 180.94707520891365,
                    "y": 200.6016713091922
                },
                {
                    "x": 71.1309192200557,
                    "y": 200.6016713091922
                }
            ]
        }
    ],
    "version": "2.1.0"
}