{
    "asset": {
        "format": "JPG",
        "id": "4d51a5137c1d8733b521d8162d084999",
        "name": "1X1A9818.JPG",
        "path": "file:D:/MLDrones/matlab/yoloSimulinkDataWTFinal/swindturbinesSameSizes/1X1A9818.JPG",
        "size": {
            "width": 224,
            "height": 224
        },
        "state": 2,
        "type": 1
    },
    "regions": [
        {
            "id": "uj4lpnKxA",
            "type": "RECTANGLE",
            "tags": [
                "WindTurbine"
            ],
            "boundingBox": {
                "height": 104.82452205562326,
                "width": 77.62005190198468,
                "left": 79.05516081998607,
                "top": 61.8963769259227
            },
            "points": [
                {
                    "x": 79.05516081998607,
                    "y": 61.8963769259227
                },
                {
                    "x": 156.67521272197075,
                    "y": 61.8963769259227
                },
                {
                    "x": 156.67521272197075,
                    "y": 166.72089898154596
                },
                {
                    "x": 79.05516081998607,
                    "y": 166.72089898154596
                }
            ]
        }
    ],
    "version": "2.1.0"
}