{
    "asset": {
        "format": "JPG",
        "id": "4ec54c80e8575af4f26ac92ec6af78cc",
        "name": "1X1A0165.JPG",
        "path": "file:D:/MLDrones/matlab/yoloSimulinkDataWTFinal/swindturbinesSameSizes/1X1A0165.JPG",
        "size": {
            "width": 224,
            "height": 224
        },
        "state": 2,
        "type": 1
    },
    "regions": [
        {
            "id": "OIo7GAfkA7",
            "type": "RECTANGLE",
            "tags": [
                "WindTurbine"
            ],
            "boundingBox": {
                "height": 217.07409327940024,
                "width": 171.58774373259052,
                "left": 0,
                "top": 5.677995857090007
            },
            "points": [
                {
                    "x": 0,
                    "y": 5.677995857090007
                },
                {
                    "x": 171.58774373259052,
                    "y": 5.677995857090007
                },
                {
                    "x": 171.58774373259052,
                    "y": 222.75208913649027
                },
                {
                    "x": 0,
                    "y": 222.75208913649027
                }
            ]
        }
    ],
    "version": "2.1.0"
}