{
    "asset": {
        "format": "JPG",
        "id": "4f184f7688437e90c532f091f5c6b05a",
        "name": "1X1A9919.JPG",
        "path": "file:D:/MLDrones/matlab/yoloSimulinkDataWTFinal/swindturbinesSameSizes/1X1A9919.JPG",
        "size": {
            "width": 224,
            "height": 224
        },
        "state": 2,
        "type": 1
    },
    "regions": [
        {
            "id": "aPPQ4mAfm",
            "type": "RECTANGLE",
            "tags": [
                "WindTurbine"
            ],
            "boundingBox": {
                "height": 108.6930343075383,
                "width": 79.61671690024373,
                "left": 69.82060900504875,
                "top": 74.12590719663997
            },
            "points": [
                {
                    "x": 69.82060900504875,
                    "y": 74.12590719663997
                },
                {
                    "x": 149.43732590529248,
                    "y": 74.12590719663997
                },
                {
                    "x": 149.43732590529248,
                    "y": 182.81894150417827
                },
                {
                    "x": 69.82060900504875,
                    "y": 182.81894150417827
                }
            ]
        }
    ],
    "version": "2.1.0"
}