{
    "asset": {
        "format": "JPG",
        "id": "50035a613198fa7b1d0a6dbae7e9b312",
        "name": "1X1A0116.JPG",
        "path": "file:D:/MLDrones/matlab/yoloSimulinkDataWTFinal/swindturbinesSameSizes/1X1A0116.JPG",
        "size": {
            "width": 224,
            "height": 224
        },
        "state": 2,
        "type": 1
    },
    "regions": [
        {
            "id": "dzdhnrZGm",
            "type": "RECTANGLE",
            "tags": [
                "WindTurbine"
            ],
            "boundingBox": {
                "height": 142.26183844011143,
                "width": 152.1827259966922,
                "left": 15.910863509749303,
                "top": 0
            },
            "points": [
                {
                    "x": 15.910863509749303,
                    "y": 0
                },
                {
                    "x": 168.0935895064415,
                    "y": 0
                },
                {
                    "x": 168.0935895064415,
                    "y": 142.26183844011143
                },
                {
                    "x": 15.910863509749303,
                    "y": 142.26183844011143
                }
            ]
        }
    ],
    "version": "2.1.0"
}