{
    "asset": {
        "format": "JPG",
        "id": "5012a50cb370c7dc529f21e4ae1290e3",
        "name": "1X1A9925.JPG",
        "path": "file:D:/MLDrones/matlab/yoloSimulinkDataWTFinal/swindturbinesSameSizes/1X1A9925.JPG",
        "size": {
            "width": 224,
            "height": 224
        },
        "state": 2,
        "type": 1
    },
    "regions": [
        {
            "id": "Ga0ETZsPx",
            "type": "RECTANGLE",
            "tags": [
                "WindTurbine"
            ],
            "boundingBox": {
                "height": 117.67798871648677,
                "width": 88.97604837656685,
                "left": 106.13482274982591,
                "top": 84.73314953647284
            },
            "points": [
                {
                    "x": 106.13482274982591,
                    "y": 84.73314953647284
                },
                {
                    "x": 195.11087112639277,
                    "y": 84.73314953647284
                },
                {
                    "x": 195.11087112639277,
                    "y": 202.4111382529596
                },
                {
                    "x": 106.13482274982591,
                    "y": 202.4111382529596
                }
            ]
        }
    ],
    "version": "2.1.0"
}