{
    "asset": {
        "format": "JPG",
        "id": "509b61157459f662420c6939ec472f8d",
        "name": "1X1A9987.JPG",
        "path": "file:D:/MLDrones/matlab/yoloSimulinkDataWTFinal/swindturbinesSameSizes/1X1A9987.JPG",
        "size": {
            "width": 224,
            "height": 224
        },
        "state": 2,
        "type": 1
    },
    "regions": [
        {
            "id": "cFHCKhOmg",
            "type": "RECTANGLE",
            "tags": [
                "WindTurbine"
            ],
            "boundingBox": {
                "height": 114.18384401114207,
                "width": 78.93036211699165,
                "left": 116.99164345403901,
                "top": 58.02785515320335
            },
            "points": [
                {
                    "x": 116.99164345403901,
                    "y": 58.02785515320335
                },
                {
                    "x": 195.92200557103064,
                    "y": 58.02785515320335
                },
                {
                    "x": 195.92200557103064,
                    "y": 172.21169916434542
                },
                {
                    "x": 116.99164345403901,
                    "y": 172.21169916434542
                }
            ]
        }
    ],
    "version": "2.1.0"
}