{
    "asset": {
        "format": "JPG",
        "id": "50c95540d565db7465e7b921b677ed57",
        "name": "1X1A0008.JPG",
        "path": "file:D:/MLDrones/matlab/yoloSimulinkDataWTFinal/swindturbinesSameSizes/1X1A0008.JPG",
        "size": {
            "width": 224,
            "height": 224
        },
        "state": 2,
        "type": 1
    },
    "regions": [
        {
            "id": "Wi4qVUTBs",
            "type": "RECTANGLE",
            "tags": [
                "WindTurbine"
            ],
            "boundingBox": {
                "height": 160.231766299617,
                "width": 99.83286908077994,
                "left": 53.22340975365599,
                "top": 9.35933147632312
            },
            "points": [
                {
                    "x": 53.22340975365599,
                    "y": 9.35933147632312
                },
                {
                    "x": 153.05627883443594,
                    "y": 9.35933147632312
                },
                {
                    "x": 153.05627883443594,
                    "y": 169.5910977759401
                },
                {
                    "x": 53.22340975365599,
                    "y": 169.5910977759401
                }
            ]
        }
    ],
    "version": "2.1.0"
}