{
    "asset": {
        "format": "JPG",
        "id": "5116fe1974462a1185f3d1a549bd0fa4",
        "name": "1X1A9918.JPG",
        "path": "file:D:/MLDrones/matlab/yoloSimulinkDataWTFinal/swindturbinesSameSizes/1X1A9918.JPG",
        "size": {
            "width": 224,
            "height": 224
        },
        "state": 2,
        "type": 1
    },
    "regions": [
        {
            "id": "wDmvX42dq",
            "type": "RECTANGLE",
            "tags": [
                "WindTurbine"
            ],
            "boundingBox": {
                "height": 107.32032474103413,
                "width": 89.97438087569638,
                "left": 63.08189795873955,
                "top": 63.89304192418176
            },
            "points": [
                {
                    "x": 63.08189795873955,
                    "y": 63.89304192418176
                },
                {
                    "x": 153.05627883443594,
                    "y": 63.89304192418176
                },
                {
                    "x": 153.05627883443594,
                    "y": 171.2133666652159
                },
                {
                    "x": 63.08189795873955,
                    "y": 171.2133666652159
                }
            ]
        }
    ],
    "version": "2.1.0"
}