{
    "asset": {
        "format": "JPG",
        "id": "51435bff8a594838dcbebd4109c42b70",
        "name": "1X1A0059.JPG",
        "path": "file:D:/MLDrones/matlab/yoloSimulinkDataWTFinal/swindturbinesSameSizes/1X1A0059.JPG",
        "size": {
            "width": 224,
            "height": 224
        },
        "state": 2,
        "type": 1
    },
    "regions": [
        {
            "id": "7DOStIVpp",
            "type": "RECTANGLE",
            "tags": [
                "WindTurbine"
            ],
            "boundingBox": {
                "height": 188.30975358798312,
                "width": 143.57214865511838,
                "left": 80.42785134488162,
                "top": 9.858495345686803
            },
            "points": [
                {
                    "x": 80.42785134488162,
                    "y": 9.858495345686803
                },
                {
                    "x": 224,
                    "y": 9.858495345686803
                },
                {
                    "x": 224,
                    "y": 198.16824893366993
                },
                {
                    "x": 80.42785134488162,
                    "y": 198.16824893366993
                }
            ]
        }
    ],
    "version": "2.1.0"
}