{
    "asset": {
        "format": "JPG",
        "id": "51487ad0a14f284fb3eb27e8de76f76b",
        "name": "1X1A9935.JPG",
        "path": "file:D:/MLDrones/matlab/yoloSimulinkDataWTFinal/swindturbinesSameSizes/1X1A9935.JPG",
        "size": {
            "width": 224,
            "height": 224
        },
        "state": 2,
        "type": 1
    },
    "regions": [
        {
            "id": "YIL-WuLHF",
            "type": "RECTANGLE",
            "tags": [
                "WindTurbine"
            ],
            "boundingBox": {
                "height": 160.35654596100278,
                "width": 136.39664214832868,
                "left": 45.985522936977716,
                "top": 24.958217270194986
            },
            "points": [
                {
                    "x": 45.985522936977716,
                    "y": 24.958217270194986
                },
                {
                    "x": 182.3821650853064,
                    "y": 24.958217270194986
                },
                {
                    "x": 182.3821650853064,
                    "y": 185.3147632311978
                },
                {
                    "x": 45.985522936977716,
                    "y": 185.3147632311978
                }
            ]
        }
    ],
    "version": "2.1.0"
}