{
    "asset": {
        "format": "JPG",
        "id": "51603b79970b61290ffe687c7b583b5c",
        "name": "1X1A9777.JPG",
        "path": "file:D:/MLDrones/matlab/yoloSimulinkDataWTFinal/swindturbinesSameSizes/1X1A9777.JPG",
        "size": {
            "width": 224,
            "height": 224
        },
        "state": 2,
        "type": 1
    },
    "regions": [
        {
            "id": "ElfD9LmUB",
            "type": "RECTANGLE",
            "tags": [
                "WindTurbine"
            ],
            "boundingBox": {
                "height": 181.88300835654596,
                "width": 136.02228412256267,
                "left": 59.58774373259053,
                "top": 27.766016713091922
            },
            "points": [
                {
                    "x": 59.58774373259053,
                    "y": 27.766016713091922
                },
                {
                    "x": 195.61002785515322,
                    "y": 27.766016713091922
                },
                {
                    "x": 195.61002785515322,
                    "y": 209.6490250696379
                },
                {
                    "x": 59.58774373259053,
                    "y": 209.6490250696379
                }
            ]
        }
    ],
    "version": "2.1.0"
}