{
    "asset": {
        "format": "JPG",
        "id": "528a8b92a4d381a407418925a6805bf2",
        "name": "1X1A9758.JPG",
        "path": "file:D:/MLDrones/matlab/yoloSimulinkDataWTFinal/swindturbinesSameSizes/1X1A9758.JPG",
        "size": {
            "width": 224,
            "height": 224
        },
        "state": 2,
        "type": 1
    },
    "regions": [
        {
            "id": "-4G6HVqM7",
            "type": "RECTANGLE",
            "tags": [
                "WindTurbine"
            ],
            "boundingBox": {
                "height": 177.2033426183844,
                "width": 156.92479108635098,
                "left": 54.59610027855153,
                "top": 45.86072423398329
            },
            "points": [
                {
                    "x": 54.59610027855153,
                    "y": 45.86072423398329
                },
                {
                    "x": 211.52089136490252,
                    "y": 45.86072423398329
                },
                {
                    "x": 211.52089136490252,
                    "y": 223.0640668523677
                },
                {
                    "x": 54.59610027855153,
                    "y": 223.0640668523677
                }
            ]
        }
    ],
    "version": "2.1.0"
}