{
    "asset": {
        "format": "JPG",
        "id": "52d4a6630d024f3950160c8f91c45e2d",
        "name": "1X1A0356.JPG",
        "path": "file:D:/MLDrones/matlab/yoloSimulinkDataWTFinal/swindturbinesSameSizes/1X1A0356.JPG",
        "size": {
            "width": 224,
            "height": 224
        },
        "state": 2,
        "type": 1
    },
    "regions": [
        {
            "id": "3aNGW38JF",
            "type": "RECTANGLE",
            "tags": [
                "WindTurbine"
            ],
            "boundingBox": {
                "height": 61.77158774373259,
                "width": 44.92479108635098,
                "left": 82.98607242339833,
                "top": 91.40947075208913
            },
            "points": [
                {
                    "x": 82.98607242339833,
                    "y": 91.40947075208913
                },
                {
                    "x": 127.9108635097493,
                    "y": 91.40947075208913
                },
                {
                    "x": 127.9108635097493,
                    "y": 153.1810584958217
                },
                {
                    "x": 82.98607242339833,
                    "y": 153.1810584958217
                }
            ]
        }
    ],
    "version": "2.1.0"
}