{
    "asset": {
        "format": "JPG",
        "id": "52ff79357f5c88c12c8b8feb90020fe5",
        "name": "1X1A0191.JPG",
        "path": "file:D:/MLDrones/matlab/yoloSimulinkDataWTFinal/swindturbinesSameSizes/1X1A0191.JPG",
        "size": {
            "width": 224,
            "height": 224
        },
        "state": 2,
        "type": 1
    },
    "regions": [
        {
            "id": "EAFWQkxfQ",
            "type": "RECTANGLE",
            "tags": [
                "WindTurbine"
            ],
            "boundingBox": {
                "height": 180.32311977715878,
                "width": 162.66516963353064,
                "left": 24.83343760880919,
                "top": 0
            },
            "points": [
                {
                    "x": 24.83343760880919,
                    "y": 0
                },
                {
                    "x": 187.49860724233983,
                    "y": 0
                },
                {
                    "x": 187.49860724233983,
                    "y": 180.32311977715878
                },
                {
                    "x": 24.83343760880919,
                    "y": 180.32311977715878
                }
            ]
        }
    ],
    "version": "2.1.0"
}