{
    "asset": {
        "format": "JPG",
        "id": "5358f9a136663d6c0f221e1a33812b26",
        "name": "1X1A9989.JPG",
        "path": "file:D:/MLDrones/matlab/yoloSimulinkDataWTFinal/swindturbinesSameSizes/1X1A9989.JPG",
        "size": {
            "width": 224,
            "height": 224
        },
        "state": 2,
        "type": 1
    },
    "regions": [
        {
            "id": "fr-IndX45",
            "type": "RECTANGLE",
            "tags": [
                "WindTurbine"
            ],
            "boundingBox": {
                "height": 119.4874651810585,
                "width": 92.34540389972145,
                "left": 104.20055710306407,
                "top": 69.57103064066852
            },
            "points": [
                {
                    "x": 104.20055710306407,
                    "y": 69.57103064066852
                },
                {
                    "x": 196.54596100278553,
                    "y": 69.57103064066852
                },
                {
                    "x": 196.54596100278553,
                    "y": 189.05849582172704
                },
                {
                    "x": 104.20055710306407,
                    "y": 189.05849582172704
                }
            ]
        }
    ],
    "version": "2.1.0"
}