{
    "asset": {
        "format": "JPG",
        "id": "5427e215a634dcd7d24b1cdb447b839c",
        "name": "1X1A0301.JPG",
        "path": "file:D:/MLDrones/matlab/yoloSimulinkDataWTFinal/swindturbinesSameSizes/1X1A0301.JPG",
        "size": {
            "width": 224,
            "height": 224
        },
        "state": 2,
        "type": 1
    },
    "regions": [
        {
            "id": "tR0Gc2OX8",
            "type": "RECTANGLE",
            "tags": [
                "WindTurbine"
            ],
            "boundingBox": {
                "height": 59.275766016713085,
                "width": 50.54038997214485,
                "left": 87.66573816155989,
                "top": 77.37047353760447
            },
            "points": [
                {
                    "x": 87.66573816155989,
                    "y": 77.37047353760447
                },
                {
                    "x": 138.2061281337047,
                    "y": 77.37047353760447
                },
                {
                    "x": 138.2061281337047,
                    "y": 136.64623955431753
                },
                {
                    "x": 87.66573816155989,
                    "y": 136.64623955431753
                }
            ]
        }
    ],
    "version": "2.1.0"
}