{
    "asset": {
        "format": "JPG",
        "id": "54ef842c344988f4174ecef1d5de6c49",
        "name": "1X1A0363.JPG",
        "path": "file:D:/MLDrones/matlab/yoloSimulinkDataWTFinal/swindturbinesSameSizes/1X1A0363.JPG",
        "size": {
            "width": 224,
            "height": 224
        },
        "state": 2,
        "type": 1
    },
    "regions": [
        {
            "id": "765IaJtri",
            "type": "RECTANGLE",
            "tags": [
                "WindTurbine"
            ],
            "boundingBox": {
                "height": 60.211699164345404,
                "width": 58.33983286908078,
                "left": 78.93036211699165,
                "top": 78.30640668523677
            },
            "points": [
                {
                    "x": 78.93036211699165,
                    "y": 78.30640668523677
                },
                {
                    "x": 137.27019498607243,
                    "y": 78.30640668523677
                },
                {
                    "x": 137.27019498607243,
                    "y": 138.51810584958218
                },
                {
                    "x": 78.93036211699165,
                    "y": 138.51810584958218
                }
            ]
        }
    ],
    "version": "2.1.0"
}