{
    "asset": {
        "format": "JPG",
        "id": "55f2783aa911a5b9d628a829772fc934",
        "name": "1X1A9794.JPG",
        "path": "file:D:/MLDrones/matlab/yoloSimulinkDataWTFinal/swindturbinesSameSizes/1X1A9794.JPG",
        "size": {
            "width": 224,
            "height": 224
        },
        "state": 2,
        "type": 1
    },
    "regions": [
        {
            "id": "28jQzhFzT",
            "type": "RECTANGLE",
            "tags": [
                "WindTurbine"
            ],
            "boundingBox": {
                "height": 223.00166988107156,
                "width": 183.2556988814415,
                "left": 40.7443011185585,
                "top": 0.9983301189284471
            },
            "points": [
                {
                    "x": 40.7443011185585,
                    "y": 0.9983301189284471
                },
                {
                    "x": 224,
                    "y": 0.9983301189284471
                },
                {
                    "x": 224,
                    "y": 224
                },
                {
                    "x": 40.7443011185585,
                    "y": 224
                }
            ]
        }
    ],
    "version": "2.1.0"
}