{
    "asset": {
        "format": "JPG",
        "id": "568307cc97cd258f492dbf2779dcfc31",
        "name": "1X1A9995.JPG",
        "path": "file:D:/MLDrones/matlab/yoloSimulinkDataWTFinal/swindturbinesSameSizes/1X1A9995.JPG",
        "size": {
            "width": 224,
            "height": 224
        },
        "state": 2,
        "type": 1
    },
    "regions": [
        {
            "id": "fPVBbiGeI",
            "type": "RECTANGLE",
            "tags": [
                "WindTurbine"
            ],
            "boundingBox": {
                "height": 117.42841035210655,
                "width": 84.10918458391365,
                "left": 108.38106611246518,
                "top": 106.57158964789346
            },
            "points": [
                {
                    "x": 108.38106611246518,
                    "y": 106.57158964789346
                },
                {
                    "x": 192.49025069637884,
                    "y": 106.57158964789346
                },
                {
                    "x": 192.49025069637884,
                    "y": 224
                },
                {
                    "x": 108.38106611246518,
                    "y": 224
                }
            ]
        }
    ],
    "version": "2.1.0"
}