{
    "asset": {
        "format": "JPG",
        "id": "568af24f92da8582f9e63aba5e3546fd",
        "name": "1X1A0119.JPG",
        "path": "file:D:/MLDrones/matlab/yoloSimulinkDataWTFinal/swindturbinesSameSizes/1X1A0119.JPG",
        "size": {
            "width": 224,
            "height": 224
        },
        "state": 2,
        "type": 1
    },
    "regions": [
        {
            "id": "V9h715u9E",
            "type": "RECTANGLE",
            "tags": [
                "WindTurbine"
            ],
            "boundingBox": {
                "height": 172.08690284155205,
                "width": 154.05459229195682,
                "left": 33.381615598885794,
                "top": 45.61114348940199
            },
            "points": [
                {
                    "x": 33.381615598885794,
                    "y": 45.61114348940199
                },
                {
                    "x": 187.4362078908426,
                    "y": 45.61114348940199
                },
                {
                    "x": 187.4362078908426,
                    "y": 217.69804633095404
                },
                {
                    "x": 33.381615598885794,
                    "y": 217.69804633095404
                }
            ]
        }
    ],
    "version": "2.1.0"
}