{
    "asset": {
        "format": "JPG",
        "id": "571d0c6ec28e694a07d5cb1eb11a7747",
        "name": "1X1A0185.JPG",
        "path": "file:D:/MLDrones/matlab/yoloSimulinkDataWTFinal/swindturbinesSameSizes/1X1A0185.JPG",
        "size": {
            "width": 224,
            "height": 224
        },
        "state": 2,
        "type": 1
    },
    "regions": [
        {
            "id": "DxQJS7zPQ",
            "type": "RECTANGLE",
            "tags": [
                "WindTurbine"
            ],
            "boundingBox": {
                "height": 194.36211699164346,
                "width": 162.66516963353064,
                "left": 32.63288050574513,
                "top": 0
            },
            "points": [
                {
                    "x": 32.63288050574513,
                    "y": 0
                },
                {
                    "x": 195.29805013927577,
                    "y": 0
                },
                {
                    "x": 195.29805013927577,
                    "y": 194.36211699164346
                },
                {
                    "x": 32.63288050574513,
                    "y": 194.36211699164346
                }
            ]
        }
    ],
    "version": "2.1.0"
}