{
    "asset": {
        "format": "JPG",
        "id": "57456892f604467c042d493f3fe2824f",
        "name": "1X1A0277.JPG",
        "path": "file:D:/MLDrones/matlab/yoloSimulinkDataWTFinal/swindturbinesSameSizes/1X1A0277.JPG",
        "size": {
            "width": 224,
            "height": 224
        },
        "state": 2,
        "type": 1
    },
    "regions": [
        {
            "id": "wAonn5zfc",
            "type": "RECTANGLE",
            "tags": [
                "WindTurbine"
            ],
            "boundingBox": {
                "height": 107.008356545961,
                "width": 68.32311977715878,
                "left": 60.523676880222844,
                "top": 92.34540389972145
            },
            "points": [
                {
                    "x": 60.523676880222844,
                    "y": 92.34540389972145
                },
                {
                    "x": 128.84679665738162,
                    "y": 92.34540389972145
                },
                {
                    "x": 128.84679665738162,
                    "y": 199.35376044568247
                },
                {
                    "x": 60.523676880222844,
                    "y": 199.35376044568247
                }
            ]
        }
    ],
    "version": "2.1.0"
}