{
    "asset": {
        "format": "JPG",
        "id": "575e2e1aeae3bfd6dcaa92d177baec1d",
        "name": "1X1A9851.JPG",
        "path": "file:D:/MLDrones/matlab/yoloSimulinkDataWTFinal/swindturbinesSameSizes/1X1A9851.JPG",
        "size": {
            "width": 224,
            "height": 224
        },
        "state": 2,
        "type": 1
    },
    "regions": [
        {
            "id": "nPHfGWhyg",
            "type": "RECTANGLE",
            "tags": [
                "WindTurbine"
            ],
            "boundingBox": {
                "height": 222.87688783948468,
                "width": 214.51587934148677,
                "left": 0.5615656010619777,
                "top": 0
            },
            "points": [
                {
                    "x": 0.5615656010619777,
                    "y": 0
                },
                {
                    "x": 215.07744494254877,
                    "y": 0
                },
                {
                    "x": 215.07744494254877,
                    "y": 222.87688783948468
                },
                {
                    "x": 0.5615656010619777,
                    "y": 222.87688783948468
                }
            ]
        }
    ],
    "version": "2.1.0"
}