{
    "asset": {
        "format": "JPG",
        "id": "5874d438778b7340597c4246875faa02",
        "name": "1X1A9893.JPG",
        "path": "file:D:/MLDrones/matlab/yoloSimulinkDataWTFinal/swindturbinesSameSizes/1X1A9893.JPG",
        "size": {
            "width": 224,
            "height": 224
        },
        "state": 2,
        "type": 1
    },
    "regions": [
        {
            "id": "ZsHGBXCgo",
            "type": "RECTANGLE",
            "tags": [
                "WindTurbine"
            ],
            "boundingBox": {
                "height": 98.21058591029771,
                "width": 83.6100278551532,
                "left": 57.84067614032033,
                "top": 36.314208984375
            },
            "points": [
                {
                    "x": 57.84067614032033,
                    "y": 36.314208984375
                },
                {
                    "x": 141.45070399547353,
                    "y": 36.314208984375
                },
                {
                    "x": 141.45070399547353,
                    "y": 134.5247948946727
                },
                {
                    "x": 57.84067614032033,
                    "y": 134.5247948946727
                }
            ]
        }
    ],
    "version": "2.1.0"
}