{
    "asset": {
        "format": "JPG",
        "id": "58a4d9892f1feee66e5e291f229ad03c",
        "name": "1X1A9975.JPG",
        "path": "file:D:/MLDrones/matlab/yoloSimulinkDataWTFinal/swindturbinesSameSizes/1X1A9975.JPG",
        "size": {
            "width": 224,
            "height": 224
        },
        "state": 2,
        "type": 1
    },
    "regions": [
        {
            "id": "NAsznDjQ4",
            "type": "RECTANGLE",
            "tags": [
                "WindTurbine"
            ],
            "boundingBox": {
                "height": 128.90919124847667,
                "width": 123.85515320334262,
                "left": 62.7075208913649,
                "top": 46.734262790520546
            },
            "points": [
                {
                    "x": 62.7075208913649,
                    "y": 46.734262790520546
                },
                {
                    "x": 186.56267409470752,
                    "y": 46.734262790520546
                },
                {
                    "x": 186.56267409470752,
                    "y": 175.64345403899722
                },
                {
                    "x": 62.7075208913649,
                    "y": 175.64345403899722
                }
            ]
        }
    ],
    "version": "2.1.0"
}