{
    "asset": {
        "format": "JPG",
        "id": "59519c777c855bd18ba8d19b076f6eb1",
        "name": "1X1A9796.JPG",
        "path": "file:D:/MLDrones/matlab/yoloSimulinkDataWTFinal/swindturbinesSameSizes/1X1A9796.JPG",
        "size": {
            "width": 224,
            "height": 224
        },
        "state": 2,
        "type": 1
    },
    "regions": [
        {
            "id": "yZJDQMMse",
            "type": "RECTANGLE",
            "tags": [
                "WindTurbine"
            ],
            "boundingBox": {
                "height": 223.62562531282643,
                "width": 180.26072042566156,
                "left": 43.73927957433844,
                "top": 0.3743746871735724
            },
            "points": [
                {
                    "x": 43.73927957433844,
                    "y": 0.3743746871735724
                },
                {
                    "x": 224,
                    "y": 0.3743746871735724
                },
                {
                    "x": 224,
                    "y": 224
                },
                {
                    "x": 43.73927957433844,
                    "y": 224
                }
            ]
        }
    ],
    "version": "2.1.0"
}