{
    "asset": {
        "format": "JPG",
        "id": "597722a85e5864a311ef669bc169075b",
        "name": "1X1A9997.JPG",
        "path": "file:D:/MLDrones/matlab/yoloSimulinkDataWTFinal/swindturbinesSameSizes/1X1A9997.JPG",
        "size": {
            "width": 224,
            "height": 224
        },
        "state": 2,
        "type": 1
    },
    "regions": [
        {
            "id": "F1oZi5qgx",
            "type": "RECTANGLE",
            "tags": [
                "WindTurbine"
            ],
            "boundingBox": {
                "height": 127.28689855719011,
                "width": 91.34707140059193,
                "left": 63.08189795873955,
                "top": 76.37215055927925
            },
            "points": [
                {
                    "x": 63.08189795873955,
                    "y": 76.37215055927925
                },
                {
                    "x": 154.4289693593315,
                    "y": 76.37215055927925
                },
                {
                    "x": 154.4289693593315,
                    "y": 203.65904911646936
                },
                {
                    "x": 63.08189795873955,
                    "y": 203.65904911646936
                }
            ]
        }
    ],
    "version": "2.1.0"
}