{
    "asset": {
        "format": "JPG",
        "id": "59efcb07e9555e1484972baed8050fe9",
        "name": "1X1A9809.JPG",
        "path": "file:D:/MLDrones/matlab/yoloSimulinkDataWTFinal/swindturbinesSameSizes/1X1A9809.JPG",
        "size": {
            "width": 224,
            "height": 224
        },
        "state": 2,
        "type": 1
    },
    "regions": [
        {
            "id": "LOrpwPhD5",
            "type": "RECTANGLE",
            "tags": [
                "WindTurbine"
            ],
            "boundingBox": {
                "height": 123.66797419045962,
                "width": 88.97604837656685,
                "left": 79.67911625174095,
                "top": 60.8980539475975
            },
            "points": [
                {
                    "x": 79.67911625174095,
                    "y": 60.8980539475975
                },
                {
                    "x": 168.6551646283078,
                    "y": 60.8980539475975
                },
                {
                    "x": 168.6551646283078,
                    "y": 184.5660281380571
                },
                {
                    "x": 79.67911625174095,
                    "y": 184.5660281380571
                }
            ]
        }
    ],
    "version": "2.1.0"
}