{
    "asset": {
        "format": "JPG",
        "id": "59f17a54a6482249e9be2627754bc845",
        "name": "1X1A9811.JPG",
        "path": "file:D:/MLDrones/matlab/yoloSimulinkDataWTFinal/swindturbinesSameSizes/1X1A9811.JPG",
        "size": {
            "width": 224,
            "height": 224
        },
        "state": 2,
        "type": 1
    },
    "regions": [
        {
            "id": "eA7dNBW5v",
            "type": "RECTANGLE",
            "tags": [
                "WindTurbine"
            ],
            "boundingBox": {
                "height": 127.28690807799443,
                "width": 87.85293621605153,
                "left": 73.31476323119777,
                "top": 52.412256267409475
            },
            "points": [
                {
                    "x": 73.31476323119777,
                    "y": 52.412256267409475
                },
                {
                    "x": 161.1676994472493,
                    "y": 52.412256267409475
                },
                {
                    "x": 161.1676994472493,
                    "y": 179.69916434540391
                },
                {
                    "x": 73.31476323119777,
                    "y": 179.69916434540391
                }
            ]
        }
    ],
    "version": "2.1.0"
}