{
    "asset": {
        "format": "JPG",
        "id": "5a88c959b9a8df69bfa351604ee36b0b",
        "name": "1X1A0297.JPG",
        "path": "file:D:/MLDrones/matlab/yoloSimulinkDataWTFinal/swindturbinesSameSizes/1X1A0297.JPG",
        "size": {
            "width": 224,
            "height": 224
        },
        "state": 2,
        "type": 1
    },
    "regions": [
        {
            "id": "NoSLQ1Gsi",
            "type": "RECTANGLE",
            "tags": [
                "WindTurbine"
            ],
            "boundingBox": {
                "height": 97.025069637883,
                "width": 70.50696378830082,
                "left": 75.81058495821728,
                "top": 61.147632311977716
            },
            "points": [
                {
                    "x": 75.81058495821728,
                    "y": 61.147632311977716
                },
                {
                    "x": 146.3175487465181,
                    "y": 61.147632311977716
                },
                {
                    "x": 146.3175487465181,
                    "y": 158.17270194986074
                },
                {
                    "x": 75.81058495821728,
                    "y": 158.17270194986074
                }
            ]
        }
    ],
    "version": "2.1.0"
}