{
    "asset": {
        "format": "JPG",
        "id": "5b438fa6ed32234ec09cd8c66625f322",
        "name": "1X1A0128.JPG",
        "path": "file:D:/MLDrones/matlab/yoloSimulinkDataWTFinal/swindturbinesSameSizes/1X1A0128.JPG",
        "size": {
            "width": 224,
            "height": 224
        },
        "state": 2,
        "type": 1
    },
    "regions": [
        {
            "id": "dhezgkqY0",
            "type": "RECTANGLE",
            "tags": [
                "WindTurbine"
            ],
            "boundingBox": {
                "height": 180.57270052174007,
                "width": 148.81337047353762,
                "left": 0,
                "top": 4.430084993580258
            },
            "points": [
                {
                    "x": 0,
                    "y": 4.430084993580258
                },
                {
                    "x": 148.81337047353762,
                    "y": 4.430084993580258
                },
                {
                    "x": 148.81337047353762,
                    "y": 185.00278551532034
                },
                {
                    "x": 0,
                    "y": 185.00278551532034
                }
            ]
        }
    ],
    "version": "2.1.0"
}