{
    "asset": {
        "format": "JPG",
        "id": "5b533748d534812bd1f95c03c2dccc4a",
        "name": "1X1A0180.JPG",
        "path": "file:D:/MLDrones/matlab/yoloSimulinkDataWTFinal/swindturbinesSameSizes/1X1A0180.JPG",
        "size": {
            "width": 224,
            "height": 224
        },
        "state": 2,
        "type": 1
    },
    "regions": [
        {
            "id": "cUCVwqVTF",
            "type": "RECTANGLE",
            "tags": [
                "WindTurbine"
            ],
            "boundingBox": {
                "height": 188.43454038997214,
                "width": 163.7883008356546,
                "left": 4.991643454038997,
                "top": 0.6239554317548747
            },
            "points": [
                {
                    "x": 4.991643454038997,
                    "y": 0.6239554317548747
                },
                {
                    "x": 168.7799442896936,
                    "y": 0.6239554317548747
                },
                {
                    "x": 168.7799442896936,
                    "y": 189.05849582172704
                },
                {
                    "x": 4.991643454038997,
                    "y": 189.05849582172704
                }
            ]
        }
    ],
    "version": "2.1.0"
}