{
    "asset": {
        "format": "JPG",
        "id": "5ba9dbd9ed412da8aaed811bf1219e3e",
        "name": "1X1A0313.JPG",
        "path": "file:D:/MLDrones/matlab/yoloSimulinkDataWTFinal/swindturbinesSameSizes/1X1A0313.JPG",
        "size": {
            "width": 224,
            "height": 224
        },
        "state": 2,
        "type": 1
    },
    "regions": [
        {
            "id": "2t0RZJEck",
            "type": "RECTANGLE",
            "tags": [
                "WindTurbine"
            ],
            "boundingBox": {
                "height": 27.766016713091922,
                "width": 28.389972144846805,
                "left": 72.6908077994429,
                "top": 157.54874651810584
            },
            "points": [
                {
                    "x": 72.6908077994429,
                    "y": 157.54874651810584
                },
                {
                    "x": 101.0807799442897,
                    "y": 157.54874651810584
                },
                {
                    "x": 101.0807799442897,
                    "y": 185.3147632311978
                },
                {
                    "x": 72.6908077994429,
                    "y": 185.3147632311978
                }
            ]
        }
    ],
    "version": "2.1.0"
}