{
    "asset": {
        "format": "JPG",
        "id": "5cabed474301d984856ae8d6dd206a0e",
        "name": "1X1A9909.JPG",
        "path": "file:D:/MLDrones/matlab/yoloSimulinkDataWTFinal/swindturbinesSameSizes/1X1A9909.JPG",
        "size": {
            "width": 224,
            "height": 224
        },
        "state": 2,
        "type": 1
    },
    "regions": [
        {
            "id": "tl9SNB0_Z",
            "type": "RECTANGLE",
            "tags": [
                "WindTurbine"
            ],
            "boundingBox": {
                "height": 85.85626169698817,
                "width": 65.01616360550139,
                "left": 84.92033807016017,
                "top": 53.53537794872911
            },
            "points": [
                {
                    "x": 84.92033807016017,
                    "y": 53.53537794872911
                },
                {
                    "x": 149.93650167566156,
                    "y": 53.53537794872911
                },
                {
                    "x": 149.93650167566156,
                    "y": 139.39163964571728
                },
                {
                    "x": 84.92033807016017,
                    "y": 139.39163964571728
                }
            ]
        }
    ],
    "version": "2.1.0"
}