{
    "asset": {
        "format": "JPG",
        "id": "5cf51fdcf08a98fb9621cd1be0682579",
        "name": "1X1A0228.JPG",
        "path": "file:D:/MLDrones/matlab/yoloSimulinkDataWTFinal/swindturbinesSameSizes/1X1A0228.JPG",
        "size": {
            "width": 224,
            "height": 224
        },
        "state": 2,
        "type": 1
    },
    "regions": [
        {
            "id": "OYby8g-4J",
            "type": "RECTANGLE",
            "tags": [
                "WindTurbine"
            ],
            "boundingBox": {
                "height": 191.86629526462397,
                "width": 156.73759303185935,
                "left": 13.29026212134401,
                "top": 26.518105849582174
            },
            "points": [
                {
                    "x": 13.29026212134401,
                    "y": 26.518105849582174
                },
                {
                    "x": 170.02785515320335,
                    "y": 26.518105849582174
                },
                {
                    "x": 170.02785515320335,
                    "y": 218.38440111420613
                },
                {
                    "x": 13.29026212134401,
                    "y": 218.38440111420613
                }
            ]
        }
    ],
    "version": "2.1.0"
}