{
    "asset": {
        "format": "JPG",
        "id": "5d4b1d043678052d19683fd5583a5fe2",
        "name": "1X1A0332.JPG",
        "path": "file:D:/MLDrones/matlab/yoloSimulinkDataWTFinal/swindturbinesSameSizes/1X1A0332.JPG",
        "size": {
            "width": 224,
            "height": 224
        },
        "state": 2,
        "type": 1
    },
    "regions": [
        {
            "id": "irh1DCMaP",
            "type": "RECTANGLE",
            "tags": [
                "WindTurbine"
            ],
            "boundingBox": {
                "height": 35.25348189415042,
                "width": 30.573816155988858,
                "left": 93.90529247910864,
                "top": 100.14484679665739
            },
            "points": [
                {
                    "x": 93.90529247910864,
                    "y": 100.14484679665739
                },
                {
                    "x": 124.47910863509749,
                    "y": 100.14484679665739
                },
                {
                    "x": 124.47910863509749,
                    "y": 135.3983286908078
                },
                {
                    "x": 93.90529247910864,
                    "y": 135.3983286908078
                }
            ]
        }
    ],
    "version": "2.1.0"
}