{
    "asset": {
        "format": "JPG",
        "id": "5d6d517dab108dfc2b27419bd3a43050",
        "name": "1X1A0319.JPG",
        "path": "file:D:/MLDrones/matlab/yoloSimulinkDataWTFinal/swindturbinesSameSizes/1X1A0319.JPG",
        "size": {
            "width": 224,
            "height": 224
        },
        "state": 2,
        "type": 1
    },
    "regions": [
        {
            "id": "kfYYyGORN",
            "type": "RECTANGLE",
            "tags": [
                "WindTurbine"
            ],
            "boundingBox": {
                "height": 34.629526462395546,
                "width": 23.710306406685238,
                "left": 95.15320334261838,
                "top": 112.62395543175488
            },
            "points": [
                {
                    "x": 95.15320334261838,
                    "y": 112.62395543175488
                },
                {
                    "x": 118.86350974930363,
                    "y": 112.62395543175488
                },
                {
                    "x": 118.86350974930363,
                    "y": 147.2534818941504
                },
                {
                    "x": 95.15320334261838,
                    "y": 147.2534818941504
                }
            ]
        }
    ],
    "version": "2.1.0"
}