{
    "asset": {
        "format": "JPG",
        "id": "5dfa3c3ecafdd2d459d58932a6c5f25d",
        "name": "1X1A0066.JPG",
        "path": "file:D:/MLDrones/matlab/yoloSimulinkDataWTFinal/swindturbinesSameSizes/1X1A0066.JPG",
        "size": {
            "width": 224,
            "height": 224
        },
        "state": 2,
        "type": 1
    },
    "regions": [
        {
            "id": "cBaU3InBN",
            "type": "RECTANGLE",
            "tags": [
                "WindTurbine"
            ],
            "boundingBox": {
                "height": 171.08857748302577,
                "width": 151.1220131876741,
                "left": 5.054042805536212,
                "top": 52.911422516974234
            },
            "points": [
                {
                    "x": 5.054042805536212,
                    "y": 52.911422516974234
                },
                {
                    "x": 156.1760559932103,
                    "y": 52.911422516974234
                },
                {
                    "x": 156.1760559932103,
                    "y": 224
                },
                {
                    "x": 5.054042805536212,
                    "y": 224
                }
            ]
        }
    ],
    "version": "2.1.0"
}