{
    "asset": {
        "format": "JPG",
        "id": "5fc39981f917c76372de0fc2d868af65",
        "name": "1X1A9853.JPG",
        "path": "file:D:/MLDrones/matlab/yoloSimulinkDataWTFinal/swindturbinesSameSizes/1X1A9853.JPG",
        "size": {
            "width": 224,
            "height": 224
        },
        "state": 2,
        "type": 1
    },
    "regions": [
        {
            "id": "eFmnFUO_X",
            "type": "RECTANGLE",
            "tags": [
                "WindTurbine"
            ],
            "boundingBox": {
                "height": 182.81894626458043,
                "width": 179.88634335828692,
                "left": 14.974930362116993,
                "top": 13.477436373824862
            },
            "points": [
                {
                    "x": 14.974930362116993,
                    "y": 13.477436373824862
                },
                {
                    "x": 194.86127372040391,
                    "y": 13.477436373824862
                },
                {
                    "x": 194.86127372040391,
                    "y": 196.2963826384053
                },
                {
                    "x": 14.974930362116993,
                    "y": 196.2963826384053
                }
            ]
        }
    ],
    "version": "2.1.0"
}