{
    "asset": {
        "format": "JPG",
        "id": "604cfdca4d60f4c3a82ffe71c1f9ce4a",
        "name": "1X1A9862.JPG",
        "path": "file:D:/MLDrones/matlab/yoloSimulinkDataWTFinal/swindturbinesSameSizes/1X1A9862.JPG",
        "size": {
            "width": 224,
            "height": 224
        },
        "state": 2,
        "type": 1
    },
    "regions": [
        {
            "id": "4ejxGmb-5",
            "type": "RECTANGLE",
            "tags": [
                "WindTurbine"
            ],
            "boundingBox": {
                "height": 123.04401875870474,
                "width": 129.6579311020195,
                "left": 39.74596861942897,
                "top": 59.27576601671309
            },
            "points": [
                {
                    "x": 39.74596861942897,
                    "y": 59.27576601671309
                },
                {
                    "x": 169.40389972144848,
                    "y": 59.27576601671309
                },
                {
                    "x": 169.40389972144848,
                    "y": 182.31978477541784
                },
                {
                    "x": 39.74596861942897,
                    "y": 182.31978477541784
                }
            ]
        }
    ],
    "version": "2.1.0"
}