{
    "asset": {
        "format": "JPG",
        "id": "6083ce232f6c7e4cd7760fd1089e2971",
        "name": "1X1A0112.JPG",
        "path": "file:D:/MLDrones/matlab/yoloSimulinkDataWTFinal/swindturbinesSameSizes/1X1A0112.JPG",
        "size": {
            "width": 224,
            "height": 224
        },
        "state": 2,
        "type": 1
    },
    "regions": [
        {
            "id": "hcdD29Ulp",
            "type": "RECTANGLE",
            "tags": [
                "WindTurbine"
            ],
            "boundingBox": {
                "height": 172.08690284155205,
                "width": 147.00388448816156,
                "left": 23.585526745299443,
                "top": 3.1821741300705084
            },
            "points": [
                {
                    "x": 23.585526745299443,
                    "y": 3.1821741300705084
                },
                {
                    "x": 170.589411233461,
                    "y": 3.1821741300705084
                },
                {
                    "x": 170.589411233461,
                    "y": 175.26907697162255
                },
                {
                    "x": 23.585526745299443,
                    "y": 175.26907697162255
                }
            ]
        }
    ],
    "version": "2.1.0"
}