{
    "asset": {
        "format": "JPG",
        "id": "622edd6ec16a9653427d36eee26a6403",
        "name": "1X1A0065.JPG",
        "path": "file:D:/MLDrones/matlab/yoloSimulinkDataWTFinal/swindturbinesSameSizes/1X1A0065.JPG",
        "size": {
            "width": 224,
            "height": 224
        },
        "state": 2,
        "type": 1
    },
    "regions": [
        {
            "id": "J-M8af7OW",
            "type": "RECTANGLE",
            "tags": [
                "WindTurbine"
            ],
            "boundingBox": {
                "height": 182.31977525461352,
                "width": 156.1136566417131,
                "left": 9.421730827820335,
                "top": 41.68022474538649
            },
            "points": [
                {
                    "x": 9.421730827820335,
                    "y": 41.68022474538649
                },
                {
                    "x": 165.53538746953342,
                    "y": 41.68022474538649
                },
                {
                    "x": 165.53538746953342,
                    "y": 224
                },
                {
                    "x": 9.421730827820335,
                    "y": 224
                }
            ]
        }
    ],
    "version": "2.1.0"
}