{
    "asset": {
        "format": "JPG",
        "id": "63a47d0ba84ed7c875b3814ecf636035",
        "name": "1X1A0016.JPG",
        "path": "file:D:/MLDrones/matlab/yoloSimulinkDataWTFinal/swindturbinesSameSizes/1X1A0016.JPG",
        "size": {
            "width": 224,
            "height": 224
        },
        "state": 2,
        "type": 1
    },
    "regions": [
        {
            "id": "8sGOM8MYL",
            "type": "RECTANGLE",
            "tags": [
                "WindTurbine"
            ],
            "boundingBox": {
                "height": 211.27132014112553,
                "width": 160.73092302837745,
                "left": 28.76434921222145,
                "top": 0.12479156239119081
            },
            "points": [
                {
                    "x": 28.76434921222145,
                    "y": 0.12479156239119081
                },
                {
                    "x": 189.4952722405989,
                    "y": 0.12479156239119081
                },
                {
                    "x": 189.4952722405989,
                    "y": 211.3961117035167
                },
                {
                    "x": 28.76434921222145,
                    "y": 211.3961117035167
                }
            ]
        }
    ],
    "version": "2.1.0"
}