{
    "asset": {
        "format": "JPG",
        "id": "63aa9025d0cd38a385416f6675c4381a",
        "name": "1X1A0106.JPG",
        "path": "file:D:/MLDrones/matlab/yoloSimulinkDataWTFinal/swindturbinesSameSizes/1X1A0106.JPG",
        "size": {
            "width": 224,
            "height": 224
        },
        "state": 2,
        "type": 1
    },
    "regions": [
        {
            "id": "SF26GaCnv",
            "type": "RECTANGLE",
            "tags": [
                "WindTurbine"
            ],
            "boundingBox": {
                "height": 172.08690284155205,
                "width": 147.00388448816156,
                "left": 37.93650167566156,
                "top": 31.572146274917305
            },
            "points": [
                {
                    "x": 37.93650167566156,
                    "y": 31.572146274917305
                },
                {
                    "x": 184.94038616382312,
                    "y": 31.572146274917305
                },
                {
                    "x": 184.94038616382312,
                    "y": 203.65904911646936
                },
                {
                    "x": 37.93650167566156,
                    "y": 203.65904911646936
                }
            ]
        }
    ],
    "version": "2.1.0"
}