{
    "asset": {
        "format": "JPG",
        "id": "63cab79a1b7ac7101b4499ec333bd226",
        "name": "1X1A9948.JPG",
        "path": "file:D:/MLDrones/matlab/yoloSimulinkDataWTFinal/swindturbinesSameSizes/1X1A9948.JPG",
        "size": {
            "width": 224,
            "height": 224
        },
        "state": 2,
        "type": 1
    },
    "regions": [
        {
            "id": "ia73cF56p",
            "type": "RECTANGLE",
            "tags": [
                "WindTurbine"
            ],
            "boundingBox": {
                "height": 97.21226769237465,
                "width": 91.0974930362117,
                "left": 67.20000761664346,
                "top": 53.66016713091922
            },
            "points": [
                {
                    "x": 67.20000761664346,
                    "y": 53.66016713091922
                },
                {
                    "x": 158.29750065285515,
                    "y": 53.66016713091922
                },
                {
                    "x": 158.29750065285515,
                    "y": 150.87243482329387
                },
                {
                    "x": 67.20000761664346,
                    "y": 150.87243482329387
                }
            ]
        }
    ],
    "version": "2.1.0"
}