{
    "asset": {
        "format": "JPG",
        "id": "63f491c4db4bed2c491b42ba8fd3cbe1",
        "name": "1X1A9957.JPG",
        "path": "file:D:/MLDrones/matlab/yoloSimulinkDataWTFinal/swindturbinesSameSizes/1X1A9957.JPG",
        "size": {
            "width": 224,
            "height": 224
        },
        "state": 2,
        "type": 1
    },
    "regions": [
        {
            "id": "6I9Q6BUfJ",
            "type": "RECTANGLE",
            "tags": [
                "WindTurbine"
            ],
            "boundingBox": {
                "height": 111.43843439893803,
                "width": 102.45348951079387,
                "left": 54.22172321117688,
                "top": 74.12590719663997
            },
            "points": [
                {
                    "x": 54.22172321117688,
                    "y": 74.12590719663997
                },
                {
                    "x": 156.67521272197075,
                    "y": 74.12590719663997
                },
                {
                    "x": 156.67521272197075,
                    "y": 185.564341595578
                },
                {
                    "x": 54.22172321117688,
                    "y": 185.564341595578
                }
            ]
        }
    ],
    "version": "2.1.0"
}