{
    "asset": {
        "format": "JPG",
        "id": "640a1726fa1701d87c073a23376edf6d",
        "name": "1X1A0226.JPG",
        "path": "file:D:/MLDrones/matlab/yoloSimulinkDataWTFinal/swindturbinesSameSizes/1X1A0226.JPG",
        "size": {
            "width": 224,
            "height": 224
        },
        "state": 2,
        "type": 1
    },
    "regions": [
        {
            "id": "vs3Em5fUe",
            "type": "RECTANGLE",
            "tags": [
                "WindTurbine"
            ],
            "boundingBox": {
                "height": 191.86629526462397,
                "width": 156.73759303185935,
                "left": 0,
                "top": 13.727019498607243
            },
            "points": [
                {
                    "x": 0,
                    "y": 13.727019498607243
                },
                {
                    "x": 156.73759303185935,
                    "y": 13.727019498607243
                },
                {
                    "x": 156.73759303185935,
                    "y": 205.5933147632312
                },
                {
                    "x": 0,
                    "y": 205.5933147632312
                }
            ]
        }
    ],
    "version": "2.1.0"
}