{
    "asset": {
        "format": "JPG",
        "id": "64a6a33f5b5691100caa07a402edfa0e",
        "name": "1X1A0311.JPG",
        "path": "file:D:/MLDrones/matlab/yoloSimulinkDataWTFinal/swindturbinesSameSizes/1X1A0311.JPG",
        "size": {
            "width": 224,
            "height": 224
        },
        "state": 2,
        "type": 1
    },
    "regions": [
        {
            "id": "KMd9ttgic",
            "type": "RECTANGLE",
            "tags": [
                "WindTurbine"
            ],
            "boundingBox": {
                "height": 38.68523676880223,
                "width": 28.389972144846798,
                "left": 92.03342618384401,
                "top": 117.30362116991644
            },
            "points": [
                {
                    "x": 92.03342618384401,
                    "y": 117.30362116991644
                },
                {
                    "x": 120.42339832869081,
                    "y": 117.30362116991644
                },
                {
                    "x": 120.42339832869081,
                    "y": 155.98885793871867
                },
                {
                    "x": 92.03342618384401,
                    "y": 155.98885793871867
                }
            ]
        }
    ],
    "version": "2.1.0"
}