{
    "asset": {
        "format": "JPG",
        "id": "655b35a49247a6ce5932d24d3aa5c689",
        "name": "1X1A9895.JPG",
        "path": "file:D:/MLDrones/matlab/yoloSimulinkDataWTFinal/swindturbinesSameSizes/1X1A9895.JPG",
        "size": {
            "width": 224,
            "height": 224
        },
        "state": 2,
        "type": 1
    },
    "regions": [
        {
            "id": "Qh_e5-DEN",
            "type": "RECTANGLE",
            "tags": [
                "WindTurbine"
            ],
            "boundingBox": {
                "height": 98.21058114989555,
                "width": 68.01114206128133,
                "left": 72.44122943506268,
                "top": 61.77158774373259
            },
            "points": [
                {
                    "x": 72.44122943506268,
                    "y": 61.77158774373259
                },
                {
                    "x": 140.45237149634403,
                    "y": 61.77158774373259
                },
                {
                    "x": 140.45237149634403,
                    "y": 159.98216889362814
                },
                {
                    "x": 72.44122943506268,
                    "y": 159.98216889362814
                }
            ]
        }
    ],
    "version": "2.1.0"
}