{
    "asset": {
        "format": "JPG",
        "id": "65ecc7b9c3f57ebd43b843f2590efaed",
        "name": "1X1A9813.JPG",
        "path": "file:D:/MLDrones/matlab/yoloSimulinkDataWTFinal/swindturbinesSameSizes/1X1A9813.JPG",
        "size": {
            "width": 224,
            "height": 224
        },
        "state": 2,
        "type": 1
    },
    "regions": [
        {
            "id": "lh6puRkTs",
            "type": "RECTANGLE",
            "tags": [
                "WindTurbine"
            ],
            "boundingBox": {
                "height": 106.69637883008357,
                "width": 76.99611551183844,
                "left": 78.555985049617,
                "top": 71.75487465181058
            },
            "points": [
                {
                    "x": 78.555985049617,
                    "y": 71.75487465181058
                },
                {
                    "x": 155.55210056145543,
                    "y": 71.75487465181058
                },
                {
                    "x": 155.55210056145543,
                    "y": 178.45125348189416
                },
                {
                    "x": 78.555985049617,
                    "y": 178.45125348189416
                }
            ]
        }
    ],
    "version": "2.1.0"
}