{
    "asset": {
        "format": "JPG",
        "id": "6604dad115873b904d30c48c539334f6",
        "name": "1X1A0344.JPG",
        "path": "file:D:/MLDrones/matlab/yoloSimulinkDataWTFinal/swindturbinesSameSizes/1X1A0344.JPG",
        "size": {
            "width": 224,
            "height": 224
        },
        "state": 2,
        "type": 1
    },
    "regions": [
        {
            "id": "HAvGN5P1z",
            "type": "RECTANGLE",
            "tags": [
                "WindTurbine"
            ],
            "boundingBox": {
                "height": 62.08356545961003,
                "width": 46.7966573816156,
                "left": 81.1142061281337,
                "top": 87.04178272980502
            },
            "points": [
                {
                    "x": 81.1142061281337,
                    "y": 87.04178272980502
                },
                {
                    "x": 127.9108635097493,
                    "y": 87.04178272980502
                },
                {
                    "x": 127.9108635097493,
                    "y": 149.12534818941504
                },
                {
                    "x": 81.1142061281337,
                    "y": 149.12534818941504
                }
            ]
        }
    ],
    "version": "2.1.0"
}