{
    "asset": {
        "format": "JPG",
        "id": "6663e88864b24163378c0eb20f18e39e",
        "name": "1X1A9902.JPG",
        "path": "file:D:/MLDrones/matlab/yoloSimulinkDataWTFinal/swindturbinesSameSizes/1X1A9902.JPG",
        "size": {
            "width": 224,
            "height": 224
        },
        "state": 2,
        "type": 1
    },
    "regions": [
        {
            "id": "jDx9PUsO7",
            "type": "RECTANGLE",
            "tags": [
                "WindTurbine"
            ],
            "boundingBox": {
                "height": 88.72646049138231,
                "width": 60.39889721883705,
                "left": 81.67576220839136,
                "top": 93.09414851366644
            },
            "points": [
                {
                    "x": 81.67576220839136,
                    "y": 93.09414851366644
                },
                {
                    "x": 142.07465942722843,
                    "y": 93.09414851366644
                },
                {
                    "x": 142.07465942722843,
                    "y": 181.82060900504874
                },
                {
                    "x": 81.67576220839136,
                    "y": 181.82060900504874
                }
            ]
        }
    ],
    "version": "2.1.0"
}