{
    "asset": {
        "format": "JPG",
        "id": "66b1d5a2f18cbba744b3bb445cc4fd4a",
        "name": "1X1A9950.JPG",
        "path": "file:D:/MLDrones/matlab/yoloSimulinkDataWTFinal/swindturbinesSameSizes/1X1A9950.JPG",
        "size": {
            "width": 224,
            "height": 224
        },
        "state": 2,
        "type": 1
    },
    "regions": [
        {
            "id": "gKCU3Zvd3",
            "type": "RECTANGLE",
            "tags": [
                "WindTurbine"
            ],
            "boundingBox": {
                "height": 86.35542794655292,
                "width": 85.98105087917827,
                "left": 61.83398709522981,
                "top": 58.02785515320335
            },
            "points": [
                {
                    "x": 61.83398709522981,
                    "y": 58.02785515320335
                },
                {
                    "x": 147.81503797440809,
                    "y": 58.02785515320335
                },
                {
                    "x": 147.81503797440809,
                    "y": 144.38328309975628
                },
                {
                    "x": 61.83398709522981,
                    "y": 144.38328309975628
                }
            ]
        }
    ],
    "version": "2.1.0"
}