{
    "asset": {
        "format": "JPG",
        "id": "673617c58417f5f79fe379034777fb9e",
        "name": "1X1A0320.JPG",
        "path": "file:D:/MLDrones/matlab/yoloSimulinkDataWTFinal/swindturbinesSameSizes/1X1A0320.JPG",
        "size": {
            "width": 224,
            "height": 224
        },
        "state": 2,
        "type": 1
    },
    "regions": [
        {
            "id": "wjKzELlQ0",
            "type": "RECTANGLE",
            "tags": [
                "WindTurbine"
            ],
            "boundingBox": {
                "height": 37.43732590529248,
                "width": 28.389972144846798,
                "left": 92.34540389972145,
                "top": 111.68802228412257
            },
            "points": [
                {
                    "x": 92.34540389972145,
                    "y": 111.68802228412257
                },
                {
                    "x": 120.73537604456823,
                    "y": 111.68802228412257
                },
                {
                    "x": 120.73537604456823,
                    "y": 149.12534818941504
                },
                {
                    "x": 92.34540389972145,
                    "y": 149.12534818941504
                }
            ]
        }
    ],
    "version": "2.1.0"
}