{
    "asset": {
        "format": "JPG",
        "id": "6747a24bca1af5ffa5af84e615455451",
        "name": "1X1A0270.JPG",
        "path": "file:D:/MLDrones/matlab/yoloSimulinkDataWTFinal/swindturbinesSameSizes/1X1A0270.JPG",
        "size": {
            "width": 224,
            "height": 224
        },
        "state": 2,
        "type": 1
    },
    "regions": [
        {
            "id": "RmtVWJaJC",
            "type": "RECTANGLE",
            "tags": [
                "WindTurbine"
            ],
            "boundingBox": {
                "height": 106.38440111420613,
                "width": 70.81894150417827,
                "left": 71.13091922005572,
                "top": 64.57938718662953
            },
            "points": [
                {
                    "x": 71.13091922005572,
                    "y": 64.57938718662953
                },
                {
                    "x": 141.949860724234,
                    "y": 64.57938718662953
                },
                {
                    "x": 141.949860724234,
                    "y": 170.96378830083566
                },
                {
                    "x": 71.13091922005572,
                    "y": 170.96378830083566
                }
            ]
        }
    ],
    "version": "2.1.0"
}