{
    "asset": {
        "format": "JPG",
        "id": "67729401b42f9dee345131663f906fde",
        "name": "1X1A9945.JPG",
        "path": "file:D:/MLDrones/matlab/yoloSimulinkDataWTFinal/swindturbinesSameSizes/1X1A9945.JPG",
        "size": {
            "width": 224,
            "height": 224
        },
        "state": 2,
        "type": 1
    },
    "regions": [
        {
            "id": "ew-hf-gm8",
            "type": "RECTANGLE",
            "tags": [
                "WindTurbine"
            ],
            "boundingBox": {
                "height": 105.44847748737814,
                "width": 88.10251458043176,
                "left": 61.83398709522981,
                "top": 42.92813560889624
            },
            "points": [
                {
                    "x": 61.83398709522981,
                    "y": 42.92813560889624
                },
                {
                    "x": 149.93650167566156,
                    "y": 42.92813560889624
                },
                {
                    "x": 149.93650167566156,
                    "y": 148.37661309627438
                },
                {
                    "x": 61.83398709522981,
                    "y": 148.37661309627438
                }
            ]
        }
    ],
    "version": "2.1.0"
}