{
    "asset": {
        "format": "JPG",
        "id": "678c9d0c7a723c7357f564a3485961da",
        "name": "1X1A0260.JPG",
        "path": "file:D:/MLDrones/matlab/yoloSimulinkDataWTFinal/swindturbinesSameSizes/1X1A0260.JPG",
        "size": {
            "width": 224,
            "height": 224
        },
        "state": 2,
        "type": 1
    },
    "regions": [
        {
            "id": "1JBsxNoRQ",
            "type": "RECTANGLE",
            "tags": [
                "WindTurbine"
            ],
            "boundingBox": {
                "height": 192.49025069637884,
                "width": 166.90807799442896,
                "left": 17.47075208913649,
                "top": 31.50974930362117
            },
            "points": [
                {
                    "x": 17.47075208913649,
                    "y": 31.50974930362117
                },
                {
                    "x": 184.37883008356548,
                    "y": 31.50974930362117
                },
                {
                    "x": 184.37883008356548,
                    "y": 224
                },
                {
                    "x": 17.47075208913649,
                    "y": 224
                }
            ]
        }
    ],
    "version": "2.1.0"
}