{
    "asset": {
        "format": "JPG",
        "id": "67d69aa9b138c14ec350aecaeb80bd7f",
        "name": "1X1A0206.JPG",
        "path": "file:D:/MLDrones/matlab/yoloSimulinkDataWTFinal/swindturbinesSameSizes/1X1A0206.JPG",
        "size": {
            "width": 224,
            "height": 224
        },
        "state": 2,
        "type": 1
    },
    "regions": [
        {
            "id": "3T9QZ3Wn0",
            "type": "RECTANGLE",
            "tags": [
                "WindTurbine"
            ],
            "boundingBox": {
                "height": 177.14094564708827,
                "width": 156.73759303185935,
                "left": 23.89750446117688,
                "top": 30.01225769553012
            },
            "points": [
                {
                    "x": 23.89750446117688,
                    "y": 30.01225769553012
                },
                {
                    "x": 180.63509749303623,
                    "y": 30.01225769553012
                },
                {
                    "x": 180.63509749303623,
                    "y": 207.15320334261838
                },
                {
                    "x": 23.89750446117688,
                    "y": 207.15320334261838
                }
            ]
        }
    ],
    "version": "2.1.0"
}