{
    "asset": {
        "format": "JPG",
        "id": "6821e9348ae231bd9ba30ae22bd9bf40",
        "name": "1X1A9857.JPG",
        "path": "file:D:/MLDrones/matlab/yoloSimulinkDataWTFinal/swindturbinesSameSizes/1X1A9857.JPG",
        "size": {
            "width": 224,
            "height": 224
        },
        "state": 2,
        "type": 1
    },
    "regions": [
        {
            "id": "iFnvo5dot",
            "type": "RECTANGLE",
            "tags": [
                "WindTurbine"
            ],
            "boundingBox": {
                "height": 120.29861866730502,
                "width": 114.18384401114207,
                "left": 45.48634716660864,
                "top": 55.532033426183844
            },
            "points": [
                {
                    "x": 45.48634716660864,
                    "y": 55.532033426183844
                },
                {
                    "x": 159.6701911777507,
                    "y": 55.532033426183844
                },
                {
                    "x": 159.6701911777507,
                    "y": 175.83065209348885
                },
                {
                    "x": 45.48634716660864,
                    "y": 175.83065209348885
                }
            ]
        }
    ],
    "version": "2.1.0"
}