{
    "asset": {
        "format": "JPG",
        "id": "686f1519302952337dce9366df1bdcaa",
        "name": "1X1A0111.JPG",
        "path": "file:D:/MLDrones/matlab/yoloSimulinkDataWTFinal/swindturbinesSameSizes/1X1A0111.JPG",
        "size": {
            "width": 224,
            "height": 224
        },
        "state": 2,
        "type": 1
    },
    "regions": [
        {
            "id": "wJwN84ttc",
            "type": "RECTANGLE",
            "tags": [
                "WindTurbine"
            ],
            "boundingBox": {
                "height": 145.3816155988858,
                "width": 147.00388448816156,
                "left": 15.78608384836351,
                "top": 78.61838440111421
            },
            "points": [
                {
                    "x": 15.78608384836351,
                    "y": 78.61838440111421
                },
                {
                    "x": 162.78996833652508,
                    "y": 78.61838440111421
                },
                {
                    "x": 162.78996833652508,
                    "y": 224
                },
                {
                    "x": 15.78608384836351,
                    "y": 224
                }
            ]
        }
    ],
    "version": "2.1.0"
}