{
    "asset": {
        "format": "JPG",
        "id": "69c62a064d570cc94526a104ec48c367",
        "name": "1X1A9886.JPG",
        "path": "file:D:/MLDrones/matlab/yoloSimulinkDataWTFinal/swindturbinesSameSizes/1X1A9886.JPG",
        "size": {
            "width": 224,
            "height": 224
        },
        "state": 2,
        "type": 1
    },
    "regions": [
        {
            "id": "5evslF_e4",
            "type": "RECTANGLE",
            "tags": [
                "WindTurbine"
            ],
            "boundingBox": {
                "height": 104.94930171700905,
                "width": 64.64178653812674,
                "left": 70.94374020717271,
                "top": 68.26072994646587
            },
            "points": [
                {
                    "x": 70.94374020717271,
                    "y": 68.26072994646587
                },
                {
                    "x": 135.58552674529943,
                    "y": 68.26072994646587
                },
                {
                    "x": 135.58552674529943,
                    "y": 173.21003166347492
                },
                {
                    "x": 70.94374020717271,
                    "y": 173.21003166347492
                }
            ]
        }
    ],
    "version": "2.1.0"
}