{
    "asset": {
        "format": "JPG",
        "id": "6a298a45b34ed445bb6a68bd6498209e",
        "name": "1X1A0324.JPG",
        "path": "file:D:/MLDrones/matlab/yoloSimulinkDataWTFinal/swindturbinesSameSizes/1X1A0324.JPG",
        "size": {
            "width": 224,
            "height": 224
        },
        "state": 2,
        "type": 1
    },
    "regions": [
        {
            "id": "OGcGhvLVE",
            "type": "RECTANGLE",
            "tags": [
                "WindTurbine"
            ],
            "boundingBox": {
                "height": 37.43732590529248,
                "width": 28.389972144846798,
                "left": 90.47353760445682,
                "top": 123.23119777158774
            },
            "points": [
                {
                    "x": 90.47353760445682,
                    "y": 123.23119777158774
                },
                {
                    "x": 118.8635097493036,
                    "y": 123.23119777158774
                },
                {
                    "x": 118.8635097493036,
                    "y": 160.66852367688023
                },
                {
                    "x": 90.47353760445682,
                    "y": 160.66852367688023
                }
            ]
        }
    ],
    "version": "2.1.0"
}