{
    "asset": {
        "format": "JPG",
        "id": "6a4534e74db376f98d831ed6e7da928c",
        "name": "1X1A0340.JPG",
        "path": "file:D:/MLDrones/matlab/yoloSimulinkDataWTFinal/swindturbinesSameSizes/1X1A0340.JPG",
        "size": {
            "width": 224,
            "height": 224
        },
        "state": 2,
        "type": 1
    },
    "regions": [
        {
            "id": "DV7FC6y7B",
            "type": "RECTANGLE",
            "tags": [
                "WindTurbine"
            ],
            "boundingBox": {
                "height": 63.95543175487465,
                "width": 45.54874651810585,
                "left": 86.10584958217271,
                "top": 82.05013927576601
            },
            "points": [
                {
                    "x": 86.10584958217271,
                    "y": 82.05013927576601
                },
                {
                    "x": 131.65459610027855,
                    "y": 82.05013927576601
                },
                {
                    "x": 131.65459610027855,
                    "y": 146.00557103064068
                },
                {
                    "x": 86.10584958217271,
                    "y": 146.00557103064068
                }
            ]
        }
    ],
    "version": "2.1.0"
}