{
    "asset": {
        "format": "JPG",
        "id": "6a5394184897aa8badb1df3bf2f2ece7",
        "name": "1X1A9801.JPG",
        "path": "file:D:/MLDrones/matlab/yoloSimulinkDataWTFinal/swindturbinesSameSizes/1X1A9801.JPG",
        "size": {
            "width": 224,
            "height": 224
        },
        "state": 2,
        "type": 1
    },
    "regions": [
        {
            "id": "ikg5Xvbtp",
            "type": "RECTANGLE",
            "tags": [
                "WindTurbine"
            ],
            "boundingBox": {
                "height": 223.00166988107156,
                "width": 180.759877154422,
                "left": 43.24012284557799,
                "top": 0.9983301189284471
            },
            "points": [
                {
                    "x": 43.24012284557799,
                    "y": 0.9983301189284471
                },
                {
                    "x": 224,
                    "y": 0.9983301189284471
                },
                {
                    "x": 224,
                    "y": 224
                },
                {
                    "x": 43.24012284557799,
                    "y": 224
                }
            ]
        }
    ],
    "version": "2.1.0"
}