{
    "asset": {
        "format": "JPG",
        "id": "6a6a484e52ffaf62ff7cebc33bddf966",
        "name": "1X1A0071.JPG",
        "path": "file:D:/MLDrones/matlab/yoloSimulinkDataWTFinal/swindturbinesSameSizes/1X1A0071.JPG",
        "size": {
            "width": 224,
            "height": 224
        },
        "state": 2,
        "type": 1
    },
    "regions": [
        {
            "id": "j8WTkQP-n",
            "type": "RECTANGLE",
            "tags": [
                "WindTurbine"
            ],
            "boundingBox": {
                "height": 196.17158393541087,
                "width": 155.86407827733288,
                "left": 18.656263601149025,
                "top": 6.2395543175487465
            },
            "points": [
                {
                    "x": 18.656263601149025,
                    "y": 6.2395543175487465
                },
                {
                    "x": 174.5203418784819,
                    "y": 6.2395543175487465
                },
                {
                    "x": 174.5203418784819,
                    "y": 202.4111382529596
                },
                {
                    "x": 18.656263601149025,
                    "y": 202.4111382529596
                }
            ]
        }
    ],
    "version": "2.1.0"
}