{
    "asset": {
        "format": "JPG",
        "id": "6b3bf09b30b9b12a5462fdfc1759f28c",
        "name": "1X1A9772.JPG",
        "path": "file:D:/MLDrones/matlab/yoloSimulinkDataWTFinal/swindturbinesSameSizes/1X1A9772.JPG",
        "size": {
            "width": 224,
            "height": 224
        },
        "state": 2,
        "type": 1
    },
    "regions": [
        {
            "id": "fs21Q7G6k",
            "type": "RECTANGLE",
            "tags": [
                "WindTurbine"
            ],
            "boundingBox": {
                "height": 180.63509749303623,
                "width": 125.72701949860725,
                "left": 64.57938718662953,
                "top": 30.885793871866294
            },
            "points": [
                {
                    "x": 64.57938718662953,
                    "y": 30.885793871866294
                },
                {
                    "x": 190.30640668523677,
                    "y": 30.885793871866294
                },
                {
                    "x": 190.30640668523677,
                    "y": 211.52089136490252
                },
                {
                    "x": 64.57938718662953,
                    "y": 211.52089136490252
                }
            ]
        }
    ],
    "version": "2.1.0"
}