{
    "asset": {
        "format": "JPG",
        "id": "6b47aedc408adde4b135fb4d3297886c",
        "name": "1X1A9827.JPG",
        "path": "file:D:/MLDrones/matlab/yoloSimulinkDataWTFinal/swindturbinesSameSizes/1X1A9827.JPG",
        "size": {
            "width": 224,
            "height": 224
        },
        "state": 2,
        "type": 1
    },
    "regions": [
        {
            "id": "KCnQWfM3b",
            "type": "RECTANGLE",
            "tags": [
                "WindTurbine"
            ],
            "boundingBox": {
                "height": 223.7504168752176,
                "width": 176.3921891321379,
                "left": 47.60781086786212,
                "top": 0.24958312478238162
            },
            "points": [
                {
                    "x": 47.60781086786212,
                    "y": 0.24958312478238162
                },
                {
                    "x": 224,
                    "y": 0.24958312478238162
                },
                {
                    "x": 224,
                    "y": 224
                },
                {
                    "x": 47.60781086786212,
                    "y": 224
                }
            ]
        }
    ],
    "version": "2.1.0"
}