{
    "asset": {
        "format": "JPG",
        "id": "6c961b4acf67c6f40181d761d99bad6e",
        "name": "1X1A9783.JPG",
        "path": "file:D:/MLDrones/matlab/yoloSimulinkDataWTFinal/swindturbinesSameSizes/1X1A9783.JPG",
        "size": {
            "width": 224,
            "height": 224
        },
        "state": 2,
        "type": 1
    },
    "regions": [
        {
            "id": "q3kSgrLvF",
            "type": "RECTANGLE",
            "tags": [
                "WindTurbine"
            ],
            "boundingBox": {
                "height": 193.1142061281337,
                "width": 135.71030640668525,
                "left": 59.89972144846797,
                "top": 29.32590529247911
            },
            "points": [
                {
                    "x": 59.89972144846797,
                    "y": 29.32590529247911
                },
                {
                    "x": 195.61002785515322,
                    "y": 29.32590529247911
                },
                {
                    "x": 195.61002785515322,
                    "y": 222.44011142061282
                },
                {
                    "x": 59.89972144846797,
                    "y": 222.44011142061282
                }
            ]
        }
    ],
    "version": "2.1.0"
}