{
    "asset": {
        "format": "JPG",
        "id": "6cd21ed18f0f82531946f17b0e6423a5",
        "name": "1X1A9803.JPG",
        "path": "file:D:/MLDrones/matlab/yoloSimulinkDataWTFinal/swindturbinesSameSizes/1X1A9803.JPG",
        "size": {
            "width": 224,
            "height": 224
        },
        "state": 2,
        "type": 1
    },
    "regions": [
        {
            "id": "cin0vsqLn",
            "type": "RECTANGLE",
            "tags": [
                "WindTurbine"
            ],
            "boundingBox": {
                "height": 209.3994419448555,
                "width": 159.35821346187328,
                "left": 59.338165368210305,
                "top": 14.600558055144498
            },
            "points": [
                {
                    "x": 59.338165368210305,
                    "y": 14.600558055144498
                },
                {
                    "x": 218.69637883008357,
                    "y": 14.600558055144498
                },
                {
                    "x": 218.69637883008357,
                    "y": 224
                },
                {
                    "x": 59.338165368210305,
                    "y": 224
                }
            ]
        }
    ],
    "version": "2.1.0"
}