{
    "asset": {
        "format": "JPG",
        "id": "6cfec8680d1257f94c0043a5105edddd",
        "name": "1X1A9839.JPG",
        "path": "file:D:/MLDrones/matlab/yoloSimulinkDataWTFinal/swindturbinesSameSizes/1X1A9839.JPG",
        "size": {
            "width": 224,
            "height": 224
        },
        "state": 2,
        "type": 1
    },
    "regions": [
        {
            "id": "Hy06_Olum",
            "type": "RECTANGLE",
            "tags": [
                "WindTurbine"
            ],
            "boundingBox": {
                "height": 131.40501297549616,
                "width": 97.7114244211351,
                "left": 61.83398709522981,
                "top": 43.92646334762361
            },
            "points": [
                {
                    "x": 61.83398709522981,
                    "y": 43.92646334762361
                },
                {
                    "x": 159.5454115163649,
                    "y": 43.92646334762361
                },
                {
                    "x": 159.5454115163649,
                    "y": 175.33147632311977
                },
                {
                    "x": 61.83398709522981,
                    "y": 175.33147632311977
                }
            ]
        }
    ],
    "version": "2.1.0"
}