{
    "asset": {
        "format": "JPG",
        "id": "6d7c68ce00629db07e51c74bc69c4203",
        "name": "1X1A0212.JPG",
        "path": "file:D:/MLDrones/matlab/yoloSimulinkDataWTFinal/swindturbinesSameSizes/1X1A0212.JPG",
        "size": {
            "width": 224,
            "height": 224
        },
        "state": 2,
        "type": 1
    },
    "regions": [
        {
            "id": "_j_Nt6Wsf",
            "type": "RECTANGLE",
            "tags": [
                "WindTurbine"
            ],
            "boundingBox": {
                "height": 194.29972002034734,
                "width": 157.3615484636142,
                "left": 29.51310334697075,
                "top": 12.229527890516191
            },
            "points": [
                {
                    "x": 29.51310334697075,
                    "y": 12.229527890516191
                },
                {
                    "x": 186.87465181058496,
                    "y": 12.229527890516191
                },
                {
                    "x": 186.87465181058496,
                    "y": 206.52924791086352
                },
                {
                    "x": 29.51310334697075,
                    "y": 206.52924791086352
                }
            ]
        }
    ],
    "version": "2.1.0"
}