{
    "asset": {
        "format": "JPG",
        "id": "6e18d1359ada02ec44da8342b1e3c7d7",
        "name": "1X1A9980.JPG",
        "path": "file:D:/MLDrones/matlab/yoloSimulinkDataWTFinal/swindturbinesSameSizes/1X1A9980.JPG",
        "size": {
            "width": 224,
            "height": 224
        },
        "state": 2,
        "type": 1
    },
    "regions": [
        {
            "id": "CAFPKrSj6",
            "type": "RECTANGLE",
            "tags": [
                "WindTurbine"
            ],
            "boundingBox": {
                "height": 128.90919124847667,
                "width": 99.83286908077994,
                "left": 66.45125348189416,
                "top": 79.49192295765147
            },
            "points": [
                {
                    "x": 66.45125348189416,
                    "y": 79.49192295765147
                },
                {
                    "x": 166.2841225626741,
                    "y": 79.49192295765147
                },
                {
                    "x": 166.2841225626741,
                    "y": 208.40111420612814
                },
                {
                    "x": 66.45125348189416,
                    "y": 208.40111420612814
                }
            ]
        }
    ],
    "version": "2.1.0"
}