{
    "asset": {
        "format": "JPG",
        "id": "6e34c8b4b34db8a33fce3798819cd433",
        "name": "1X1A9949.JPG",
        "path": "file:D:/MLDrones/matlab/yoloSimulinkDataWTFinal/swindturbinesSameSizes/1X1A9949.JPG",
        "size": {
            "width": 224,
            "height": 224
        },
        "state": 2,
        "type": 1
    },
    "regions": [
        {
            "id": "FLLUXGrVB",
            "type": "RECTANGLE",
            "tags": [
                "WindTurbine"
            ],
            "boundingBox": {
                "height": 94.84121610593664,
                "width": 90.9727133748259,
                "left": 57.091922005571035,
                "top": 54.53371044785864
            },
            "points": [
                {
                    "x": 57.091922005571035,
                    "y": 54.53371044785864
                },
                {
                    "x": 148.06463538039694,
                    "y": 54.53371044785864
                },
                {
                    "x": 148.06463538039694,
                    "y": 149.37492655379526
                },
                {
                    "x": 57.091922005571035,
                    "y": 149.37492655379526
                }
            ]
        }
    ],
    "version": "2.1.0"
}