{
    "asset": {
        "format": "JPG",
        "id": "6e8bb6a0c00d047346189bfa3e15dd62",
        "name": "1X1A9923.JPG",
        "path": "file:D:/MLDrones/matlab/yoloSimulinkDataWTFinal/swindturbinesSameSizes/1X1A9923.JPG",
        "size": {
            "width": 224,
            "height": 224
        },
        "state": 2,
        "type": 1
    },
    "regions": [
        {
            "id": "TnqMsnUKS",
            "type": "RECTANGLE",
            "tags": [
                "WindTurbine"
            ],
            "boundingBox": {
                "height": 119.92424159993037,
                "width": 87.6033578516713,
                "left": 90.16155988857939,
                "top": 58.02785515320335
            },
            "points": [
                {
                    "x": 90.16155988857939,
                    "y": 58.02785515320335
                },
                {
                    "x": 177.7649177402507,
                    "y": 58.02785515320335
                },
                {
                    "x": 177.7649177402507,
                    "y": 177.9520967531337
                },
                {
                    "x": 90.16155988857939,
                    "y": 177.9520967531337
                }
            ]
        }
    ],
    "version": "2.1.0"
}