{
    "asset": {
        "format": "JPG",
        "id": "6e9b476a0e8684ee4593bc86b0a4c3b9",
        "name": "1X1A0090.JPG",
        "path": "file:D:/MLDrones/matlab/yoloSimulinkDataWTFinal/swindturbinesSameSizes/1X1A0090.JPG",
        "size": {
            "width": 224,
            "height": 224
        },
        "state": 2,
        "type": 1
    },
    "regions": [
        {
            "id": "l58zUAiCO",
            "type": "RECTANGLE",
            "tags": [
                "WindTurbine"
            ],
            "boundingBox": {
                "height": 170.0902497442984,
                "width": 150.4980482351149,
                "left": 0.8111439654422006,
                "top": 0.24958312478238162
            },
            "points": [
                {
                    "x": 0.8111439654422006,
                    "y": 0.24958312478238162
                },
                {
                    "x": 151.3091922005571,
                    "y": 0.24958312478238162
                },
                {
                    "x": 151.3091922005571,
                    "y": 170.3398328690808
                },
                {
                    "x": 0.8111439654422006,
                    "y": 170.3398328690808
                }
            ]
        }
    ],
    "version": "2.1.0"
}