{
    "asset": {
        "format": "JPG",
        "id": "6f1ee6bcf1435f6546da27216db4f918",
        "name": "1X1A9852.JPG",
        "path": "file:D:/MLDrones/matlab/yoloSimulinkDataWTFinal/swindturbinesSameSizes/1X1A9852.JPG",
        "size": {
            "width": 224,
            "height": 224
        },
        "state": 2,
        "type": 1
    },
    "regions": [
        {
            "id": "nU4T8x2im",
            "type": "RECTANGLE",
            "tags": [
                "WindTurbine"
            ],
            "boundingBox": {
                "height": 220.00669142529162,
                "width": 215.13983477324166,
                "left": 0.43676689806754876,
                "top": 0.3743746871735724
            },
            "points": [
                {
                    "x": 0.43676689806754876,
                    "y": 0.3743746871735724
                },
                {
                    "x": 215.5766016713092,
                    "y": 0.3743746871735724
                },
                {
                    "x": 215.5766016713092,
                    "y": 220.3810661124652
                },
                {
                    "x": 0.43676689806754876,
                    "y": 220.3810661124652
                }
            ]
        }
    ],
    "version": "2.1.0"
}