{
    "asset": {
        "format": "JPG",
        "id": "6f30b7b86ee51c12d6d62259c04a127a",
        "name": "1X1A0225.JPG",
        "path": "file:D:/MLDrones/matlab/yoloSimulinkDataWTFinal/swindturbinesSameSizes/1X1A0225.JPG",
        "size": {
            "width": 224,
            "height": 224
        },
        "state": 2,
        "type": 1
    },
    "regions": [
        {
            "id": "gp-ITkWfp",
            "type": "RECTANGLE",
            "tags": [
                "WindTurbine"
            ],
            "boundingBox": {
                "height": 156.92479108635098,
                "width": 141.76266266974235,
                "left": 4.866863792653204,
                "top": 67.07520891364902
            },
            "points": [
                {
                    "x": 4.866863792653204,
                    "y": 67.07520891364902
                },
                {
                    "x": 146.62952646239555,
                    "y": 67.07520891364902
                },
                {
                    "x": 146.62952646239555,
                    "y": 224
                },
                {
                    "x": 4.866863792653204,
                    "y": 224
                }
            ]
        }
    ],
    "version": "2.1.0"
}