{
    "asset": {
        "format": "JPG",
        "id": "6f58de386333a0aa452138f4de5b0f87",
        "name": "1X1A9953.JPG",
        "path": "file:D:/MLDrones/matlab/yoloSimulinkDataWTFinal/swindturbinesSameSizes/1X1A9953.JPG",
        "size": {
            "width": 224,
            "height": 224
        },
        "state": 2,
        "type": 1
    },
    "regions": [
        {
            "id": "cmfM_GZ8W",
            "type": "RECTANGLE",
            "tags": [
                "WindTurbine"
            ],
            "boundingBox": {
                "height": 96.33872437543523,
                "width": 91.34707140059193,
                "left": 63.08189795873955,
                "top": 63.768243221187326
            },
            "points": [
                {
                    "x": 63.08189795873955,
                    "y": 63.768243221187326
                },
                {
                    "x": 154.4289693593315,
                    "y": 63.768243221187326
                },
                {
                    "x": 154.4289693593315,
                    "y": 160.10696759662255
                },
                {
                    "x": 63.08189795873955,
                    "y": 160.10696759662255
                }
            ]
        }
    ],
    "version": "2.1.0"
}