{
    "asset": {
        "format": "JPG",
        "id": "6f7cc5d321f1ca328f9007698894ab34",
        "name": "1X1A0343.JPG",
        "path": "file:D:/MLDrones/matlab/yoloSimulinkDataWTFinal/swindturbinesSameSizes/1X1A0343.JPG",
        "size": {
            "width": 224,
            "height": 224
        },
        "state": 2,
        "type": 1
    },
    "regions": [
        {
            "id": "KIJgOJvoC",
            "type": "RECTANGLE",
            "tags": [
                "WindTurbine"
            ],
            "boundingBox": {
                "height": 65.51532033426183,
                "width": 49.91643454038997,
                "left": 82.05013927576601,
                "top": 74.87465181058496
            },
            "points": [
                {
                    "x": 82.05013927576601,
                    "y": 74.87465181058496
                },
                {
                    "x": 131.966573816156,
                    "y": 74.87465181058496
                },
                {
                    "x": 131.966573816156,
                    "y": 140.3899721448468
                },
                {
                    "x": 82.05013927576601,
                    "y": 140.3899721448468
                }
            ]
        }
    ],
    "version": "2.1.0"
}