{
    "asset": {
        "format": "JPG",
        "id": "7157fa5b834d4d73f4cc6401e8cc2062",
        "name": "1X1A0050.JPG",
        "path": "file:D:/MLDrones/matlab/yoloSimulinkDataWTFinal/swindturbinesSameSizes/1X1A0050.JPG",
        "size": {
            "width": 224,
            "height": 224
        },
        "state": 2,
        "type": 1
    },
    "regions": [
        {
            "id": "-RkPitgS8",
            "type": "RECTANGLE",
            "tags": [
                "WindTurbine"
            ],
            "boundingBox": {
                "height": 184.56602337765494,
                "width": 156.9871904378482,
                "left": 3.8061319420264623,
                "top": 0.24958312478238162
            },
            "points": [
                {
                    "x": 3.8061319420264623,
                    "y": 0.24958312478238162
                },
                {
                    "x": 160.79332237987467,
                    "y": 0.24958312478238162
                },
                {
                    "x": 160.79332237987467,
                    "y": 184.81560650243733
                },
                {
                    "x": 3.8061319420264623,
                    "y": 184.81560650243733
                }
            ]
        }
    ],
    "version": "2.1.0"
}