{
    "asset": {
        "format": "JPG",
        "id": "71c908e21d2df68b6657fb7bd405c756",
        "name": "1X1A9920.JPG",
        "path": "file:D:/MLDrones/matlab/yoloSimulinkDataWTFinal/swindturbinesSameSizes/1X1A9920.JPG",
        "size": {
            "width": 224,
            "height": 224
        },
        "state": 2,
        "type": 1
    },
    "regions": [
        {
            "id": "NINgSivd2",
            "type": "RECTANGLE",
            "tags": [
                "WindTurbine"
            ],
            "boundingBox": {
                "height": 117.67798871648677,
                "width": 85.98105087917827,
                "left": 78.68078375261142,
                "top": 66.01448658382661
            },
            "points": [
                {
                    "x": 78.68078375261142,
                    "y": 66.01448658382661
                },
                {
                    "x": 164.6618346317897,
                    "y": 66.01448658382661
                },
                {
                    "x": 164.6618346317897,
                    "y": 183.69247530031336
                },
                {
                    "x": 78.68078375261142,
                    "y": 183.69247530031336
                }
            ]
        }
    ],
    "version": "2.1.0"
}