{
    "asset": {
        "format": "JPG",
        "id": "71ed7223520e7f79401bb13d76bfd1db",
        "name": "1X1A0039.JPG",
        "path": "file:D:/MLDrones/matlab/yoloSimulinkDataWTFinal/swindturbinesSameSizes/1X1A0039.JPG",
        "size": {
            "width": 224,
            "height": 224
        },
        "state": 2,
        "type": 1
    },
    "regions": [
        {
            "id": "SCB8dr3HC",
            "type": "RECTANGLE",
            "tags": [
                "WindTurbine"
            ],
            "boundingBox": {
                "height": 192.55265242807712,
                "width": 149.93648263405294,
                "left": 74.06351736594708,
                "top": 5.36601814121257
            },
            "points": [
                {
                    "x": 74.06351736594708,
                    "y": 5.36601814121257
                },
                {
                    "x": 224,
                    "y": 5.36601814121257
                },
                {
                    "x": 224,
                    "y": 197.9186705692897
                },
                {
                    "x": 74.06351736594708,
                    "y": 197.9186705692897
                }
            ]
        }
    ],
    "version": "2.1.0"
}