{
    "asset": {
        "format": "JPG",
        "id": "71ed64c493df51e805fd34a8714d9033",
        "name": "1X1A0150.JPG",
        "path": "file:D:/MLDrones/matlab/yoloSimulinkDataWTFinal/swindturbinesSameSizes/1X1A0150.JPG",
        "size": {
            "width": 224,
            "height": 224
        },
        "state": 2,
        "type": 1
    },
    "regions": [
        {
            "id": "IBmnlJKJq",
            "type": "RECTANGLE",
            "tags": [
                "WindTurbine"
            ],
            "boundingBox": {
                "height": 203.03509606491556,
                "width": 152.55710306406687,
                "left": 0,
                "top": 20.964903935084436
            },
            "points": [
                {
                    "x": 0,
                    "y": 20.964903935084436
                },
                {
                    "x": 152.55710306406687,
                    "y": 20.964903935084436
                },
                {
                    "x": 152.55710306406687,
                    "y": 224
                },
                {
                    "x": 0,
                    "y": 224
                }
            ]
        }
    ],
    "version": "2.1.0"
}