{
    "asset": {
        "format": "JPG",
        "id": "71f4a247d6599d88324d0c7ee06461d3",
        "name": "1X1A0350.JPG",
        "path": "file:D:/MLDrones/matlab/yoloSimulinkDataWTFinal/swindturbinesSameSizes/1X1A0350.JPG",
        "size": {
            "width": 224,
            "height": 224
        },
        "state": 2,
        "type": 1
    },
    "regions": [
        {
            "id": "c7wGxpqHx",
            "type": "RECTANGLE",
            "tags": [
                "WindTurbine"
            ],
            "boundingBox": {
                "height": 61.77158774373259,
                "width": 44.92479108635098,
                "left": 84.23398328690809,
                "top": 75.1866295264624
            },
            "points": [
                {
                    "x": 84.23398328690809,
                    "y": 75.1866295264624
                },
                {
                    "x": 129.15877437325906,
                    "y": 75.1866295264624
                },
                {
                    "x": 129.15877437325906,
                    "y": 136.95821727019498
                },
                {
                    "x": 84.23398328690809,
                    "y": 136.95821727019498
                }
            ]
        }
    ],
    "version": "2.1.0"
}