{
    "asset": {
        "format": "JPG",
        "id": "722e623916e9db272b5bc86ea1b29a93",
        "name": "1X1A0043.JPG",
        "path": "file:D:/MLDrones/matlab/yoloSimulinkDataWTFinal/swindturbinesSameSizes/1X1A0043.JPG",
        "size": {
            "width": 224,
            "height": 224
        },
        "state": 2,
        "type": 1
    },
    "regions": [
        {
            "id": "vLQ-ZRUPQ",
            "type": "RECTANGLE",
            "tags": [
                "WindTurbine"
            ],
            "boundingBox": {
                "height": 156.73760255266365,
                "width": 136.022293643367,
                "left": 0.8111439654422006,
                "top": 67.26239744733635
            },
            "points": [
                {
                    "x": 0.8111439654422006,
                    "y": 67.26239744733635
                },
                {
                    "x": 136.8334376088092,
                    "y": 67.26239744733635
                },
                {
                    "x": 136.8334376088092,
                    "y": 224
                },
                {
                    "x": 0.8111439654422006,
                    "y": 224
                }
            ]
        }
    ],
    "version": "2.1.0"
}