{
    "asset": {
        "format": "JPG",
        "id": "72444079da35cfc6304aa751fbe5f9c7",
        "name": "1X1A9901.JPG",
        "path": "file:D:/MLDrones/matlab/yoloSimulinkDataWTFinal/swindturbinesSameSizes/1X1A9901.JPG",
        "size": {
            "width": 224,
            "height": 224
        },
        "state": 2,
        "type": 1
    },
    "regions": [
        {
            "id": "RGnqfWgOT",
            "type": "RECTANGLE",
            "tags": [
                "WindTurbine"
            ],
            "boundingBox": {
                "height": 90.34874842226671,
                "width": 61.02285265059192,
                "left": 78.30640668523677,
                "top": 87.47854962787257
            },
            "points": [
                {
                    "x": 78.30640668523677,
                    "y": 87.47854962787257
                },
                {
                    "x": 139.32925933582868,
                    "y": 87.47854962787257
                },
                {
                    "x": 139.32925933582868,
                    "y": 177.8272980501393
                },
                {
                    "x": 78.30640668523677,
                    "y": 177.8272980501393
                }
            ]
        }
    ],
    "version": "2.1.0"
}