{
    "asset": {
        "format": "JPG",
        "id": "729c4ddc27736d419fe9167633d48a8c",
        "name": "1X1A0348.JPG",
        "path": "file:D:/MLDrones/matlab/yoloSimulinkDataWTFinal/swindturbinesSameSizes/1X1A0348.JPG",
        "size": {
            "width": 224,
            "height": 224
        },
        "state": 2,
        "type": 1
    },
    "regions": [
        {
            "id": "M7ekEzlhT",
            "type": "RECTANGLE",
            "tags": [
                "WindTurbine"
            ],
            "boundingBox": {
                "height": 61.77158774373259,
                "width": 44.92479108635098,
                "left": 80.49025069637884,
                "top": 73.31476323119777
            },
            "points": [
                {
                    "x": 80.49025069637884,
                    "y": 73.31476323119777
                },
                {
                    "x": 125.4150417827298,
                    "y": 73.31476323119777
                },
                {
                    "x": 125.4150417827298,
                    "y": 135.08635097493035
                },
                {
                    "x": 80.49025069637884,
                    "y": 135.08635097493035
                }
            ]
        }
    ],
    "version": "2.1.0"
}