{
    "asset": {
        "format": "JPG",
        "id": "7322f4abf5601229ed08fc0c1b055447",
        "name": "1X1A9883.JPG",
        "path": "file:D:/MLDrones/matlab/yoloSimulinkDataWTFinal/swindturbinesSameSizes/1X1A9883.JPG",
        "size": {
            "width": 224,
            "height": 224
        },
        "state": 2,
        "type": 1
    },
    "regions": [
        {
            "id": "cVs4V3exh",
            "type": "RECTANGLE",
            "tags": [
                "WindTurbine"
            ],
            "boundingBox": {
                "height": 102.32870032860376,
                "width": 64.89136490250696,
                "left": 87.41615979717967,
                "top": 117.17883198772633
            },
            "points": [
                {
                    "x": 87.41615979717967,
                    "y": 117.17883198772633
                },
                {
                    "x": 152.30752469968664,
                    "y": 117.17883198772633
                },
                {
                    "x": 152.30752469968664,
                    "y": 219.5075323163301
                },
                {
                    "x": 87.41615979717967,
                    "y": 219.5075323163301
                }
            ]
        }
    ],
    "version": "2.1.0"
}