{
    "asset": {
        "format": "JPG",
        "id": "747d02b64dcdeff675032bb1641317c4",
        "name": "1X1A0252.JPG",
        "path": "file:D:/MLDrones/matlab/yoloSimulinkDataWTFinal/swindturbinesSameSizes/1X1A0252.JPG",
        "size": {
            "width": 224,
            "height": 224
        },
        "state": 2,
        "type": 1
    },
    "regions": [
        {
            "id": "eKvJljhdG",
            "type": "RECTANGLE",
            "tags": [
                "WindTurbine"
            ],
            "boundingBox": {
                "height": 146.62952646239555,
                "width": 141.32590529247912,
                "left": 10.919220055710307,
                "top": 77.37047353760445
            },
            "points": [
                {
                    "x": 10.919220055710307,
                    "y": 77.37047353760445
                },
                {
                    "x": 152.24512534818942,
                    "y": 77.37047353760445
                },
                {
                    "x": 152.24512534818942,
                    "y": 224
                },
                {
                    "x": 10.919220055710307,
                    "y": 224
                }
            ]
        }
    ],
    "version": "2.1.0"
}