{
    "asset": {
        "format": "JPG",
        "id": "74d88debba3faf134cf76091ad159d6d",
        "name": "1X1A9781.JPG",
        "path": "file:D:/MLDrones/matlab/yoloSimulinkDataWTFinal/swindturbinesSameSizes/1X1A9781.JPG",
        "size": {
            "width": 224,
            "height": 224
        },
        "state": 2,
        "type": 1
    },
    "regions": [
        {
            "id": "sDuotZINl",
            "type": "RECTANGLE",
            "tags": [
                "WindTurbine"
            ],
            "boundingBox": {
                "height": 154.11699164345404,
                "width": 110.75208913649026,
                "left": 73.6267409470752,
                "top": 41.18105849582173
            },
            "points": [
                {
                    "x": 73.6267409470752,
                    "y": 41.18105849582173
                },
                {
                    "x": 184.37883008356548,
                    "y": 41.18105849582173
                },
                {
                    "x": 184.37883008356548,
                    "y": 195.29805013927577
                },
                {
                    "x": 73.6267409470752,
                    "y": 195.29805013927577
                }
            ]
        }
    ],
    "version": "2.1.0"
}