{
    "asset": {
        "format": "JPG",
        "id": "74dd2cef0557ad40508c6f4c0fc3c4bd",
        "name": "1X1A0188.JPG",
        "path": "file:D:/MLDrones/matlab/yoloSimulinkDataWTFinal/swindturbinesSameSizes/1X1A0188.JPG",
        "size": {
            "width": 224,
            "height": 224
        },
        "state": 2,
        "type": 1
    },
    "regions": [
        {
            "id": "_XNRNPt2eb",
            "type": "RECTANGLE",
            "tags": [
                "WindTurbine"
            ],
            "boundingBox": {
                "height": 172.08690284155205,
                "width": 157.3615484636142,
                "left": 0.18719805449164345,
                "top": 51.226742375195855
            },
            "points": [
                {
                    "x": 0.18719805449164345,
                    "y": 51.226742375195855
                },
                {
                    "x": 157.54874651810584,
                    "y": 51.226742375195855
                },
                {
                    "x": 157.54874651810584,
                    "y": 223.31364521674791
                },
                {
                    "x": 0.18719805449164345,
                    "y": 223.31364521674791
                }
            ]
        }
    ],
    "version": "2.1.0"
}