{
    "asset": {
        "format": "JPG",
        "id": "7612a555063d6b7ba95de6dc25b2ea63",
        "name": "1X1A0289.JPG",
        "path": "file:D:/MLDrones/matlab/yoloSimulinkDataWTFinal/swindturbinesSameSizes/1X1A0289.JPG",
        "size": {
            "width": 224,
            "height": 224
        },
        "state": 2,
        "type": 1
    },
    "regions": [
        {
            "id": "DU-25wRN-",
            "type": "RECTANGLE",
            "tags": [
                "WindTurbine"
            ],
            "boundingBox": {
                "height": 97.025069637883,
                "width": 62.08356545961003,
                "left": 65.51532033426184,
                "top": 74.25069637883009
            },
            "points": [
                {
                    "x": 65.51532033426184,
                    "y": 74.25069637883009
                },
                {
                    "x": 127.59888579387187,
                    "y": 74.25069637883009
                },
                {
                    "x": 127.59888579387187,
                    "y": 171.2757660167131
                },
                {
                    "x": 65.51532033426184,
                    "y": 171.2757660167131
                }
            ]
        }
    ],
    "version": "2.1.0"
}