{
    "asset": {
        "format": "JPG",
        "id": "7692f95f04c366ea8e16e34914b99fa4",
        "name": "1X1A0326.JPG",
        "path": "file:D:/MLDrones/matlab/yoloSimulinkDataWTFinal/swindturbinesSameSizes/1X1A0326.JPG",
        "size": {
            "width": 224,
            "height": 224
        },
        "state": 2,
        "type": 1
    },
    "regions": [
        {
            "id": "Vv3Ka1_dY",
            "type": "RECTANGLE",
            "tags": [
                "WindTurbine"
            ],
            "boundingBox": {
                "height": 39.62116991643454,
                "width": 30.885793871866294,
                "left": 93.5933147632312,
                "top": 111.68802228412257
            },
            "points": [
                {
                    "x": 93.5933147632312,
                    "y": 111.68802228412257
                },
                {
                    "x": 124.47910863509749,
                    "y": 111.68802228412257
                },
                {
                    "x": 124.47910863509749,
                    "y": 151.3091922005571
                },
                {
                    "x": 93.5933147632312,
                    "y": 151.3091922005571
                }
            ]
        }
    ],
    "version": "2.1.0"
}