{
    "asset": {
        "format": "JPG",
        "id": "76a7048f20c13b7e1ce20eedddb609ec",
        "name": "1X1A9885.JPG",
        "path": "file:D:/MLDrones/matlab/yoloSimulinkDataWTFinal/swindturbinesSameSizes/1X1A9885.JPG",
        "size": {
            "width": 224,
            "height": 224
        },
        "state": 2,
        "type": 1
    },
    "regions": [
        {
            "id": "wDNg44Fg1",
            "type": "RECTANGLE",
            "tags": [
                "WindTurbine"
            ],
            "boundingBox": {
                "height": 102.95264623955433,
                "width": 68.75989619603064,
                "left": 70.44456443680362,
                "top": 82.98607242339833
            },
            "points": [
                {
                    "x": 70.44456443680362,
                    "y": 82.98607242339833
                },
                {
                    "x": 139.20446063283427,
                    "y": 82.98607242339833
                },
                {
                    "x": 139.20446063283427,
                    "y": 185.93871866295265
                },
                {
                    "x": 70.44456443680362,
                    "y": 185.93871866295265
                }
            ]
        }
    ],
    "version": "2.1.0"
}