{
    "asset": {
        "format": "JPG",
        "id": "76d17f0f09c5f1b8881c10d697594885",
        "name": "1X1A0342.JPG",
        "path": "file:D:/MLDrones/matlab/yoloSimulinkDataWTFinal/swindturbinesSameSizes/1X1A0342.JPG",
        "size": {
            "width": 224,
            "height": 224
        },
        "state": 2,
        "type": 1
    },
    "regions": [
        {
            "id": "j3pilJJOK",
            "type": "RECTANGLE",
            "tags": [
                "WindTurbine"
            ],
            "boundingBox": {
                "height": 59.275766016713085,
                "width": 45.23676880222841,
                "left": 86.41782729805014,
                "top": 76.74651810584959
            },
            "points": [
                {
                    "x": 86.41782729805014,
                    "y": 76.74651810584959
                },
                {
                    "x": 131.65459610027855,
                    "y": 76.74651810584959
                },
                {
                    "x": 131.65459610027855,
                    "y": 136.02228412256267
                },
                {
                    "x": 86.41782729805014,
                    "y": 136.02228412256267
                }
            ]
        }
    ],
    "version": "2.1.0"
}