{
    "asset": {
        "format": "JPG",
        "id": "77588a16e0ba53f08903b7601861d4e7",
        "name": "1X1A0181.JPG",
        "path": "file:D:/MLDrones/matlab/yoloSimulinkDataWTFinal/swindturbinesSameSizes/1X1A0181.JPG",
        "size": {
            "width": 224,
            "height": 224
        },
        "state": 2,
        "type": 1
    },
    "regions": [
        {
            "id": "ZD-FqysJ9",
            "type": "RECTANGLE",
            "tags": [
                "WindTurbine"
            ],
            "boundingBox": {
                "height": 185.3147632311978,
                "width": 165.3481894150418,
                "left": 4.055710306406685,
                "top": 1.8718662952646241
            },
            "points": [
                {
                    "x": 4.055710306406685,
                    "y": 1.8718662952646241
                },
                {
                    "x": 169.40389972144848,
                    "y": 1.8718662952646241
                },
                {
                    "x": 169.40389972144848,
                    "y": 187.1866295264624
                },
                {
                    "x": 4.055710306406685,
                    "y": 187.1866295264624
                }
            ]
        }
    ],
    "version": "2.1.0"
}