{
    "asset": {
        "format": "JPG",
        "id": "77649dd0cc6dc0e6829000b0e7c50b3a",
        "name": "1X1A9939.JPG",
        "path": "file:D:/MLDrones/matlab/yoloSimulinkDataWTFinal/swindturbinesSameSizes/1X1A9939.JPG",
        "size": {
            "width": 224,
            "height": 224
        },
        "state": 2,
        "type": 1
    },
    "regions": [
        {
            "id": "DFIx3yx8S",
            "type": "RECTANGLE",
            "tags": [
                "WindTurbine"
            ],
            "boundingBox": {
                "height": 142.0122600757312,
                "width": 123.66795514885098,
                "left": 43.86407827733287,
                "top": 23.710306406685238
            },
            "points": [
                {
                    "x": 43.86407827733287,
                    "y": 23.710306406685238
                },
                {
                    "x": 167.53203342618386,
                    "y": 23.710306406685238
                },
                {
                    "x": 167.53203342618386,
                    "y": 165.72256648241643
                },
                {
                    "x": 43.86407827733287,
                    "y": 165.72256648241643
                }
            ]
        }
    ],
    "version": "2.1.0"
}