{
    "asset": {
        "format": "JPG",
        "id": "77b531a3d1b0dc842b7151f4f10a7fd4",
        "name": "1X1A0051.JPG",
        "path": "file:D:/MLDrones/matlab/yoloSimulinkDataWTFinal/swindturbinesSameSizes/1X1A0051.JPG",
        "size": {
            "width": 224,
            "height": 224
        },
        "state": 2,
        "type": 1
    },
    "regions": [
        {
            "id": "P6Fo_clif",
            "type": "RECTANGLE",
            "tags": [
                "WindTurbine"
            ],
            "boundingBox": {
                "height": 141.13871437859072,
                "width": 130.53148393976323,
                "left": 0.31197771587743733,
                "top": 0.7487469941460655
            },
            "points": [
                {
                    "x": 0.31197771587743733,
                    "y": 0.7487469941460655
                },
                {
                    "x": 130.84346165564068,
                    "y": 0.7487469941460655
                },
                {
                    "x": 130.84346165564068,
                    "y": 141.88746137273677
                },
                {
                    "x": 0.31197771587743733,
                    "y": 141.88746137273677
                }
            ]
        }
    ],
    "version": "2.1.0"
}