{
    "asset": {
        "format": "JPG",
        "id": "784d87803d2ddb735e0290e02edfc759",
        "name": "1X1A9982.JPG",
        "path": "file:D:/MLDrones/matlab/yoloSimulinkDataWTFinal/swindturbinesSameSizes/1X1A9982.JPG",
        "size": {
            "width": 224,
            "height": 224
        },
        "state": 2,
        "type": 1
    },
    "regions": [
        {
            "id": "OsS2yQ6g-",
            "type": "RECTANGLE",
            "tags": [
                "WindTurbine"
            ],
            "boundingBox": {
                "height": 135.7727009977803,
                "width": 99.83286908077994,
                "left": 53.97214484679666,
                "top": 53.9097502557016
            },
            "points": [
                {
                    "x": 53.97214484679666,
                    "y": 53.9097502557016
                },
                {
                    "x": 153.8050139275766,
                    "y": 53.9097502557016
                },
                {
                    "x": 153.8050139275766,
                    "y": 189.6824512534819
                },
                {
                    "x": 53.97214484679666,
                    "y": 189.6824512534819
                }
            ]
        }
    ],
    "version": "2.1.0"
}