{
    "asset": {
        "format": "JPG",
        "id": "785067fa6685cce739700b91e1dffe7e",
        "name": "1X1A0235.JPG",
        "path": "file:D:/MLDrones/matlab/yoloSimulinkDataWTFinal/swindturbinesSameSizes/1X1A0235.JPG",
        "size": {
            "width": 224,
            "height": 224
        },
        "state": 2,
        "type": 1
    },
    "regions": [
        {
            "id": "oSobkaXMO",
            "type": "RECTANGLE",
            "tags": [
                "WindTurbine"
            ],
            "boundingBox": {
                "height": 119.05070066319203,
                "width": 138.7676842139624,
                "left": 0.6863547832520892,
                "top": 0.3743746871735724
            },
            "points": [
                {
                    "x": 0.6863547832520892,
                    "y": 0.3743746871735724
                },
                {
                    "x": 139.4540389972145,
                    "y": 0.3743746871735724
                },
                {
                    "x": 139.4540389972145,
                    "y": 119.4250753503656
                },
                {
                    "x": 0.6863547832520892,
                    "y": 119.4250753503656
                }
            ]
        }
    ],
    "version": "2.1.0"
}