{
    "asset": {
        "format": "JPG",
        "id": "78b840f448b84856882b7a79f2d09e2b",
        "name": "1X1A0172.JPG",
        "path": "file:D:/MLDrones/matlab/yoloSimulinkDataWTFinal/swindturbinesSameSizes/1X1A0172.JPG",
        "size": {
            "width": 224,
            "height": 224
        },
        "state": 2,
        "type": 1
    },
    "regions": [
        {
            "id": "KgfZNKf_y",
            "type": "RECTANGLE",
            "tags": [
                "WindTurbine"
            ],
            "boundingBox": {
                "height": 182.4445668170047,
                "width": 167.3448353716922,
                "left": 5.490819224408078,
                "top": 41.5554331829953
            },
            "points": [
                {
                    "x": 5.490819224408078,
                    "y": 41.5554331829953
                },
                {
                    "x": 172.83565459610028,
                    "y": 41.5554331829953
                },
                {
                    "x": 172.83565459610028,
                    "y": 224
                },
                {
                    "x": 5.490819224408078,
                    "y": 224
                }
            ]
        }
    ],
    "version": "2.1.0"
}