{
    "asset": {
        "format": "JPG",
        "id": "791cab6bf70a0c9ff92ccf6b1c471fe1",
        "name": "1X1A9823.JPG",
        "path": "file:D:/MLDrones/matlab/yoloSimulinkDataWTFinal/swindturbinesSameSizes/1X1A9823.JPG",
        "size": {
            "width": 224,
            "height": 224
        },
        "state": 2,
        "type": 1
    },
    "regions": [
        {
            "id": "QpP6ZTg8x",
            "type": "RECTANGLE",
            "tags": [
                "WindTurbine"
            ],
            "boundingBox": {
                "height": 178.57604266408427,
                "width": 139.51643834871172,
                "left": 57.59109777594011,
                "top": 36.06462585959262
            },
            "points": [
                {
                    "x": 57.59109777594011,
                    "y": 36.06462585959262
                },
                {
                    "x": 197.1075361246518,
                    "y": 36.06462585959262
                },
                {
                    "x": 197.1075361246518,
                    "y": 214.64066852367688
                },
                {
                    "x": 57.59109777594011,
                    "y": 214.64066852367688
                }
            ]
        }
    ],
    "version": "2.1.0"
}