{
    "asset": {
        "format": "JPG",
        "id": "7921dec4d863dcf0031f217950a31cc6",
        "name": "1X1A9832.JPG",
        "path": "file:D:/MLDrones/matlab/yoloSimulinkDataWTFinal/swindturbinesSameSizes/1X1A9832.JPG",
        "size": {
            "width": 224,
            "height": 224
        },
        "state": 2,
        "type": 1
    },
    "regions": [
        {
            "id": "83JEzFY59",
            "type": "RECTANGLE",
            "tags": [
                "WindTurbine"
            ],
            "boundingBox": {
                "height": 223.50083613063632,
                "width": 179.51196629091226,
                "left": 44.488033709087745,
                "top": 0.49916386936368384
            },
            "points": [
                {
                    "x": 44.488033709087745,
                    "y": 0.49916386936368384
                },
                {
                    "x": 224,
                    "y": 0.49916386936368384
                },
                {
                    "x": 224,
                    "y": 224
                },
                {
                    "x": 44.488033709087745,
                    "y": 224
                }
            ]
        }
    ],
    "version": "2.1.0"
}