{
    "asset": {
        "format": "JPG",
        "id": "793946c4ca764e39fe3630160eac8e8c",
        "name": "1X1A0002.JPG",
        "path": "file:D:/MLDrones/matlab/yoloSimulinkDataWTFinal/swindturbinesSameSizes/1X1A0002.JPG",
        "size": {
            "width": 224,
            "height": 224
        },
        "state": 2,
        "type": 1
    },
    "regions": [
        {
            "id": "Ln3oD32ew",
            "type": "RECTANGLE",
            "tags": [
                "WindTurbine"
            ],
            "boundingBox": {
                "height": 171.83733161777508,
                "width": 108.69302478673399,
                "left": 94.90362497823817,
                "top": 26.081338951514624
            },
            "points": [
                {
                    "x": 94.90362497823817,
                    "y": 26.081338951514624
                },
                {
                    "x": 203.59664976497214,
                    "y": 26.081338951514624
                },
                {
                    "x": 203.59664976497214,
                    "y": 197.9186705692897
                },
                {
                    "x": 94.90362497823817,
                    "y": 197.9186705692897
                }
            ]
        }
    ],
    "version": "2.1.0"
}