{
    "asset": {
        "format": "JPG",
        "id": "793c5ffc8e67501a12a69dc18d13322e",
        "name": "1X1A0370.JPG",
        "path": "file:D:/MLDrones/matlab/yoloSimulinkDataWTFinal/swindturbinesSameSizes/1X1A0370.JPG",
        "size": {
            "width": 224,
            "height": 224
        },
        "state": 2,
        "type": 1
    },
    "regions": [
        {
            "id": "Nc6h6FZWj",
            "type": "RECTANGLE",
            "tags": [
                "WindTurbine"
            ],
            "boundingBox": {
                "height": 68.01114206128133,
                "width": 58.33983286908078,
                "left": 76.12256267409471,
                "top": 94.52924791086352
            },
            "points": [
                {
                    "x": 76.12256267409471,
                    "y": 94.52924791086352
                },
                {
                    "x": 134.46239554317552,
                    "y": 94.52924791086352
                },
                {
                    "x": 134.46239554317552,
                    "y": 162.54038997214485
                },
                {
                    "x": 76.12256267409471,
                    "y": 162.54038997214485
                }
            ]
        }
    ],
    "version": "2.1.0"
}