{
    "asset": {
        "format": "JPG",
        "id": "7949d99594ff0ffa358109a4871fb89e",
        "name": "1X1A9867.JPG",
        "path": "file:D:/MLDrones/matlab/yoloSimulinkDataWTFinal/swindturbinesSameSizes/1X1A9867.JPG",
        "size": {
            "width": 224,
            "height": 224
        },
        "state": 2,
        "type": 1
    },
    "regions": [
        {
            "id": "z1Zdji7Oc",
            "type": "RECTANGLE",
            "tags": [
                "WindTurbine"
            ],
            "boundingBox": {
                "height": 152.99387472253656,
                "width": 121.17215246344011,
                "left": 56.467966573816156,
                "top": 29.88746613313893
            },
            "points": [
                {
                    "x": 56.467966573816156,
                    "y": 29.88746613313893
                },
                {
                    "x": 177.64011903725628,
                    "y": 29.88746613313893
                },
                {
                    "x": 177.64011903725628,
                    "y": 182.8813408556755
                },
                {
                    "x": 56.467966573816156,
                    "y": 182.8813408556755
                }
            ]
        }
    ],
    "version": "2.1.0"
}