{
    "asset": {
        "format": "JPG",
        "id": "796b202545990c2f9b4c21ee7b1e598d",
        "name": "1X1A0083.JPG",
        "path": "file:D:/MLDrones/matlab/yoloSimulinkDataWTFinal/swindturbinesSameSizes/1X1A0083.JPG",
        "size": {
            "width": 224,
            "height": 224
        },
        "state": 2,
        "type": 1
    },
    "regions": [
        {
            "id": "HzPYPsYYw",
            "type": "RECTANGLE",
            "tags": [
                "WindTurbine"
            ],
            "boundingBox": {
                "height": 201.6623983994168,
                "width": 153.6178349146936,
                "left": 0.9359331476323121,
                "top": 18.96824607742862
            },
            "points": [
                {
                    "x": 0.9359331476323121,
                    "y": 18.96824607742862
                },
                {
                    "x": 154.5537680623259,
                    "y": 18.96824607742862
                },
                {
                    "x": 154.5537680623259,
                    "y": 220.63064447684542
                },
                {
                    "x": 0.9359331476323121,
                    "y": 220.63064447684542
                }
            ]
        }
    ],
    "version": "2.1.0"
}