{
    "asset": {
        "format": "JPG",
        "id": "7a433e9372a1fa34faf7a380761b151c",
        "name": "1X1A9821.JPG",
        "path": "file:D:/MLDrones/matlab/yoloSimulinkDataWTFinal/swindturbinesSameSizes/1X1A9821.JPG",
        "size": {
            "width": 224,
            "height": 224
        },
        "state": 2,
        "type": 1
    },
    "regions": [
        {
            "id": "ejzL7e1du",
            "type": "RECTANGLE",
            "tags": [
                "WindTurbine"
            ],
            "boundingBox": {
                "height": 131.15543461111596,
                "width": 101.45517605327298,
                "left": 77.6824512534819,
                "top": 45.798329642888234
            },
            "points": [
                {
                    "x": 77.6824512534819,
                    "y": 45.798329642888234
                },
                {
                    "x": 179.13762730675487,
                    "y": 45.798329642888234
                },
                {
                    "x": 179.13762730675487,
                    "y": 176.95376425400417
                },
                {
                    "x": 77.6824512534819,
                    "y": 176.95376425400417
                }
            ]
        }
    ],
    "version": "2.1.0"
}