{
    "asset": {
        "format": "JPG",
        "id": "7a75d5b99a4ab4cd2fbb736151e10095",
        "name": "1X1A0296.JPG",
        "path": "file:D:/MLDrones/matlab/yoloSimulinkDataWTFinal/swindturbinesSameSizes/1X1A0296.JPG",
        "size": {
            "width": 224,
            "height": 224
        },
        "state": 2,
        "type": 1
    },
    "regions": [
        {
            "id": "cmrVThYIe",
            "type": "RECTANGLE",
            "tags": [
                "WindTurbine"
            ],
            "boundingBox": {
                "height": 108.5682451253482,
                "width": 72.37883008356546,
                "left": 76.12256267409471,
                "top": 49.60445682451254
            },
            "points": [
                {
                    "x": 76.12256267409471,
                    "y": 49.60445682451254
                },
                {
                    "x": 148.50139275766017,
                    "y": 49.60445682451254
                },
                {
                    "x": 148.50139275766017,
                    "y": 158.17270194986074
                },
                {
                    "x": 76.12256267409471,
                    "y": 158.17270194986074
                }
            ]
        }
    ],
    "version": "2.1.0"
}