{
    "asset": {
        "format": "JPG",
        "id": "7adc551312e165daf0e06ec01f167927",
        "name": "1X1A0229.JPG",
        "path": "file:D:/MLDrones/matlab/yoloSimulinkDataWTFinal/swindturbinesSameSizes/1X1A0229.JPG",
        "size": {
            "width": 224,
            "height": 224
        },
        "state": 2,
        "type": 1
    },
    "regions": [
        {
            "id": "KnDbAn1c1",
            "type": "RECTANGLE",
            "tags": [
                "WindTurbine"
            ],
            "boundingBox": {
                "height": 133.83844011142062,
                "width": 146.3175487465181,
                "left": 77.6824512534819,
                "top": 0
            },
            "points": [
                {
                    "x": 77.6824512534819,
                    "y": 0
                },
                {
                    "x": 224,
                    "y": 0
                },
                {
                    "x": 224,
                    "y": 133.83844011142062
                },
                {
                    "x": 77.6824512534819,
                    "y": 133.83844011142062
                }
            ]
        }
    ],
    "version": "2.1.0"
}