{
    "asset": {
        "format": "JPG",
        "id": "7b5560374d0df4ce84c03b363256089c",
        "name": "1X1A9900.JPG",
        "path": "file:D:/MLDrones/matlab/yoloSimulinkDataWTFinal/swindturbinesSameSizes/1X1A9900.JPG",
        "size": {
            "width": 224,
            "height": 224
        },
        "state": 2,
        "type": 1
    },
    "regions": [
        {
            "id": "eOGLUaiz4",
            "type": "RECTANGLE",
            "tags": [
                "WindTurbine"
            ],
            "boundingBox": {
                "height": 91.84623765015668,
                "width": 66.38885413039694,
                "left": 77.18329452472145,
                "top": 67.636774514711
            },
            "points": [
                {
                    "x": 77.18329452472145,
                    "y": 67.636774514711
                },
                {
                    "x": 143.57214865511838,
                    "y": 67.636774514711
                },
                {
                    "x": 143.57214865511838,
                    "y": 159.4830121648677
                },
                {
                    "x": 77.18329452472145,
                    "y": 159.4830121648677
                }
            ]
        }
    ],
    "version": "2.1.0"
}