{
    "asset": {
        "format": "JPG",
        "id": "7b9d8b25b56fccc0a7e0d4264ef220b6",
        "name": "1X1A0011.JPG",
        "path": "file:D:/MLDrones/matlab/yoloSimulinkDataWTFinal/swindturbinesSameSizes/1X1A0011.JPG",
        "size": {
            "width": 224,
            "height": 224
        },
        "state": 2,
        "type": 1
    },
    "regions": [
        {
            "id": "Glmcp94mY",
            "type": "RECTANGLE",
            "tags": [
                "WindTurbine"
            ],
            "boundingBox": {
                "height": 154.6161578930188,
                "width": 116.67965621735725,
                "left": 1.1855210328168524,
                "top": 69.3838421069812
            },
            "points": [
                {
                    "x": 1.1855210328168524,
                    "y": 69.3838421069812
                },
                {
                    "x": 117.8651772501741,
                    "y": 69.3838421069812
                },
                {
                    "x": 117.8651772501741,
                    "y": 224
                },
                {
                    "x": 1.1855210328168524,
                    "y": 224
                }
            ]
        }
    ],
    "version": "2.1.0"
}