{
    "asset": {
        "format": "JPG",
        "id": "7cd626d4dd69a32fa10e7683db80190d",
        "name": "1X1A0279.JPG",
        "path": "file:D:/MLDrones/matlab/yoloSimulinkDataWTFinal/swindturbinesSameSizes/1X1A0279.JPG",
        "size": {
            "width": 224,
            "height": 224
        },
        "state": 2,
        "type": 1
    },
    "regions": [
        {
            "id": "POH5iAMbu",
            "type": "RECTANGLE",
            "tags": [
                "WindTurbine"
            ],
            "boundingBox": {
                "height": 107.008356545961,
                "width": 68.32311977715878,
                "left": 61.147632311977716,
                "top": 54.59610027855153
            },
            "points": [
                {
                    "x": 61.147632311977716,
                    "y": 54.59610027855153
                },
                {
                    "x": 129.47075208913648,
                    "y": 54.59610027855153
                },
                {
                    "x": 129.47075208913648,
                    "y": 161.60445682451254
                },
                {
                    "x": 61.147632311977716,
                    "y": 161.60445682451254
                }
            ]
        }
    ],
    "version": "2.1.0"
}