{
    "asset": {
        "format": "JPG",
        "id": "7d1e224ec2d2e82231bae6d07ea24cbf",
        "name": "1X1A9797.JPG",
        "path": "file:D:/MLDrones/matlab/yoloSimulinkDataWTFinal/swindturbinesSameSizes/1X1A9797.JPG",
        "size": {
            "width": 224,
            "height": 224
        },
        "state": 2,
        "type": 1
    },
    "regions": [
        {
            "id": "WwpA8QQwh",
            "type": "RECTANGLE",
            "tags": [
                "WindTurbine"
            ],
            "boundingBox": {
                "height": 223.37604456824513,
                "width": 182.75654215268105,
                "left": 41.24345784731894,
                "top": 0.6239554317548747
            },
            "points": [
                {
                    "x": 41.24345784731894,
                    "y": 0.6239554317548747
                },
                {
                    "x": 224,
                    "y": 0.6239554317548747
                },
                {
                    "x": 224,
                    "y": 224
                },
                {
                    "x": 41.24345784731894,
                    "y": 224
                }
            ]
        }
    ],
    "version": "2.1.0"
}