{
    "asset": {
        "format": "JPG",
        "id": "7f02243b5605900369b004e59c678f31",
        "name": "1X1A0352.JPG",
        "path": "file:D:/MLDrones/matlab/yoloSimulinkDataWTFinal/swindturbinesSameSizes/1X1A0352.JPG",
        "size": {
            "width": 224,
            "height": 224
        },
        "state": 2,
        "type": 1
    },
    "regions": [
        {
            "id": "pNjCBQoKa",
            "type": "RECTANGLE",
            "tags": [
                "WindTurbine"
            ],
            "boundingBox": {
                "height": 61.77158774373259,
                "width": 44.92479108635098,
                "left": 72.6908077994429,
                "top": 77.99442896935933
            },
            "points": [
                {
                    "x": 72.6908077994429,
                    "y": 77.99442896935933
                },
                {
                    "x": 117.61559888579387,
                    "y": 77.99442896935933
                },
                {
                    "x": 117.61559888579387,
                    "y": 139.76601671309191
                },
                {
                    "x": 72.6908077994429,
                    "y": 139.76601671309191
                }
            ]
        }
    ],
    "version": "2.1.0"
}