{
    "asset": {
        "format": "JPG",
        "id": "7f1d116c2a1091bd90a38b6bd207a533",
        "name": "1X1A0010.JPG",
        "path": "file:D:/MLDrones/matlab/yoloSimulinkDataWTFinal/swindturbinesSameSizes/1X1A0010.JPG",
        "size": {
            "width": 224,
            "height": 224
        },
        "state": 2,
        "type": 1,
        "predicted": true
    },
    "regions": [
        {
            "id": "2NTBJN6m3",
            "type": "RECTANGLE",
            "tags": [
                "WindTurbine"
            ],
            "boundingBox": {
                "height": 155.4897012099582,
                "width": 118.42673333043176,
                "left": 70.1949860724234,
                "top": 0.6239554317548747
            },
            "points": [
                {
                    "x": 70.1949860724234,
                    "y": 0.6239554317548747
                },
                {
                    "x": 188.62171940285515,
                    "y": 0.6239554317548747
                },
                {
                    "x": 188.62171940285515,
                    "y": 156.1136566417131
                },
                {
                    "x": 70.1949860724234,
                    "y": 156.1136566417131
                }
            ]
        }
    ],
    "version": "2.1.0"
}