{
    "asset": {
        "format": "JPG",
        "id": "7f31b80226e12a475a2873780254faab",
        "name": "1X1A0331.JPG",
        "path": "file:D:/MLDrones/matlab/yoloSimulinkDataWTFinal/swindturbinesSameSizes/1X1A0331.JPG",
        "size": {
            "width": 224,
            "height": 224
        },
        "state": 2,
        "type": 1
    },
    "regions": [
        {
            "id": "KrOYcGqbL",
            "type": "RECTANGLE",
            "tags": [
                "WindTurbine"
            ],
            "boundingBox": {
                "height": 31.821727019498606,
                "width": 30.885793871866294,
                "left": 94.52924791086352,
                "top": 117.61559888579387
            },
            "points": [
                {
                    "x": 94.52924791086352,
                    "y": 117.61559888579387
                },
                {
                    "x": 125.4150417827298,
                    "y": 117.61559888579387
                },
                {
                    "x": 125.4150417827298,
                    "y": 149.43732590529248
                },
                {
                    "x": 94.52924791086352,
                    "y": 149.43732590529248
                }
            ]
        }
    ],
    "version": "2.1.0"
}