{
    "asset": {
        "format": "JPG",
        "id": "7fea7a8f77cb62d02292234534de3b47",
        "name": "1X1A0337.JPG",
        "path": "file:D:/MLDrones/matlab/yoloSimulinkDataWTFinal/swindturbinesSameSizes/1X1A0337.JPG",
        "size": {
            "width": 224,
            "height": 224
        },
        "state": 2,
        "type": 1
    },
    "regions": [
        {
            "id": "dAdUjrvFi",
            "type": "RECTANGLE",
            "tags": [
                "WindTurbine"
            ],
            "boundingBox": {
                "height": 53.34818941504179,
                "width": 45.54874651810585,
                "left": 87.35376044568245,
                "top": 87.66573816155989
            },
            "points": [
                {
                    "x": 87.35376044568245,
                    "y": 87.66573816155989
                },
                {
                    "x": 132.9025069637883,
                    "y": 87.66573816155989
                },
                {
                    "x": 132.9025069637883,
                    "y": 141.01392757660167
                },
                {
                    "x": 87.35376044568245,
                    "y": 141.01392757660167
                }
            ]
        }
    ],
    "version": "2.1.0"
}