{
    "asset": {
        "format": "JPG",
        "id": "802719392014f638a9d2f7d1e5a11034",
        "name": "1X1A9887.JPG",
        "path": "file:D:/MLDrones/matlab/yoloSimulinkDataWTFinal/swindturbinesSameSizes/1X1A9887.JPG",
        "size": {
            "width": 224,
            "height": 224
        },
        "state": 2,
        "type": 1
    },
    "regions": [
        {
            "id": "aazIfmkgv",
            "type": "RECTANGLE",
            "tags": [
                "WindTurbine"
            ],
            "boundingBox": {
                "height": 108.19387757877786,
                "width": 65.76489869864206,
                "left": 70.56936313979806,
                "top": 65.39053115207173
            },
            "points": [
                {
                    "x": 70.56936313979806,
                    "y": 65.39053115207173
                },
                {
                    "x": 136.3342618384401,
                    "y": 65.39053115207173
                },
                {
                    "x": 136.3342618384401,
                    "y": 173.5844087308496
                },
                {
                    "x": 70.56936313979806,
                    "y": 173.5844087308496
                }
            ]
        }
    ],
    "version": "2.1.0"
}