{
    "asset": {
        "format": "JPG",
        "id": "812c6db3d6648fa701d32bb6f6ad6a14",
        "name": "1X1A9791.JPG",
        "path": "file:D:/MLDrones/matlab/yoloSimulinkDataWTFinal/swindturbinesSameSizes/1X1A9791.JPG",
        "size": {
            "width": 224,
            "height": 224
        },
        "state": 2,
        "type": 1
    },
    "regions": [
        {
            "id": "h2yfbQrBl",
            "type": "RECTANGLE",
            "tags": [
                "WindTurbine"
            ],
            "boundingBox": {
                "height": 223.12646144346274,
                "width": 183.69247530031336,
                "left": 34.255149395020894,
                "top": 0.8735385565372563
            },
            "points": [
                {
                    "x": 34.255149395020894,
                    "y": 0.8735385565372563
                },
                {
                    "x": 217.94762469533427,
                    "y": 0.8735385565372563
                },
                {
                    "x": 217.94762469533427,
                    "y": 224
                },
                {
                    "x": 34.255149395020894,
                    "y": 224
                }
            ]
        }
    ],
    "version": "2.1.0"
}