{
    "asset": {
        "format": "JPG",
        "id": "829e7cb96b2a9ebaf5e5a5f631962ebb",
        "name": "1X1A0139.JPG",
        "path": "file:D:/MLDrones/matlab/yoloSimulinkDataWTFinal/swindturbinesSameSizes/1X1A0139.JPG",
        "size": {
            "width": 224,
            "height": 224
        },
        "state": 2,
        "type": 1
    },
    "regions": [
        {
            "id": "lyluOS1jl",
            "type": "RECTANGLE",
            "tags": [
                "WindTurbine"
            ],
            "boundingBox": {
                "height": 191.80389829332782,
                "width": 156.4256153159819,
                "left": 17.3459724277507,
                "top": 32.19610170667218
            },
            "points": [
                {
                    "x": 17.3459724277507,
                    "y": 32.19610170667218
                },
                {
                    "x": 173.7715877437326,
                    "y": 32.19610170667218
                },
                {
                    "x": 173.7715877437326,
                    "y": 224
                },
                {
                    "x": 17.3459724277507,
                    "y": 224
                }
            ]
        }
    ],
    "version": "2.1.0"
}