{
    "asset": {
        "format": "JPG",
        "id": "82bdf3d3cae3b8a4f821c8ba4de91033",
        "name": "1X1A0026.JPG",
        "path": "file:D:/MLDrones/matlab/yoloSimulinkDataWTFinal/swindturbinesSameSizes/1X1A0026.JPG",
        "size": {
            "width": 224,
            "height": 224
        },
        "state": 2,
        "type": 1
    },
    "regions": [
        {
            "id": "jHCUEv04H",
            "type": "RECTANGLE",
            "tags": [
                "WindTurbine"
            ],
            "boundingBox": {
                "height": 145.88078660885273,
                "width": 223.31364521674791,
                "left": 0.6863547832520892,
                "top": 0.24958312478238162
            },
            "points": [
                {
                    "x": 0.6863547832520892,
                    "y": 0.24958312478238162
                },
                {
                    "x": 224,
                    "y": 0.24958312478238162
                },
                {
                    "x": 224,
                    "y": 146.1303697336351
                },
                {
                    "x": 0.6863547832520892,
                    "y": 146.1303697336351
                }
            ]
        }
    ],
    "version": "2.1.0"
}