{
    "asset": {
        "format": "JPG",
        "id": "83619b0292f9991fbfb27c3be3bcd7d8",
        "name": "1X1A0086.JPG",
        "path": "file:D:/MLDrones/matlab/yoloSimulinkDataWTFinal/swindturbinesSameSizes/1X1A0086.JPG",
        "size": {
            "width": 224,
            "height": 224
        },
        "state": 2,
        "type": 1
    },
    "regions": [
        {
            "id": "wgn-Q9mZr",
            "type": "RECTANGLE",
            "tags": [
                "WindTurbine"
            ],
            "boundingBox": {
                "height": 172.83565935650245,
                "width": 144.00892507399024,
                "left": 7.1754874651810585,
                "top": 20.715323190503135
            },
            "points": [
                {
                    "x": 7.1754874651810585,
                    "y": 20.715323190503135
                },
                {
                    "x": 151.18441253917132,
                    "y": 20.715323190503135
                },
                {
                    "x": 151.18441253917132,
                    "y": 193.5509825470056
                },
                {
                    "x": 7.1754874651810585,
                    "y": 193.5509825470056
                }
            ]
        }
    ],
    "version": "2.1.0"
}