{
    "asset": {
        "format": "JPG",
        "id": "83de4d0087dfbcd598d10946f7944574",
        "name": "1X1A9864.JPG",
        "path": "file:D:/MLDrones/matlab/yoloSimulinkDataWTFinal/swindturbinesSameSizes/1X1A9864.JPG",
        "size": {
            "width": 224,
            "height": 224
        },
        "state": 2,
        "type": 1
    },
    "regions": [
        {
            "id": "jbQ5ozhUE",
            "type": "RECTANGLE",
            "tags": [
                "WindTurbine"
            ],
            "boundingBox": {
                "height": 144.00891079278378,
                "width": 151.9955469838092,
                "left": 30.0122600757312,
                "top": 38.8100307113945
            },
            "points": [
                {
                    "x": 30.0122600757312,
                    "y": 38.8100307113945
                },
                {
                    "x": 182.0078070595404,
                    "y": 38.8100307113945
                },
                {
                    "x": 182.0078070595404,
                    "y": 182.81894150417827
                },
                {
                    "x": 30.0122600757312,
                    "y": 182.81894150417827
                }
            ]
        }
    ],
    "version": "2.1.0"
}