{
    "asset": {
        "format": "JPG",
        "id": "8407de8b2aff2c84dd11377d4b89302f",
        "name": "1X1A9795.JPG",
        "path": "file:D:/MLDrones/matlab/yoloSimulinkDataWTFinal/swindturbinesSameSizes/1X1A9795.JPG",
        "size": {
            "width": 224,
            "height": 224
        },
        "state": 2,
        "type": 1
    },
    "regions": [
        {
            "id": "AYWM61gZX",
            "type": "RECTANGLE",
            "tags": [
                "WindTurbine"
            ],
            "boundingBox": {
                "height": 223.87520843760882,
                "width": 193.7381615598886,
                "left": 30.261838440111422,
                "top": 0.12479156239119081
            },
            "points": [
                {
                    "x": 30.261838440111422,
                    "y": 0.12479156239119081
                },
                {
                    "x": 224,
                    "y": 0.12479156239119081
                },
                {
                    "x": 224,
                    "y": 224
                },
                {
                    "x": 30.261838440111422,
                    "y": 224
                }
            ]
        }
    ],
    "version": "2.1.0"
}