{
    "asset": {
        "format": "JPG",
        "id": "849c014caec5fb25f7df5077fc6b94a4",
        "name": "1X1A9946.JPG",
        "path": "file:D:/MLDrones/matlab/yoloSimulinkDataWTFinal/swindturbinesSameSizes/1X1A9946.JPG",
        "size": {
            "width": 224,
            "height": 224
        },
        "state": 2,
        "type": 1
    },
    "regions": [
        {
            "id": "UGNhYM3ZD",
            "type": "RECTANGLE",
            "tags": [
                "WindTurbine"
            ],
            "boundingBox": {
                "height": 106.19721258051881,
                "width": 93.34371735724234,
                "left": 55.71923148067549,
                "top": 76.99610599103413
            },
            "points": [
                {
                    "x": 55.71923148067549,
                    "y": 76.99610599103413
                },
                {
                    "x": 149.06294883791784,
                    "y": 76.99610599103413
                },
                {
                    "x": 149.06294883791784,
                    "y": 183.19331857155294
                },
                {
                    "x": 55.71923148067549,
                    "y": 183.19331857155294
                }
            ]
        }
    ],
    "version": "2.1.0"
}