{
    "asset": {
        "format": "JPG",
        "id": "84dd0062fb543c01043f96d8b52b098a",
        "name": "1X1A9978.JPG",
        "path": "file:D:/MLDrones/matlab/yoloSimulinkDataWTFinal/swindturbinesSameSizes/1X1A9978.JPG",
        "size": {
            "width": 224,
            "height": 224
        },
        "state": 2,
        "type": 1
    },
    "regions": [
        {
            "id": "ah1xwx6X-",
            "type": "RECTANGLE",
            "tags": [
                "WindTurbine"
            ],
            "boundingBox": {
                "height": 135.7727009977803,
                "width": 99.83286908077994,
                "left": 67.6991643454039,
                "top": 55.157661119211355
            },
            "points": [
                {
                    "x": 67.6991643454039,
                    "y": 55.157661119211355
                },
                {
                    "x": 167.53203342618386,
                    "y": 55.157661119211355
                },
                {
                    "x": 167.53203342618386,
                    "y": 190.93036211699166
                },
                {
                    "x": 67.6991643454039,
                    "y": 190.93036211699166
                }
            ]
        }
    ],
    "version": "2.1.0"
}