{
    "asset": {
        "format": "JPG",
        "id": "84ea83d628f9127bd66403b2d6685d59",
        "name": "1X1A0120.JPG",
        "path": "file:D:/MLDrones/matlab/yoloSimulinkDataWTFinal/swindturbinesSameSizes/1X1A0120.JPG",
        "size": {
            "width": 224,
            "height": 224
        },
        "state": 2,
        "type": 1
    },
    "regions": [
        {
            "id": "zUe5Wt9SW",
            "type": "RECTANGLE",
            "tags": [
                "WindTurbine"
            ],
            "boundingBox": {
                "height": 172.77325762480416,
                "width": 150.99721448467966,
                "left": 0,
                "top": 31.884123990794745
            },
            "points": [
                {
                    "x": 0,
                    "y": 31.884123990794745
                },
                {
                    "x": 150.99721448467966,
                    "y": 31.884123990794745
                },
                {
                    "x": 150.99721448467966,
                    "y": 204.6573816155989
                },
                {
                    "x": 0,
                    "y": 204.6573816155989
                }
            ]
        }
    ],
    "version": "2.1.0"
}