{
    "asset": {
        "format": "JPG",
        "id": "854e70d8c1f04084b3126d1e4270ae1d",
        "name": "1X1A9889.JPG",
        "path": "file:D:/MLDrones/matlab/yoloSimulinkDataWTFinal/swindturbinesSameSizes/1X1A9889.JPG",
        "size": {
            "width": 224,
            "height": 224
        },
        "state": 2,
        "type": 1
    },
    "regions": [
        {
            "id": "qy6szLD4t",
            "type": "RECTANGLE",
            "tags": [
                "WindTurbine"
            ],
            "boundingBox": {
                "height": 102.57827869298399,
                "width": 69.6334109505571,
                "left": 77.5576715920961,
                "top": 86.97939289911211
            },
            "points": [
                {
                    "x": 77.5576715920961,
                    "y": 86.97939289911211
                },
                {
                    "x": 147.19108254265322,
                    "y": 86.97939289911211
                },
                {
                    "x": 147.19108254265322,
                    "y": 189.5576715920961
                },
                {
                    "x": 77.5576715920961,
                    "y": 189.5576715920961
                }
            ]
        }
    ],
    "version": "2.1.0"
}