{
    "asset": {
        "format": "JPG",
        "id": "85c884b326c11bf70942c9f390f0b96b",
        "name": "1X1A9828.JPG",
        "path": "file:D:/MLDrones/matlab/yoloSimulinkDataWTFinal/swindturbinesSameSizes/1X1A9828.JPG",
        "size": {
            "width": 224,
            "height": 224
        },
        "state": 2,
        "type": 1
    },
    "regions": [
        {
            "id": "iMCyfL-WE",
            "type": "RECTANGLE",
            "tags": [
                "WindTurbine"
            ],
            "boundingBox": {
                "height": 223.7504168752176,
                "width": 178.7632311977716,
                "left": 45.23676880222841,
                "top": 0.24958312478238162
            },
            "points": [
                {
                    "x": 45.23676880222841,
                    "y": 0.24958312478238162
                },
                {
                    "x": 224,
                    "y": 0.24958312478238162
                },
                {
                    "x": 224,
                    "y": 224
                },
                {
                    "x": 45.23676880222841,
                    "y": 224
                }
            ]
        }
    ],
    "version": "2.1.0"
}