{
    "asset": {
        "format": "JPG",
        "id": "864129797e4eeffa49f58c764bbf43ea",
        "name": "1X1A0816.JPG",
        "path": "file:D:/MLDrones/matlab/yoloSimulinkDataWTFinal/swindturbinesSameSizes/1X1A0816.JPG",
        "size": {
            "width": 224,
            "height": 224
        },
        "state": 2,
        "type": 1
    },
    "regions": [
        {
            "id": "--RcQ39iK",
            "type": "RECTANGLE",
            "tags": [
                "WindTurbine"
            ],
            "boundingBox": {
                "height": 144.44568245125348,
                "width": 92.6573816155989,
                "left": 93.28133704735376,
                "top": 33.693593314763234
            },
            "points": [
                {
                    "x": 93.28133704735376,
                    "y": 33.693593314763234
                },
                {
                    "x": 185.93871866295265,
                    "y": 33.693593314763234
                },
                {
                    "x": 185.93871866295265,
                    "y": 178.1392757660167
                },
                {
                    "x": 93.28133704735376,
                    "y": 178.1392757660167
                }
            ]
        }
    ],
    "version": "2.1.0"
}