{
    "asset": {
        "format": "JPG",
        "id": "868c6a8628c9e83d8c6864659f80d632",
        "name": "1X1A9992.JPG",
        "path": "file:D:/MLDrones/matlab/yoloSimulinkDataWTFinal/swindturbinesSameSizes/1X1A9992.JPG",
        "size": {
            "width": 224,
            "height": 224
        },
        "state": 2,
        "type": 1
    },
    "regions": [
        {
            "id": "LElF0J7-8",
            "type": "RECTANGLE",
            "tags": [
                "WindTurbine"
            ],
            "boundingBox": {
                "height": 119.92423207912604,
                "width": 85.85627121779248,
                "left": 113.74708663387884,
                "top": 90.0991700578865
            },
            "points": [
                {
                    "x": 113.74708663387884,
                    "y": 90.0991700578865
                },
                {
                    "x": 199.60335785167132,
                    "y": 90.0991700578865
                },
                {
                    "x": 199.60335785167132,
                    "y": 210.02340213701254
                },
                {
                    "x": 113.74708663387884,
                    "y": 210.02340213701254
                }
            ]
        }
    ],
    "version": "2.1.0"
}