{
    "asset": {
        "format": "JPG",
        "id": "86a8f31fab890f18d0742b4675f7d0cd",
        "name": "1X1A9910.JPG",
        "path": "file:D:/MLDrones/matlab/yoloSimulinkDataWTFinal/swindturbinesSameSizes/1X1A9910.JPG",
        "size": {
            "width": 224,
            "height": 224
        },
        "state": 2,
        "type": 1
    },
    "regions": [
        {
            "id": "spoSYKhDh",
            "type": "RECTANGLE",
            "tags": [
                "WindTurbine"
            ],
            "boundingBox": {
                "height": 89.47521462613162,
                "width": 62.39554317548747,
                "left": 86.7922043654248,
                "top": 62.64513106067201
            },
            "points": [
                {
                    "x": 86.7922043654248,
                    "y": 62.64513106067201
                },
                {
                    "x": 149.18774754091226,
                    "y": 62.64513106067201
                },
                {
                    "x": 149.18774754091226,
                    "y": 152.12034568680363
                },
                {
                    "x": 86.7922043654248,
                    "y": 152.12034568680363
                }
            ]
        }
    ],
    "version": "2.1.0"
}