{
    "asset": {
        "format": "JPG",
        "id": "86decdbb8fab76b13022dde9187c7ed3",
        "name": "1X1A0823.JPG",
        "path": "file:D:/MLDrones/matlab/yoloSimulinkDataWTFinal/swindturbinesSameSizes/1X1A0823.JPG",
        "size": {
            "width": 224,
            "height": 224
        },
        "state": 2,
        "type": 1
    },
    "regions": [
        {
            "id": "OZQRrxSgM",
            "type": "RECTANGLE",
            "tags": [
                "WindTurbine"
            ],
            "boundingBox": {
                "height": 144.44568245125348,
                "width": 98.89693593314763,
                "left": 5.615598885793872,
                "top": 25.58217270194986
            },
            "points": [
                {
                    "x": 5.615598885793872,
                    "y": 25.58217270194986
                },
                {
                    "x": 104.5125348189415,
                    "y": 25.58217270194986
                },
                {
                    "x": 104.5125348189415,
                    "y": 170.02785515320335
                },
                {
                    "x": 5.615598885793872,
                    "y": 170.02785515320335
                }
            ]
        }
    ],
    "version": "2.1.0"
}