{
    "asset": {
        "format": "JPG",
        "id": "87e8be0c4ad54b373eaea0ddb9eca33a",
        "name": "1X1A9871.JPG",
        "path": "file:D:/MLDrones/matlab/yoloSimulinkDataWTFinal/swindturbinesSameSizes/1X1A9871.JPG",
        "size": {
            "width": 224,
            "height": 224
        },
        "state": 2,
        "type": 1
    },
    "regions": [
        {
            "id": "z0wpKE6PU",
            "type": "RECTANGLE",
            "tags": [
                "WindTurbine"
            ],
            "boundingBox": {
                "height": 96.71309192200557,
                "width": 75.74818560672006,
                "left": 66.82563054926881,
                "top": 62.14596481110724
            },
            "points": [
                {
                    "x": 66.82563054926881,
                    "y": 62.14596481110724
                },
                {
                    "x": 142.57381615598885,
                    "y": 62.14596481110724
                },
                {
                    "x": 142.57381615598885,
                    "y": 158.85905673311282
                },
                {
                    "x": 66.82563054926881,
                    "y": 158.85905673311282
                }
            ]
        }
    ],
    "version": "2.1.0"
}