{
    "asset": {
        "format": "JPG",
        "id": "898089678b370864aa9cc6d895f7e4ad",
        "name": "1X1A9831.JPG",
        "path": "file:D:/MLDrones/matlab/yoloSimulinkDataWTFinal/swindturbinesSameSizes/1X1A9831.JPG",
        "size": {
            "width": 224,
            "height": 224
        },
        "state": 2,
        "type": 1
    },
    "regions": [
        {
            "id": "HBC_1xXGj",
            "type": "RECTANGLE",
            "tags": [
                "WindTurbine"
            ],
            "boundingBox": {
                "height": 223.12646144346274,
                "width": 178.26405542740252,
                "left": 45.7359445725975,
                "top": 0.8735385565372563
            },
            "points": [
                {
                    "x": 45.7359445725975,
                    "y": 0.8735385565372563
                },
                {
                    "x": 224,
                    "y": 0.8735385565372563
                },
                {
                    "x": 224,
                    "y": 224
                },
                {
                    "x": 45.7359445725975,
                    "y": 224
                }
            ]
        }
    ],
    "version": "2.1.0"
}