{
    "asset": {
        "format": "JPG",
        "id": "89836f1a81434f90f917eb8a29864e73",
        "name": "1X1A0031.JPG",
        "path": "file:D:/MLDrones/matlab/yoloSimulinkDataWTFinal/swindturbinesSameSizes/1X1A0031.JPG",
        "size": {
            "width": 224,
            "height": 224
        },
        "state": 2,
        "type": 1
    },
    "regions": [
        {
            "id": "s6_LQ9NY4",
            "type": "RECTANGLE",
            "tags": [
                "WindTurbine"
            ],
            "boundingBox": {
                "height": 183.81727876370996,
                "width": 156.61283241208218,
                "left": 21.900839462917826,
                "top": 30.698610098581128
            },
            "points": [
                {
                    "x": 21.900839462917826,
                    "y": 30.698610098581128
                },
                {
                    "x": 178.513671875,
                    "y": 30.698610098581128
                },
                {
                    "x": 178.513671875,
                    "y": 214.5158888622911
                },
                {
                    "x": 21.900839462917826,
                    "y": 214.5158888622911
                }
            ]
        }
    ],
    "version": "2.1.0"
}