{
    "asset": {
        "format": "JPG",
        "id": "89ee38d86d1deefc24f8ecb95a006910",
        "name": "1X1A9844.JPG",
        "path": "file:D:/MLDrones/matlab/yoloSimulinkDataWTFinal/swindturbinesSameSizes/1X1A9844.JPG",
        "size": {
            "width": 224,
            "height": 224
        },
        "state": 2,
        "type": 1
    },
    "regions": [
        {
            "id": "LFKQNG9_S",
            "type": "RECTANGLE",
            "tags": [
                "WindTurbine"
            ],
            "boundingBox": {
                "height": 223.7504168752176,
                "width": 193.1765959588266,
                "left": 1.0607223298224233,
                "top": 0.24958312478238162
            },
            "points": [
                {
                    "x": 1.0607223298224233,
                    "y": 0.24958312478238162
                },
                {
                    "x": 194.23731828864902,
                    "y": 0.24958312478238162
                },
                {
                    "x": 194.23731828864902,
                    "y": 224
                },
                {
                    "x": 1.0607223298224233,
                    "y": 224
                }
            ]
        }
    ],
    "version": "2.1.0"
}