{
    "asset": {
        "format": "JPG",
        "id": "8a11e2283f8eaf4640ceab56df4d555b",
        "name": "1X1A9824.JPG",
        "path": "file:D:/MLDrones/matlab/yoloSimulinkDataWTFinal/swindturbinesSameSizes/1X1A9824.JPG",
        "size": {
            "width": 224,
            "height": 224
        },
        "state": 2,
        "type": 1
    },
    "regions": [
        {
            "id": "NXOp5h99z",
            "type": "RECTANGLE",
            "tags": [
                "WindTurbine"
            ],
            "boundingBox": {
                "height": 216.7621155635228,
                "width": 170.90138894933844,
                "left": 53.09861105066156,
                "top": 7.237884436477194
            },
            "points": [
                {
                    "x": 53.09861105066156,
                    "y": 7.237884436477194
                },
                {
                    "x": 224,
                    "y": 7.237884436477194
                },
                {
                    "x": 224,
                    "y": 224
                },
                {
                    "x": 53.09861105066156,
                    "y": 224
                }
            ]
        }
    ],
    "version": "2.1.0"
}