{
    "asset": {
        "format": "JPG",
        "id": "8a4594c160331bfd6d050e2fb2cb02a8",
        "name": "1X1A9993.JPG",
        "path": "file:D:/MLDrones/matlab/yoloSimulinkDataWTFinal/swindturbinesSameSizes/1X1A9993.JPG",
        "size": {
            "width": 224,
            "height": 224
        },
        "state": 2,
        "type": 1
    },
    "regions": [
        {
            "id": "o3Fd7a7oG",
            "type": "RECTANGLE",
            "tags": [
                "WindTurbine"
            ],
            "boundingBox": {
                "height": 78.7431640625,
                "width": 79.11754112987465,
                "left": 109.62897697597494,
                "top": 145.2568359375
            },
            "points": [
                {
                    "x": 109.62897697597494,
                    "y": 145.2568359375
                },
                {
                    "x": 188.7465181058496,
                    "y": 145.2568359375
                },
                {
                    "x": 188.7465181058496,
                    "y": 224
                },
                {
                    "x": 109.62897697597494,
                    "y": 224
                }
            ]
        }
    ],
    "version": "2.1.0"
}