{
    "asset": {
        "format": "JPG",
        "id": "8a6a80df426b76bbbc65bdfb36236790",
        "name": "1X1A0204.JPG",
        "path": "file:D:/MLDrones/matlab/yoloSimulinkDataWTFinal/swindturbinesSameSizes/1X1A0204.JPG",
        "size": {
            "width": 224,
            "height": 224
        },
        "state": 2,
        "type": 1
    },
    "regions": [
        {
            "id": "CVQz_mR_T",
            "type": "RECTANGLE",
            "tags": [
                "WindTurbine"
            ],
            "boundingBox": {
                "height": 177.14094564708827,
                "width": 156.73759303185935,
                "left": 26.39332618819638,
                "top": 35.31587886544656
            },
            "points": [
                {
                    "x": 26.39332618819638,
                    "y": 35.31587886544656
                },
                {
                    "x": 183.13091922005572,
                    "y": 35.31587886544656
                },
                {
                    "x": 183.13091922005572,
                    "y": 212.45682451253484
                },
                {
                    "x": 26.39332618819638,
                    "y": 212.45682451253484
                }
            ]
        }
    ],
    "version": "2.1.0"
}