{
    "asset": {
        "format": "JPG",
        "id": "8b1a8828729f204a117376852723a3d4",
        "name": "1X1A9850.JPG",
        "path": "file:D:/MLDrones/matlab/yoloSimulinkDataWTFinal/swindturbinesSameSizes/1X1A9850.JPG",
        "size": {
            "width": 224,
            "height": 224
        },
        "state": 2,
        "type": 1
    },
    "regions": [
        {
            "id": "Au7jjy0zQ",
            "type": "RECTANGLE",
            "tags": [
                "WindTurbine"
            ],
            "boundingBox": {
                "height": 221.2546070492035,
                "width": 212.14483727585306,
                "left": 0.1871885336873259,
                "top": 0.12479156239119081
            },
            "points": [
                {
                    "x": 0.1871885336873259,
                    "y": 0.12479156239119081
                },
                {
                    "x": 212.3320258095404,
                    "y": 0.12479156239119081
                },
                {
                    "x": 212.3320258095404,
                    "y": 221.37939861159472
                },
                {
                    "x": 0.1871885336873259,
                    "y": 221.37939861159472
                }
            ]
        }
    ],
    "version": "2.1.0"
}