{
    "asset": {
        "format": "JPG",
        "id": "8c9bfd25bca7e9be73f313a4422bb679",
        "name": "1X1A9804.JPG",
        "path": "file:D:/MLDrones/matlab/yoloSimulinkDataWTFinal/swindturbinesSameSizes/1X1A9804.JPG",
        "size": {
            "width": 224,
            "height": 224
        },
        "state": 2,
        "type": 1
    },
    "regions": [
        {
            "id": "1qPqjQ4Tb",
            "type": "RECTANGLE",
            "tags": [
                "WindTurbine"
            ],
            "boundingBox": {
                "height": 201.16323214985204,
                "width": 137.27019498607243,
                "left": 47.108635097493035,
                "top": 18.219501463483635
            },
            "points": [
                {
                    "x": 47.108635097493035,
                    "y": 18.219501463483635
                },
                {
                    "x": 184.37883008356548,
                    "y": 18.219501463483635
                },
                {
                    "x": 184.37883008356548,
                    "y": 219.38273361333566
                },
                {
                    "x": 47.108635097493035,
                    "y": 219.38273361333566
                }
            ]
        }
    ],
    "version": "2.1.0"
}