{
    "asset": {
        "format": "JPG",
        "id": "8d1a6a6e56f06b80e57d572a437a2e6e",
        "name": "1X1A0004.JPG",
        "path": "file:D:/MLDrones/matlab/yoloSimulinkDataWTFinal/swindturbinesSameSizes/1X1A0004.JPG",
        "size": {
            "width": 224,
            "height": 224
        },
        "state": 2,
        "type": 1
    },
    "regions": [
        {
            "id": "VqAWlA3SI",
            "type": "RECTANGLE",
            "tags": [
                "WindTurbine"
            ],
            "boundingBox": {
                "height": 150.435658404422,
                "width": 119.92424159993037,
                "left": 30.636215507486074,
                "top": 35.87743732590529
            },
            "points": [
                {
                    "x": 30.636215507486074,
                    "y": 35.87743732590529
                },
                {
                    "x": 150.56045710741643,
                    "y": 35.87743732590529
                },
                {
                    "x": 150.56045710741643,
                    "y": 186.3130957303273
                },
                {
                    "x": 30.636215507486074,
                    "y": 186.3130957303273
                }
            ]
        }
    ],
    "version": "2.1.0"
}