{
    "asset": {
        "format": "JPG",
        "id": "8d9f088a7362c063e9e326c4a78b6024",
        "name": "1X1A9820.JPG",
        "path": "file:D:/MLDrones/matlab/yoloSimulinkDataWTFinal/swindturbinesSameSizes/1X1A9820.JPG",
        "size": {
            "width": 224,
            "height": 224
        },
        "state": 2,
        "type": 1
    },
    "regions": [
        {
            "id": "wmMp9oKGl",
            "type": "RECTANGLE",
            "tags": [
                "WindTurbine"
            ],
            "boundingBox": {
                "height": 120.17382948511491,
                "width": 90.84791467183148,
                "left": 72.94038616382312,
                "top": 62.52033235767758
            },
            "points": [
                {
                    "x": 72.94038616382312,
                    "y": 62.52033235767758
                },
                {
                    "x": 163.7883008356546,
                    "y": 62.52033235767758
                },
                {
                    "x": 163.7883008356546,
                    "y": 182.69416184279248
                },
                {
                    "x": 72.94038616382312,
                    "y": 182.69416184279248
                }
            ]
        }
    ],
    "version": "2.1.0"
}