{
    "asset": {
        "format": "JPG",
        "id": "8da0c026d48ac114728bad903cbc4cc3",
        "name": "1X1A0269.JPG",
        "path": "file:D:/MLDrones/matlab/yoloSimulinkDataWTFinal/swindturbinesSameSizes/1X1A0269.JPG",
        "size": {
            "width": 224,
            "height": 224
        },
        "state": 2,
        "type": 1
    },
    "regions": [
        {
            "id": "Ibqk-L2vi",
            "type": "RECTANGLE",
            "tags": [
                "WindTurbine"
            ],
            "boundingBox": {
                "height": 112.62395543175488,
                "width": 77.37047353760445,
                "left": 71.13091922005572,
                "top": 64.57938718662953
            },
            "points": [
                {
                    "x": 71.13091922005572,
                    "y": 64.57938718662953
                },
                {
                    "x": 148.50139275766017,
                    "y": 64.57938718662953
                },
                {
                    "x": 148.50139275766017,
                    "y": 177.2033426183844
                },
                {
                    "x": 71.13091922005572,
                    "y": 177.2033426183844
                }
            ]
        }
    ],
    "version": "2.1.0"
}