{
    "asset": {
        "format": "JPG",
        "id": "8dc698a5f63da12af218d9f58e4969ac",
        "name": "1X1A9936.JPG",
        "path": "file:D:/MLDrones/matlab/yoloSimulinkDataWTFinal/swindturbinesSameSizes/1X1A9936.JPG",
        "size": {
            "width": 224,
            "height": 224
        },
        "state": 2,
        "type": 1
    },
    "regions": [
        {
            "id": "UfTSTHhSt",
            "type": "RECTANGLE",
            "tags": [
                "WindTurbine"
            ],
            "boundingBox": {
                "height": 167.4696388350888,
                "width": 142.26185748172006,
                "left": 47.48301216486769,
                "top": 17.845124396108982
            },
            "points": [
                {
                    "x": 47.48301216486769,
                    "y": 17.845124396108982
                },
                {
                    "x": 189.74486964658774,
                    "y": 17.845124396108982
                },
                {
                    "x": 189.74486964658774,
                    "y": 185.3147632311978
                },
                {
                    "x": 47.48301216486769,
                    "y": 185.3147632311978
                }
            ]
        }
    ],
    "version": "2.1.0"
}