{
    "asset": {
        "format": "JPG",
        "id": "8df76820df666af899ab5de8fdd2281f",
        "name": "1X1A9826.JPG",
        "path": "file:D:/MLDrones/matlab/yoloSimulinkDataWTFinal/swindturbinesSameSizes/1X1A9826.JPG",
        "size": {
            "width": 224,
            "height": 224
        },
        "state": 2,
        "type": 1
    },
    "regions": [
        {
            "id": "HoXlHkxKO",
            "type": "RECTANGLE",
            "tags": [
                "WindTurbine"
            ],
            "boundingBox": {
                "height": 223.25125300585395,
                "width": 158.9214370430014,
                "left": 65.07856295699861,
                "top": 0.7487469941460655
            },
            "points": [
                {
                    "x": 65.07856295699861,
                    "y": 0.7487469941460655
                },
                {
                    "x": 224,
                    "y": 0.7487469941460655
                },
                {
                    "x": 224,
                    "y": 224
                },
                {
                    "x": 65.07856295699861,
                    "y": 224
                }
            ]
        }
    ],
    "version": "2.1.0"
}