{
    "asset": {
        "format": "JPG",
        "id": "8e4fdf0da48c5cb3942779aac525cfbe",
        "name": "1X1A9894.JPG",
        "path": "file:D:/MLDrones/matlab/yoloSimulinkDataWTFinal/swindturbinesSameSizes/1X1A9894.JPG",
        "size": {
            "width": 224,
            "height": 224
        },
        "state": 2,
        "type": 1
    },
    "regions": [
        {
            "id": "rRXYk4TXV",
            "type": "RECTANGLE",
            "tags": [
                "WindTurbine"
            ],
            "boundingBox": {
                "height": 97.96100754591748,
                "width": 73.6267409470752,
                "left": 72.81560650243733,
                "top": 42.1793862345491
            },
            "points": [
                {
                    "x": 72.81560650243733,
                    "y": 42.1793862345491
                },
                {
                    "x": 146.44234744951254,
                    "y": 42.1793862345491
                },
                {
                    "x": 146.44234744951254,
                    "y": 140.14039378046658
                },
                {
                    "x": 72.81560650243733,
                    "y": 140.14039378046658
                }
            ]
        }
    ],
    "version": "2.1.0"
}