{
    "asset": {
        "format": "JPG",
        "id": "8e5902af4da269e43e22c75c22c5f527",
        "name": "1X1A9774.JPG",
        "path": "file:D:/MLDrones/matlab/yoloSimulinkDataWTFinal/swindturbinesSameSizes/1X1A9774.JPG",
        "size": {
            "width": 224,
            "height": 224
        },
        "state": 2,
        "type": 1
    },
    "regions": [
        {
            "id": "9GeNg3nUR",
            "type": "RECTANGLE",
            "tags": [
                "WindTurbine"
            ],
            "boundingBox": {
                "height": 176.26740947075209,
                "width": 129.47075208913648,
                "left": 58.65181058495822,
                "top": 36.18941504178273
            },
            "points": [
                {
                    "x": 58.65181058495822,
                    "y": 36.18941504178273
                },
                {
                    "x": 188.12256267409472,
                    "y": 36.18941504178273
                },
                {
                    "x": 188.12256267409472,
                    "y": 212.45682451253484
                },
                {
                    "x": 58.65181058495822,
                    "y": 212.45682451253484
                }
            ]
        }
    ],
    "version": "2.1.0"
}