{
    "asset": {
        "format": "JPG",
        "id": "8f402f05811053cedceb09d577f7a8cf",
        "name": "1X1A0061.JPG",
        "path": "file:D:/MLDrones/matlab/yoloSimulinkDataWTFinal/swindturbinesSameSizes/1X1A0061.JPG",
        "size": {
            "width": 224,
            "height": 224
        },
        "state": 2,
        "type": 1
    },
    "regions": [
        {
            "id": "l0gasTr1l",
            "type": "RECTANGLE",
            "tags": [
                "WindTurbine"
            ],
            "boundingBox": {
                "height": 191.55431278834436,
                "width": 151.8707673224234,
                "left": 71.56769563892757,
                "top": 10.232870032860376
            },
            "points": [
                {
                    "x": 71.56769563892757,
                    "y": 10.232870032860376
                },
                {
                    "x": 223.43846296135098,
                    "y": 10.232870032860376
                },
                {
                    "x": 223.43846296135098,
                    "y": 201.78718282120474
                },
                {
                    "x": 71.56769563892757,
                    "y": 201.78718282120474
                }
            ]
        }
    ],
    "version": "2.1.0"
}