{
    "asset": {
        "format": "JPG",
        "id": "8f57a0e19193e6a740f4fe8584762863",
        "name": "1X1A9817.JPG",
        "path": "file:D:/MLDrones/matlab/yoloSimulinkDataWTFinal/swindturbinesSameSizes/1X1A9817.JPG",
        "size": {
            "width": 224,
            "height": 224
        },
        "state": 2,
        "type": 1
    },
    "regions": [
        {
            "id": "QBhOhE_a-",
            "type": "RECTANGLE",
            "tags": [
                "WindTurbine"
            ],
            "boundingBox": {
                "height": 104.20056662386838,
                "width": 75.87298430971448,
                "left": 80.80222841225627,
                "top": 62.270753993297355
            },
            "points": [
                {
                    "x": 80.80222841225627,
                    "y": 62.270753993297355
                },
                {
                    "x": 156.67521272197075,
                    "y": 62.270753993297355
                },
                {
                    "x": 156.67521272197075,
                    "y": 166.47132061716573
                },
                {
                    "x": 80.80222841225627,
                    "y": 166.47132061716573
                }
            ]
        }
    ],
    "version": "2.1.0"
}