{
    "asset": {
        "format": "JPG",
        "id": "8fe9b35b22484682d365548535694239",
        "name": "1X1A0243.JPG",
        "path": "file:D:/MLDrones/matlab/yoloSimulinkDataWTFinal/swindturbinesSameSizes/1X1A0243.JPG",
        "size": {
            "width": 224,
            "height": 224
        },
        "state": 2,
        "type": 1
    },
    "regions": [
        {
            "id": "N-b2G48X4",
            "type": "RECTANGLE",
            "tags": [
                "WindTurbine"
            ],
            "boundingBox": {
                "height": 161.54205985321641,
                "width": 141.01392757660167,
                "left": 22.774373259052926,
                "top": 62.4579401467836
            },
            "points": [
                {
                    "x": 22.774373259052926,
                    "y": 62.4579401467836
                },
                {
                    "x": 163.7883008356546,
                    "y": 62.4579401467836
                },
                {
                    "x": 163.7883008356546,
                    "y": 224
                },
                {
                    "x": 22.774373259052926,
                    "y": 224
                }
            ]
        }
    ],
    "version": "2.1.0"
}