{
    "asset": {
        "format": "JPG",
        "id": "9016180be0ac48261dedaeef7634e3ac",
        "name": "1X1A9822.JPG",
        "path": "file:D:/MLDrones/matlab/yoloSimulinkDataWTFinal/swindturbinesSameSizes/1X1A9822.JPG",
        "size": {
            "width": 224,
            "height": 224
        },
        "state": 2,
        "type": 1
    },
    "regions": [
        {
            "id": "oSIOJOwIM",
            "type": "RECTANGLE",
            "tags": [
                "WindTurbine"
            ],
            "boundingBox": {
                "height": 152.61950717596622,
                "width": 117.17884150853064,
                "left": 63.206696661733986,
                "top": 31.322565530336004
            },
            "points": [
                {
                    "x": 63.206696661733986,
                    "y": 31.322565530336004
                },
                {
                    "x": 180.38553817026462,
                    "y": 31.322565530336004
                },
                {
                    "x": 180.38553817026462,
                    "y": 183.94207270630224
                },
                {
                    "x": 63.206696661733986,
                    "y": 183.94207270630224
                }
            ]
        }
    ],
    "version": "2.1.0"
}