{
    "asset": {
        "format": "JPG",
        "id": "90e17cb8847093e676d94930b88d5e1f",
        "name": "1X1A0362.JPG",
        "path": "file:D:/MLDrones/matlab/yoloSimulinkDataWTFinal/swindturbinesSameSizes/1X1A0362.JPG",
        "size": {
            "width": 224,
            "height": 224
        },
        "state": 2,
        "type": 1
    },
    "regions": [
        {
            "id": "lexI9MdH1",
            "type": "RECTANGLE",
            "tags": [
                "WindTurbine"
            ],
            "boundingBox": {
                "height": 59.89972144846797,
                "width": 58.33983286908077,
                "left": 80.49025069637884,
                "top": 77.6824512534819
            },
            "points": [
                {
                    "x": 80.49025069637884,
                    "y": 77.6824512534819
                },
                {
                    "x": 138.83008356545957,
                    "y": 77.6824512534819
                },
                {
                    "x": 138.83008356545957,
                    "y": 137.58217270194987
                },
                {
                    "x": 80.49025069637884,
                    "y": 137.58217270194987
                }
            ]
        }
    ],
    "version": "2.1.0"
}