{
    "asset": {
        "format": "JPG",
        "id": "91d1e81ac96d213efdfd523fc0dcb57f",
        "name": "1X1A0354.JPG",
        "path": "file:D:/MLDrones/matlab/yoloSimulinkDataWTFinal/swindturbinesSameSizes/1X1A0354.JPG",
        "size": {
            "width": 224,
            "height": 224
        },
        "state": 2,
        "type": 1
    },
    "regions": [
        {
            "id": "3G1suUm_E",
            "type": "RECTANGLE",
            "tags": [
                "WindTurbine"
            ],
            "boundingBox": {
                "height": 61.77158774373259,
                "width": 44.92479108635098,
                "left": 90.78551532033427,
                "top": 99.52089136490251
            },
            "points": [
                {
                    "x": 90.78551532033427,
                    "y": 99.52089136490251
                },
                {
                    "x": 135.71030640668525,
                    "y": 99.52089136490251
                },
                {
                    "x": 135.71030640668525,
                    "y": 161.2924791086351
                },
                {
                    "x": 90.78551532033427,
                    "y": 161.2924791086351
                }
            ]
        }
    ],
    "version": "2.1.0"
}