{
    "asset": {
        "format": "JPG",
        "id": "921da1912a0802d408b20cc913709db4",
        "name": "1X1A9914.JPG",
        "path": "file:D:/MLDrones/matlab/yoloSimulinkDataWTFinal/swindturbinesSameSizes/1X1A9914.JPG",
        "size": {
            "width": 224,
            "height": 224
        },
        "state": 2,
        "type": 1
    },
    "regions": [
        {
            "id": "7NSg8B65n",
            "type": "RECTANGLE",
            "tags": [
                "WindTurbine"
            ],
            "boundingBox": {
                "height": 79.36712901505919,
                "width": 64.1426298093663,
                "left": 79.55431754874652,
                "top": 83.23566030858287
            },
            "points": [
                {
                    "x": 79.55431754874652,
                    "y": 83.23566030858287
                },
                {
                    "x": 143.69694735811282,
                    "y": 83.23566030858287
                },
                {
                    "x": 143.69694735811282,
                    "y": 162.60278932364207
                },
                {
                    "x": 79.55431754874652,
                    "y": 162.60278932364207
                }
            ]
        }
    ],
    "version": "2.1.0"
}