{
    "asset": {
        "format": "JPG",
        "id": "925a4741279b22949cd6030b5375e535",
        "name": "1X1A9912.JPG",
        "path": "file:D:/MLDrones/matlab/yoloSimulinkDataWTFinal/swindturbinesSameSizes/1X1A9912.JPG",
        "size": {
            "width": 224,
            "height": 224
        },
        "state": 2,
        "type": 1
    },
    "regions": [
        {
            "id": "bONygc-nF",
            "type": "RECTANGLE",
            "tags": [
                "WindTurbine"
            ],
            "boundingBox": {
                "height": 98.02340213701254,
                "width": 64.39218913213789,
                "left": 69.69582934366295,
                "top": 63.95543175487465
            },
            "points": [
                {
                    "x": 69.69582934366295,
                    "y": 63.95543175487465
                },
                {
                    "x": 134.08801847580085,
                    "y": 63.95543175487465
                },
                {
                    "x": 134.08801847580085,
                    "y": 161.97883389188718
                },
                {
                    "x": 69.69582934366295,
                    "y": 161.97883389188718
                }
            ]
        }
    ],
    "version": "2.1.0"
}