{
    "asset": {
        "format": "JPG",
        "id": "92a7ff3a359eba289d0c1e21b2a0c38e",
        "name": "1X1A0329.JPG",
        "path": "file:D:/MLDrones/matlab/yoloSimulinkDataWTFinal/swindturbinesSameSizes/1X1A0329.JPG",
        "size": {
            "width": 224,
            "height": 224
        },
        "state": 2,
        "type": 1
    },
    "regions": [
        {
            "id": "d4s8wsxw1",
            "type": "RECTANGLE",
            "tags": [
                "WindTurbine"
            ],
            "boundingBox": {
                "height": 53.34818941504179,
                "width": 45.54874651810585,
                "left": 79.55431754874652,
                "top": 83.29805013927577
            },
            "points": [
                {
                    "x": 79.55431754874652,
                    "y": 83.29805013927577
                },
                {
                    "x": 125.10306406685237,
                    "y": 83.29805013927577
                },
                {
                    "x": 125.10306406685237,
                    "y": 136.64623955431756
                },
                {
                    "x": 79.55431754874652,
                    "y": 136.64623955431756
                }
            ]
        }
    ],
    "version": "2.1.0"
}