{
    "asset": {
        "format": "JPG",
        "id": "92d19b527b54798490f4f93ee550f203",
        "name": "1X1A0369.JPG",
        "path": "file:D:/MLDrones/matlab/yoloSimulinkDataWTFinal/swindturbinesSameSizes/1X1A0369.JPG",
        "size": {
            "width": 224,
            "height": 224
        },
        "state": 2,
        "type": 1
    },
    "regions": [
        {
            "id": "qLxfQVd4v",
            "type": "RECTANGLE",
            "tags": [
                "WindTurbine"
            ],
            "boundingBox": {
                "height": 68.01114206128133,
                "width": 58.33983286908078,
                "left": 68.94707520891365,
                "top": 99.83286908077994
            },
            "points": [
                {
                    "x": 68.94707520891365,
                    "y": 99.83286908077994
                },
                {
                    "x": 127.28690807799445,
                    "y": 99.83286908077994
                },
                {
                    "x": 127.28690807799445,
                    "y": 167.84401114206128
                },
                {
                    "x": 68.94707520891365,
                    "y": 167.84401114206128
                }
            ]
        }
    ],
    "version": "2.1.0"
}