{
    "asset": {
        "format": "JPG",
        "id": "92df50c1cc07f2552f1cd1ce8f238881",
        "name": "1X1A9988.JPG",
        "path": "file:D:/MLDrones/matlab/yoloSimulinkDataWTFinal/swindturbinesSameSizes/1X1A9988.JPG",
        "size": {
            "width": 224,
            "height": 224
        },
        "state": 2,
        "type": 1
    },
    "regions": [
        {
            "id": "uyH_CRMFa",
            "type": "RECTANGLE",
            "tags": [
                "WindTurbine"
            ],
            "boundingBox": {
                "height": 87.97771587743733,
                "width": 79.24233983286908,
                "left": 102.95264623955433,
                "top": 136.02228412256267
            },
            "points": [
                {
                    "x": 102.95264623955433,
                    "y": 136.02228412256267
                },
                {
                    "x": 182.1949860724234,
                    "y": 136.02228412256267
                },
                {
                    "x": 182.1949860724234,
                    "y": 224
                },
                {
                    "x": 102.95264623955433,
                    "y": 224
                }
            ]
        }
    ],
    "version": "2.1.0"
}