{
    "asset": {
        "format": "JPG",
        "id": "92eaeef101dfc371d7dd2b1229ce5b7a",
        "name": "1X1A0174.JPG",
        "path": "file:D:/MLDrones/matlab/yoloSimulinkDataWTFinal/swindturbinesSameSizes/1X1A0174.JPG",
        "size": {
            "width": 224,
            "height": 224
        },
        "state": 2,
        "type": 1
    },
    "regions": [
        {
            "id": "vTIkFunHw",
            "type": "RECTANGLE",
            "tags": [
                "WindTurbine"
            ],
            "boundingBox": {
                "height": 193.36378687271502,
                "width": 165.78494679230502,
                "left": 2.9949974973885793,
                "top": 30.324235411407557
            },
            "points": [
                {
                    "x": 2.9949974973885793,
                    "y": 30.324235411407557
                },
                {
                    "x": 168.7799442896936,
                    "y": 30.324235411407557
                },
                {
                    "x": 168.7799442896936,
                    "y": 223.68802228412258
                },
                {
                    "x": 2.9949974973885793,
                    "y": 223.68802228412258
                }
            ]
        }
    ],
    "version": "2.1.0"
}