{
    "asset": {
        "format": "JPG",
        "id": "93c9aabcdd463a2bc93083c0ace3ee94",
        "name": "1X1A0249.JPG",
        "path": "file:D:/MLDrones/matlab/yoloSimulinkDataWTFinal/swindturbinesSameSizes/1X1A0249.JPG",
        "size": {
            "width": 224,
            "height": 224
        },
        "state": 2,
        "type": 1
    },
    "regions": [
        {
            "id": "SA_t8NN1V",
            "type": "RECTANGLE",
            "tags": [
                "WindTurbine"
            ],
            "boundingBox": {
                "height": 197.48189415041784,
                "width": 157.1743694507312,
                "left": 66.82563054926881,
                "top": 0
            },
            "points": [
                {
                    "x": 66.82563054926881,
                    "y": 0
                },
                {
                    "x": 224,
                    "y": 0
                },
                {
                    "x": 224,
                    "y": 197.48189415041784
                },
                {
                    "x": 66.82563054926881,
                    "y": 197.48189415041784
                }
            ]
        }
    ],
    "version": "2.1.0"
}