{
    "asset": {
        "format": "JPG",
        "id": "9484467df3cdbeb36acc59d5cadec997",
        "name": "1X1A0341.JPG",
        "path": "file:D:/MLDrones/matlab/yoloSimulinkDataWTFinal/swindturbinesSameSizes/1X1A0341.JPG",
        "size": {
            "width": 224,
            "height": 224
        },
        "state": 2,
        "type": 1
    },
    "regions": [
        {
            "id": "987zkOa8N",
            "type": "RECTANGLE",
            "tags": [
                "WindTurbine"
            ],
            "boundingBox": {
                "height": 63.01949860724233,
                "width": 44.92479108635098,
                "left": 86.10584958217271,
                "top": 75.81058495821728
            },
            "points": [
                {
                    "x": 86.10584958217271,
                    "y": 75.81058495821728
                },
                {
                    "x": 131.0306406685237,
                    "y": 75.81058495821728
                },
                {
                    "x": 131.0306406685237,
                    "y": 138.8300835654596
                },
                {
                    "x": 86.10584958217271,
                    "y": 138.8300835654596
                }
            ]
        }
    ],
    "version": "2.1.0"
}