{
    "asset": {
        "format": "JPG",
        "id": "9498719a8b6bda9afa7eed71c6662da7",
        "name": "1X1A0054.JPG",
        "path": "file:D:/MLDrones/matlab/yoloSimulinkDataWTFinal/swindturbinesSameSizes/1X1A0054.JPG",
        "size": {
            "width": 224,
            "height": 224
        },
        "state": 2,
        "type": 1
    },
    "regions": [
        {
            "id": "Uhfqz6Jpl",
            "type": "RECTANGLE",
            "tags": [
                "WindTurbine"
            ],
            "boundingBox": {
                "height": 191.05514891898068,
                "width": 155.24010380396936,
                "left": 22.899171962047355,
                "top": 6.988301311694812
            },
            "points": [
                {
                    "x": 22.899171962047355,
                    "y": 6.988301311694812
                },
                {
                    "x": 178.1392757660167,
                    "y": 6.988301311694812
                },
                {
                    "x": 178.1392757660167,
                    "y": 198.0434502306755
                },
                {
                    "x": 22.899171962047355,
                    "y": 198.0434502306755
                }
            ]
        }
    ],
    "version": "2.1.0"
}