{
    "asset": {
        "format": "JPG",
        "id": "9550eca7c2082c8274b6a90313c4415f",
        "name": "1X1A9868.JPG",
        "path": "file:D:/MLDrones/matlab/yoloSimulinkDataWTFinal/swindturbinesSameSizes/1X1A9868.JPG",
        "size": {
            "width": 224,
            "height": 224
        },
        "state": 2,
        "type": 1
    },
    "regions": [
        {
            "id": "OLwZ0kV92",
            "type": "RECTANGLE",
            "tags": [
                "WindTurbine"
            ],
            "boundingBox": {
                "height": 127.28690807799443,
                "width": 101.45515701166435,
                "left": 46.23510130135794,
                "top": 45.54874651810585
            },
            "points": [
                {
                    "x": 46.23510130135794,
                    "y": 45.54874651810585
                },
                {
                    "x": 147.6902583130223,
                    "y": 45.54874651810585
                },
                {
                    "x": 147.6902583130223,
                    "y": 172.83565459610028
                },
                {
                    "x": 46.23510130135794,
                    "y": 172.83565459610028
                }
            ]
        }
    ],
    "version": "2.1.0"
}