{
    "asset": {
        "format": "JPG",
        "id": "958d630313842cbf5b8aae8dfdd431eb",
        "name": "1X1A9981.JPG",
        "path": "file:D:/MLDrones/matlab/yoloSimulinkDataWTFinal/swindturbinesSameSizes/1X1A9981.JPG",
        "size": {
            "width": 224,
            "height": 224
        },
        "state": 2,
        "type": 1
    },
    "regions": [
        {
            "id": "MGNyM0Uc3",
            "type": "RECTANGLE",
            "tags": [
                "WindTurbine"
            ],
            "boundingBox": {
                "height": 135.7727009977803,
                "width": 99.83286908077994,
                "left": 59.58774373259053,
                "top": 53.59777253982416
            },
            "points": [
                {
                    "x": 59.58774373259053,
                    "y": 53.59777253982416
                },
                {
                    "x": 159.42061281337047,
                    "y": 53.59777253982416
                },
                {
                    "x": 159.42061281337047,
                    "y": 189.37047353760445
                },
                {
                    "x": 59.58774373259053,
                    "y": 189.37047353760445
                }
            ]
        }
    ],
    "version": "2.1.0"
}