{
    "asset": {
        "format": "JPG",
        "id": "96321d2f0be3ba3ffcf50b02fc30c50c",
        "name": "1X1A0263.JPG",
        "path": "file:D:/MLDrones/matlab/yoloSimulinkDataWTFinal/swindturbinesSameSizes/1X1A0263.JPG",
        "size": {
            "width": 224,
            "height": 224
        },
        "state": 2,
        "type": 1
    },
    "regions": [
        {
            "id": "C38uw5_B2",
            "type": "RECTANGLE",
            "tags": [
                "WindTurbine"
            ],
            "boundingBox": {
                "height": 139.76601671309191,
                "width": 98.5849582172702,
                "left": 71.13091922005572,
                "top": 59.27576601671309
            },
            "points": [
                {
                    "x": 71.13091922005572,
                    "y": 59.27576601671309
                },
                {
                    "x": 169.7158774373259,
                    "y": 59.27576601671309
                },
                {
                    "x": 169.7158774373259,
                    "y": 199.04178272980502
                },
                {
                    "x": 71.13091922005572,
                    "y": 199.04178272980502
                }
            ]
        }
    ],
    "version": "2.1.0"
}