{
    "asset": {
        "format": "JPG",
        "id": "963ae0d9f1bd5a4ec3a6d381a96970cd",
        "name": "1X1A9770.JPG",
        "path": "file:D:/MLDrones/matlab/yoloSimulinkDataWTFinal/swindturbinesSameSizes/1X1A9770.JPG",
        "size": {
            "width": 224,
            "height": 224
        },
        "state": 2,
        "type": 1
    },
    "regions": [
        {
            "id": "XYtk3rvM8",
            "type": "RECTANGLE",
            "tags": [
                "WindTurbine"
            ],
            "boundingBox": {
                "height": 167.53203342618386,
                "width": 129.78272980501393,
                "left": 60.211699164345404,
                "top": 38.99721448467967
            },
            "points": [
                {
                    "x": 60.211699164345404,
                    "y": 38.99721448467967
                },
                {
                    "x": 189.99442896935935,
                    "y": 38.99721448467967
                },
                {
                    "x": 189.99442896935935,
                    "y": 206.52924791086352
                },
                {
                    "x": 60.211699164345404,
                    "y": 206.52924791086352
                }
            ]
        }
    ],
    "version": "2.1.0"
}