{
    "asset": {
        "format": "JPG",
        "id": "96c2c7a6ad7c12fc310f2c7d8e93b694",
        "name": "1X1A0213.JPG",
        "path": "file:D:/MLDrones/matlab/yoloSimulinkDataWTFinal/swindturbinesSameSizes/1X1A0213.JPG",
        "size": {
            "width": 224,
            "height": 224
        },
        "state": 2,
        "type": 1
    },
    "regions": [
        {
            "id": "O9uGjl5As",
            "type": "RECTANGLE",
            "tags": [
                "WindTurbine"
            ],
            "boundingBox": {
                "height": 160.66852367688023,
                "width": 143.01057353325209,
                "left": 16.410039280118387,
                "top": 63.33147632311978
            },
            "points": [
                {
                    "x": 16.410039280118387,
                    "y": 63.33147632311978
                },
                {
                    "x": 159.42061281337047,
                    "y": 63.33147632311978
                },
                {
                    "x": 159.42061281337047,
                    "y": 224
                },
                {
                    "x": 16.410039280118387,
                    "y": 224
                }
            ]
        }
    ],
    "version": "2.1.0"
}