{
    "asset": {
        "format": "JPG",
        "id": "96ec4e58ce0c77f8890a5792bf5706ea",
        "name": "1X1A9955.JPG",
        "path": "file:D:/MLDrones/matlab/yoloSimulinkDataWTFinal/swindturbinesSameSizes/1X1A9955.JPG",
        "size": {
            "width": 224,
            "height": 224
        },
        "state": 2,
        "type": 1
    },
    "regions": [
        {
            "id": "UkLg9fqp7",
            "type": "RECTANGLE",
            "tags": [
                "WindTurbine"
            ],
            "boundingBox": {
                "height": 103.20223412473887,
                "width": 88.85126871518106,
                "left": 63.5810546875,
                "top": 67.636774514711
            },
            "points": [
                {
                    "x": 63.5810546875,
                    "y": 67.636774514711
                },
                {
                    "x": 152.43232340268105,
                    "y": 67.636774514711
                },
                {
                    "x": 152.43232340268105,
                    "y": 170.83900863944987
                },
                {
                    "x": 63.5810546875,
                    "y": 170.83900863944987
                }
            ]
        }
    ],
    "version": "2.1.0"
}