{
    "asset": {
        "format": "JPG",
        "id": "96ec5464f42ae6255568c38337ed1cfa",
        "name": "1X1A9996.JPG",
        "path": "file:D:/MLDrones/matlab/yoloSimulinkDataWTFinal/swindturbinesSameSizes/1X1A9996.JPG",
        "size": {
            "width": 224,
            "height": 224
        },
        "state": 2,
        "type": 1
    },
    "regions": [
        {
            "id": "U3a8Lj9gT",
            "type": "RECTANGLE",
            "tags": [
                "WindTurbine"
            ],
            "boundingBox": {
                "height": 122.29526462395543,
                "width": 92.53258291260445,
                "left": 104.82451253481895,
                "top": 58.02785515320335
            },
            "points": [
                {
                    "x": 104.82451253481895,
                    "y": 58.02785515320335
                },
                {
                    "x": 197.3570954474234,
                    "y": 58.02785515320335
                },
                {
                    "x": 197.3570954474234,
                    "y": 180.32311977715878
                },
                {
                    "x": 104.82451253481895,
                    "y": 180.32311977715878
                }
            ]
        }
    ],
    "version": "2.1.0"
}