{
    "asset": {
        "format": "JPG",
        "id": "979fa6db59f7033b0be8adc5fb5fb16d",
        "name": "1X1A0091.JPG",
        "path": "file:D:/MLDrones/matlab/yoloSimulinkDataWTFinal/swindturbinesSameSizes/1X1A0091.JPG",
        "size": {
            "width": 224,
            "height": 224
        },
        "state": 2,
        "type": 1
    },
    "regions": [
        {
            "id": "9o6q0nIob",
            "type": "RECTANGLE",
            "tags": [
                "WindTurbine"
            ],
            "boundingBox": {
                "height": 156.1136447407077,
                "width": 140.3899816656511,
                "left": 0.8111439654422006,
                "top": 0.12479156239119081
            },
            "points": [
                {
                    "x": 0.8111439654422006,
                    "y": 0.12479156239119081
                },
                {
                    "x": 141.2011256310933,
                    "y": 0.12479156239119081
                },
                {
                    "x": 141.2011256310933,
                    "y": 156.2384363030989
                },
                {
                    "x": 0.8111439654422006,
                    "y": 156.2384363030989
                }
            ]
        }
    ],
    "version": "2.1.0"
}