{
    "asset": {
        "format": "JPG",
        "id": "97dd562940ab3188b81ccd3d7368b196",
        "name": "1X1A0224.JPG",
        "path": "file:D:/MLDrones/matlab/yoloSimulinkDataWTFinal/swindturbinesSameSizes/1X1A0224.JPG",
        "size": {
            "width": 224,
            "height": 224
        },
        "state": 2,
        "type": 1
    },
    "regions": [
        {
            "id": "eSVTIxb1G",
            "type": "RECTANGLE",
            "tags": [
                "WindTurbine"
            ],
            "boundingBox": {
                "height": 191.86629526462397,
                "width": 165.03621169916434,
                "left": 9.671309192200557,
                "top": 31.821727019498606
            },
            "points": [
                {
                    "x": 9.671309192200557,
                    "y": 31.821727019498606
                },
                {
                    "x": 174.7075208913649,
                    "y": 31.821727019498606
                },
                {
                    "x": 174.7075208913649,
                    "y": 223.68802228412258
                },
                {
                    "x": 9.671309192200557,
                    "y": 223.68802228412258
                }
            ]
        }
    ],
    "version": "2.1.0"
}