{
    "asset": {
        "format": "JPG",
        "id": "9811338bf1b838a4e5c6fdef26ef492f",
        "name": "1X1A9954.JPG",
        "path": "file:D:/MLDrones/matlab/yoloSimulinkDataWTFinal/swindturbinesSameSizes/1X1A9954.JPG",
        "size": {
            "width": 224,
            "height": 224
        },
        "state": 2,
        "type": 1
    },
    "regions": [
        {
            "id": "kMrTfkGfY",
            "type": "RECTANGLE",
            "tags": [
                "WindTurbine"
            ],
            "boundingBox": {
                "height": 102.45347998998956,
                "width": 89.35040640233287,
                "left": 57.59109777594011,
                "top": 65.1409527876915
            },
            "points": [
                {
                    "x": 57.59109777594011,
                    "y": 65.1409527876915
                },
                {
                    "x": 146.941504178273,
                    "y": 65.1409527876915
                },
                {
                    "x": 146.941504178273,
                    "y": 167.59443277768105
                },
                {
                    "x": 57.59109777594011,
                    "y": 167.59443277768105
                }
            ]
        }
    ],
    "version": "2.1.0"
}