{
    "asset": {
        "format": "JPG",
        "id": "98194167e75e547178c0f1eb744ea96c",
        "name": "1X1A0293.JPG",
        "path": "file:D:/MLDrones/matlab/yoloSimulinkDataWTFinal/swindturbinesSameSizes/1X1A0293.JPG",
        "size": {
            "width": 224,
            "height": 224
        },
        "state": 2,
        "type": 1
    },
    "regions": [
        {
            "id": "sPjPqvDkS",
            "type": "RECTANGLE",
            "tags": [
                "WindTurbine"
            ],
            "boundingBox": {
                "height": 106.69637883008357,
                "width": 83.92200557103064,
                "left": 75.81058495821728,
                "top": 78.93036211699165
            },
            "points": [
                {
                    "x": 75.81058495821728,
                    "y": 78.93036211699165
                },
                {
                    "x": 159.73259052924791,
                    "y": 78.93036211699165
                },
                {
                    "x": 159.73259052924791,
                    "y": 185.6267409470752
                },
                {
                    "x": 75.81058495821728,
                    "y": 185.6267409470752
                }
            ]
        }
    ],
    "version": "2.1.0"
}