{
    "asset": {
        "format": "JPG",
        "id": "983039ba8722624012935d79545a8b71",
        "name": "1X1A0321.JPG",
        "path": "file:D:/MLDrones/matlab/yoloSimulinkDataWTFinal/swindturbinesSameSizes/1X1A0321.JPG",
        "size": {
            "width": 224,
            "height": 224
        },
        "state": 2,
        "type": 1
    },
    "regions": [
        {
            "id": "O_HHUzDcm",
            "type": "RECTANGLE",
            "tags": [
                "WindTurbine"
            ],
            "boundingBox": {
                "height": 31.821727019498606,
                "width": 27.14206128133705,
                "left": 95.46518105849583,
                "top": 122.91922005571031
            },
            "points": [
                {
                    "x": 95.46518105849583,
                    "y": 122.91922005571031
                },
                {
                    "x": 122.60724233983287,
                    "y": 122.91922005571031
                },
                {
                    "x": 122.60724233983287,
                    "y": 154.7409470752089
                },
                {
                    "x": 95.46518105849583,
                    "y": 154.7409470752089
                }
            ]
        }
    ],
    "version": "2.1.0"
}