{
    "asset": {
        "format": "JPG",
        "id": "99f20c00ba34556fa63debbf8f9bbb6e",
        "name": "1X1A0806.JPG",
        "path": "file:D:/MLDrones/matlab/yoloSimulinkDataWTFinal/swindturbinesSameSizes/1X1A0806.JPG",
        "size": {
            "width": 224,
            "height": 224
        },
        "state": 2,
        "type": 1
    },
    "regions": [
        {
            "id": "q6d1M9t0_",
            "type": "RECTANGLE",
            "tags": [
                "WindTurbine"
            ],
            "boundingBox": {
                "height": 134.15041782729804,
                "width": 100.76880222841226,
                "left": 53.03621169916435,
                "top": 9.35933147632312
            },
            "points": [
                {
                    "x": 53.03621169916435,
                    "y": 9.35933147632312
                },
                {
                    "x": 153.8050139275766,
                    "y": 9.35933147632312
                },
                {
                    "x": 153.8050139275766,
                    "y": 143.50974930362116
                },
                {
                    "x": 53.03621169916435,
                    "y": 143.50974930362116
                }
            ]
        }
    ],
    "version": "2.1.0"
}