{
    "asset": {
        "format": "JPG",
        "id": "9a0ad08effdb92f26785e4be17fd53d0",
        "name": "1X1A9899.JPG",
        "path": "file:D:/MLDrones/matlab/yoloSimulinkDataWTFinal/swindturbinesSameSizes/1X1A9899.JPG",
        "size": {
            "width": 224,
            "height": 224
        },
        "state": 2,
        "type": 1
    },
    "regions": [
        {
            "id": "2Dm7nX_B-",
            "type": "RECTANGLE",
            "tags": [
                "WindTurbine"
            ],
            "boundingBox": {
                "height": 88.35209294481199,
                "width": 64.64176749651811,
                "left": 69.44625097928274,
                "top": 92.34540389972145
            },
            "points": [
                {
                    "x": 69.44625097928274,
                    "y": 92.34540389972145
                },
                {
                    "x": 134.08801847580085,
                    "y": 92.34540389972145
                },
                {
                    "x": 134.08801847580085,
                    "y": 180.69749684453342
                },
                {
                    "x": 69.44625097928274,
                    "y": 180.69749684453342
                }
            ]
        }
    ],
    "version": "2.1.0"
}