{
    "asset": {
        "format": "JPG",
        "id": "9a6bd79259ec5d89fb75c405c949271a",
        "name": "1X1A9785.JPG",
        "path": "file:D:/MLDrones/matlab/yoloSimulinkDataWTFinal/swindturbinesSameSizes/1X1A9785.JPG",
        "size": {
            "width": 224,
            "height": 224
        },
        "state": 2,
        "type": 1
    },
    "regions": [
        {
            "id": "turjjx8k2",
            "type": "RECTANGLE",
            "tags": [
                "WindTurbine"
            ],
            "boundingBox": {
                "height": 193.1142061281337,
                "width": 134.77437325905294,
                "left": 62.7075208913649,
                "top": 29.013927576601674
            },
            "points": [
                {
                    "x": 62.7075208913649,
                    "y": 29.013927576601674
                },
                {
                    "x": 197.48189415041784,
                    "y": 29.013927576601674
                },
                {
                    "x": 197.48189415041784,
                    "y": 222.12813370473538
                },
                {
                    "x": 62.7075208913649,
                    "y": 222.12813370473538
                }
            ]
        }
    ],
    "version": "2.1.0"
}