{
    "asset": {
        "format": "JPG",
        "id": "9adce49edd750598f8d67b624c992842",
        "name": "1X1A9927.JPG",
        "path": "file:D:/MLDrones/matlab/yoloSimulinkDataWTFinal/swindturbinesSameSizes/1X1A9927.JPG",
        "size": {
            "width": 224,
            "height": 224
        },
        "state": 2,
        "type": 1
    },
    "regions": [
        {
            "id": "hNqGqpUFe",
            "type": "RECTANGLE",
            "tags": [
                "WindTurbine"
            ],
            "boundingBox": {
                "height": 114.80780896370126,
                "width": 93.46851606023677,
                "left": 84.04680427402508,
                "top": 98.46016903508009
            },
            "points": [
                {
                    "x": 84.04680427402508,
                    "y": 98.46016903508009
                },
                {
                    "x": 177.51532033426184,
                    "y": 98.46016903508009
                },
                {
                    "x": 177.51532033426184,
                    "y": 213.26797799878133
                },
                {
                    "x": 84.04680427402508,
                    "y": 213.26797799878133
                }
            ]
        }
    ],
    "version": "2.1.0"
}