{
    "asset": {
        "format": "JPG",
        "id": "9ba2726a08e8adfbfea485ae20373b59",
        "name": "1X1A0809.JPG",
        "path": "file:D:/MLDrones/matlab/yoloSimulinkDataWTFinal/swindturbinesSameSizes/1X1A0809.JPG",
        "size": {
            "width": 224,
            "height": 224
        },
        "state": 2,
        "type": 1
    },
    "regions": [
        {
            "id": "aF3LRipt8",
            "type": "RECTANGLE",
            "tags": [
                "WindTurbine"
            ],
            "boundingBox": {
                "height": 122.29526462395543,
                "width": 70.1949860724234,
                "left": 118.86350974930363,
                "top": 53.34818941504179
            },
            "points": [
                {
                    "x": 118.86350974930363,
                    "y": 53.34818941504179
                },
                {
                    "x": 189.05849582172704,
                    "y": 53.34818941504179
                },
                {
                    "x": 189.05849582172704,
                    "y": 175.64345403899722
                },
                {
                    "x": 118.86350974930363,
                    "y": 175.64345403899722
                }
            ]
        }
    ],
    "version": "2.1.0"
}