{
    "asset": {
        "format": "JPG",
        "id": "9bdcee6e6e527f252c7d2fb750b166ec",
        "name": "1X1A0310.JPG",
        "path": "file:D:/MLDrones/matlab/yoloSimulinkDataWTFinal/swindturbinesSameSizes/1X1A0310.JPG",
        "size": {
            "width": 224,
            "height": 224
        },
        "state": 2,
        "type": 1
    },
    "regions": [
        {
            "id": "WYv-dZyQi",
            "type": "RECTANGLE",
            "tags": [
                "WindTurbine"
            ],
            "boundingBox": {
                "height": 37.43732590529248,
                "width": 28.389972144846798,
                "left": 97.64902506963789,
                "top": 101.70473537604457
            },
            "points": [
                {
                    "x": 97.64902506963789,
                    "y": 101.70473537604457
                },
                {
                    "x": 126.03899721448467,
                    "y": 101.70473537604457
                },
                {
                    "x": 126.03899721448467,
                    "y": 139.14206128133702
                },
                {
                    "x": 97.64902506963789,
                    "y": 139.14206128133702
                }
            ]
        }
    ],
    "version": "2.1.0"
}