{
    "asset": {
        "format": "JPG",
        "id": "9cbf573be9ad70b7237844ade17c4aaa",
        "name": "1X1A9859.JPG",
        "path": "file:D:/MLDrones/matlab/yoloSimulinkDataWTFinal/swindturbinesSameSizes/1X1A9859.JPG",
        "size": {
            "width": 224,
            "height": 224
        },
        "state": 2,
        "type": 1
    },
    "regions": [
        {
            "id": "vWZdacuYA",
            "type": "RECTANGLE",
            "tags": [
                "WindTurbine"
            ],
            "boundingBox": {
                "height": 90.8479241926358,
                "width": 89.97436183408774,
                "left": 65.32814132137884,
                "top": 64.3921986529422
            },
            "points": [
                {
                    "x": 65.32814132137884,
                    "y": 64.3921986529422
                },
                {
                    "x": 155.30250315546658,
                    "y": 64.3921986529422
                },
                {
                    "x": 155.30250315546658,
                    "y": 155.240122845578
                },
                {
                    "x": 65.32814132137884,
                    "y": 155.240122845578
                }
            ]
        }
    ],
    "version": "2.1.0"
}