{
    "asset": {
        "format": "JPG",
        "id": "9cce68cddc7bbd03a4aefb7d820d96e2",
        "name": "1X1A0811.JPG",
        "path": "file:D:/MLDrones/matlab/yoloSimulinkDataWTFinal/swindturbinesSameSizes/1X1A0811.JPG",
        "size": {
            "width": 224,
            "height": 224
        },
        "state": 2,
        "type": 1
    },
    "regions": [
        {
            "id": "ELStjYtLv",
            "type": "RECTANGLE",
            "tags": [
                "WindTurbine"
            ],
            "boundingBox": {
                "height": 129.47075208913648,
                "width": 90.78551532033427,
                "left": 47.420612813370475,
                "top": 26.518105849582174
            },
            "points": [
                {
                    "x": 47.420612813370475,
                    "y": 26.518105849582174
                },
                {
                    "x": 138.20612813370474,
                    "y": 26.518105849582174
                },
                {
                    "x": 138.20612813370474,
                    "y": 155.98885793871867
                },
                {
                    "x": 47.420612813370475,
                    "y": 155.98885793871867
                }
            ]
        }
    ],
    "version": "2.1.0"
}