{
    "asset": {
        "format": "JPG",
        "id": "9d70298cba98f123e966c185b0bb66e6",
        "name": "1X1A0231.JPG",
        "path": "file:D:/MLDrones/matlab/yoloSimulinkDataWTFinal/swindturbinesSameSizes/1X1A0231.JPG",
        "size": {
            "width": 224,
            "height": 224
        },
        "state": 2,
        "type": 1
    },
    "regions": [
        {
            "id": "wbMNX967r",
            "type": "RECTANGLE",
            "tags": [
                "WindTurbine"
            ],
            "boundingBox": {
                "height": 84.54596100278552,
                "width": 135.08635097493035,
                "left": 0,
                "top": 0
            },
            "points": [
                {
                    "x": 0,
                    "y": 0
                },
                {
                    "x": 135.08635097493035,
                    "y": 0
                },
                {
                    "x": 135.08635097493035,
                    "y": 84.54596100278552
                },
                {
                    "x": 0,
                    "y": 84.54596100278552
                }
            ]
        }
    ],
    "version": "2.1.0"
}