{
    "asset": {
        "format": "JPG",
        "id": "9d718dc64afd81ad60e55d084e100fea",
        "name": "1X1A9951.JPG",
        "path": "file:D:/MLDrones/matlab/yoloSimulinkDataWTFinal/swindturbinesSameSizes/1X1A9951.JPG",
        "size": {
            "width": 224,
            "height": 224
        },
        "state": 2,
        "type": 1
    },
    "regions": [
        {
            "id": "oORrtjrqi",
            "type": "RECTANGLE",
            "tags": [
                "WindTurbine"
            ],
            "boundingBox": {
                "height": 92.59499178490599,
                "width": 92.96935933147633,
                "left": 72.44122943506268,
                "top": 52.661844152594014
            },
            "points": [
                {
                    "x": 72.44122943506268,
                    "y": 52.661844152594014
                },
                {
                    "x": 165.410588766539,
                    "y": 52.661844152594014
                },
                {
                    "x": 165.410588766539,
                    "y": 145.2568359375
                },
                {
                    "x": 72.44122943506268,
                    "y": 145.2568359375
                }
            ]
        }
    ],
    "version": "2.1.0"
}