{
    "asset": {
        "format": "JPG",
        "id": "9df4b71c301e61f3445cc07ba3eca8aa",
        "name": "1X1A9825.JPG",
        "path": "file:D:/MLDrones/matlab/yoloSimulinkDataWTFinal/swindturbinesSameSizes/1X1A9825.JPG",
        "size": {
            "width": 224,
            "height": 224
        },
        "state": 2,
        "type": 1
    },
    "regions": [
        {
            "id": "2TDofwsc1",
            "type": "RECTANGLE",
            "tags": [
                "WindTurbine"
            ],
            "boundingBox": {
                "height": 223.50083613063632,
                "width": 171.89972144846797,
                "left": 52.100278551532035,
                "top": 0.49916386936368384
            },
            "points": [
                {
                    "x": 52.100278551532035,
                    "y": 0.49916386936368384
                },
                {
                    "x": 224,
                    "y": 0.49916386936368384
                },
                {
                    "x": 224,
                    "y": 224
                },
                {
                    "x": 52.100278551532035,
                    "y": 224
                }
            ]
        }
    ],
    "version": "2.1.0"
}