{
    "asset": {
        "format": "JPG",
        "id": "9e9b909671636cd794cd06089a379164",
        "name": "1X1A9819.JPG",
        "path": "file:D:/MLDrones/matlab/yoloSimulinkDataWTFinal/swindturbinesSameSizes/1X1A9819.JPG",
        "size": {
            "width": 224,
            "height": 224
        },
        "state": 2,
        "type": 1
    },
    "regions": [
        {
            "id": "SClbC64Rh",
            "type": "RECTANGLE",
            "tags": [
                "WindTurbine"
            ],
            "boundingBox": {
                "height": 109.44177892148329,
                "width": 84.98273742165739,
                "left": 76.68411875435237,
                "top": 59.27576601671309
            },
            "points": [
                {
                    "x": 76.68411875435237,
                    "y": 59.27576601671309
                },
                {
                    "x": 161.66685617600976,
                    "y": 59.27576601671309
                },
                {
                    "x": 161.66685617600976,
                    "y": 168.7175449381964
                },
                {
                    "x": 76.68411875435237,
                    "y": 168.7175449381964
                }
            ]
        }
    ],
    "version": "2.1.0"
}