{
    "asset": {
        "format": "JPG",
        "id": "9f00c44891a7f92100c5acfcbbb18587",
        "name": "1X1A0103.JPG",
        "path": "file:D:/MLDrones/matlab/yoloSimulinkDataWTFinal/swindturbinesSameSizes/1X1A0103.JPG",
        "size": {
            "width": 224,
            "height": 224
        },
        "state": 2,
        "type": 1
    },
    "regions": [
        {
            "id": "uwi0OmQzz",
            "type": "RECTANGLE",
            "tags": [
                "WindTurbine"
            ],
            "boundingBox": {
                "height": 155.3649025069638,
                "width": 147.00388448816156,
                "left": 22.337615881789695,
                "top": 68.63509749303621
            },
            "points": [
                {
                    "x": 22.337615881789695,
                    "y": 68.63509749303621
                },
                {
                    "x": 169.34150036995126,
                    "y": 68.63509749303621
                },
                {
                    "x": 169.34150036995126,
                    "y": 224
                },
                {
                    "x": 22.337615881789695,
                    "y": 224
                }
            ]
        }
    ],
    "version": "2.1.0"
}