{
    "asset": {
        "format": "JPG",
        "id": "9f4a4de1da33b36a0072a4769dac12ba",
        "name": "1X1A9960.JPG",
        "path": "file:D:/MLDrones/matlab/yoloSimulinkDataWTFinal/swindturbinesSameSizes/1X1A9960.JPG",
        "size": {
            "width": 224,
            "height": 224
        },
        "state": 2,
        "type": 1
    },
    "regions": [
        {
            "id": "eQpzKx67j",
            "type": "RECTANGLE",
            "tags": [
                "WindTurbine"
            ],
            "boundingBox": {
                "height": 134.89916244124305,
                "width": 133.52646239554318,
                "left": 46.60947836873259,
                "top": 52.53704544959958
            },
            "points": [
                {
                    "x": 46.60947836873259,
                    "y": 52.53704544959958
                },
                {
                    "x": 180.13594076427577,
                    "y": 52.53704544959958
                },
                {
                    "x": 180.13594076427577,
                    "y": 187.4362078908426
                },
                {
                    "x": 46.60947836873259,
                    "y": 187.4362078908426
                }
            ]
        }
    ],
    "version": "2.1.0"
}