{
    "asset": {
        "format": "JPG",
        "id": "9f4c6b00a094ac304918e175ffcfeba3",
        "name": "1X1A9944.JPG",
        "path": "file:D:/MLDrones/matlab/yoloSimulinkDataWTFinal/swindturbinesSameSizes/1X1A9944.JPG",
        "size": {
            "width": 224,
            "height": 224
        },
        "state": 2,
        "type": 1
    },
    "regions": [
        {
            "id": "8ZEIacZTh",
            "type": "RECTANGLE",
            "tags": [
                "WindTurbine"
            ],
            "boundingBox": {
                "height": 109.31698973929318,
                "width": 90.59831726584262,
                "left": 57.21672070856546,
                "top": 51.03955622170961
            },
            "points": [
                {
                    "x": 57.21672070856546,
                    "y": 51.03955622170961
                },
                {
                    "x": 147.81503797440809,
                    "y": 51.03955622170961
                },
                {
                    "x": 147.81503797440809,
                    "y": 160.35654596100278
                },
                {
                    "x": 57.21672070856546,
                    "y": 160.35654596100278
                }
            ]
        }
    ],
    "version": "2.1.0"
}