{
    "asset": {
        "format": "JPG",
        "id": "a11e48e4bcf491534aeb02b96009505d",
        "name": "1X1A9760.JPG",
        "path": "file:D:/MLDrones/matlab/yoloSimulinkDataWTFinal/swindturbinesSameSizes/1X1A9760.JPG",
        "size": {
            "width": 224,
            "height": 224
        },
        "state": 2,
        "type": 1
    },
    "regions": [
        {
            "id": "RpUY_tDAA",
            "type": "RECTANGLE",
            "tags": [
                "WindTurbine"
            ],
            "boundingBox": {
                "height": 183.13091922005572,
                "width": 161.2924791086351,
                "left": 44.3008356545961,
                "top": 40.86908077994429
            },
            "points": [
                {
                    "x": 44.3008356545961,
                    "y": 40.86908077994429
                },
                {
                    "x": 205.5933147632312,
                    "y": 40.86908077994429
                },
                {
                    "x": 205.5933147632312,
                    "y": 224
                },
                {
                    "x": 44.3008356545961,
                    "y": 224
                }
            ]
        }
    ],
    "version": "2.1.0"
}