{
    "asset": {
        "format": "JPG",
        "id": "a16a79134bd914fada75d76664c673d6",
        "name": "1X1A0259.JPG",
        "path": "file:D:/MLDrones/matlab/yoloSimulinkDataWTFinal/swindturbinesSameSizes/1X1A0259.JPG",
        "size": {
            "width": 224,
            "height": 224
        },
        "state": 2,
        "type": 1
    },
    "regions": [
        {
            "id": "p3btqSN7s",
            "type": "RECTANGLE",
            "tags": [
                "WindTurbine"
            ],
            "boundingBox": {
                "height": 185.25236625990163,
                "width": 151.3091922005571,
                "left": 0,
                "top": 17.533149060432624
            },
            "points": [
                {
                    "x": 0,
                    "y": 17.533149060432624
                },
                {
                    "x": 151.3091922005571,
                    "y": 17.533149060432624
                },
                {
                    "x": 151.3091922005571,
                    "y": 202.78551532033427
                },
                {
                    "x": 0,
                    "y": 202.78551532033427
                }
            ]
        }
    ],
    "version": "2.1.0"
}