{
    "asset": {
        "format": "JPG",
        "id": "a179637db0f3cea49328194c6814840d",
        "name": "1X1A0377.JPG",
        "path": "file:D:/MLDrones/matlab/yoloSimulinkDataWTFinal/swindturbinesSameSizes/1X1A0377.JPG",
        "size": {
            "width": 224,
            "height": 224
        },
        "state": 2,
        "type": 1
    },
    "regions": [
        {
            "id": "wvmLTOGPX",
            "type": "RECTANGLE",
            "tags": [
                "WindTurbine"
            ],
            "boundingBox": {
                "height": 87.04178272980502,
                "width": 67.6991643454039,
                "left": 87.66573816155989,
                "top": 83.29805013927577
            },
            "points": [
                {
                    "x": 87.66573816155989,
                    "y": 83.29805013927577
                },
                {
                    "x": 155.3649025069638,
                    "y": 83.29805013927577
                },
                {
                    "x": 155.3649025069638,
                    "y": 170.3398328690808
                },
                {
                    "x": 87.66573816155989,
                    "y": 170.3398328690808
                }
            ]
        }
    ],
    "version": "2.1.0"
}