{
    "asset": {
        "format": "JPG",
        "id": "a1bba36bf970f459e73e307c3d470c16",
        "name": "1X1A0314.JPG",
        "path": "file:D:/MLDrones/matlab/yoloSimulinkDataWTFinal/swindturbinesSameSizes/1X1A0314.JPG",
        "size": {
            "width": 224,
            "height": 224
        },
        "state": 2,
        "type": 1
    },
    "regions": [
        {
            "id": "RJChn-ojC",
            "type": "RECTANGLE",
            "tags": [
                "WindTurbine"
            ],
            "boundingBox": {
                "height": 31.509749303621188,
                "width": 28.389972144846798,
                "left": 83.6100278551532,
                "top": 151.93314763231197
            },
            "points": [
                {
                    "x": 83.6100278551532,
                    "y": 151.93314763231197
                },
                {
                    "x": 112,
                    "y": 151.93314763231197
                },
                {
                    "x": 112,
                    "y": 183.44289693593316
                },
                {
                    "x": 83.6100278551532,
                    "y": 183.44289693593316
                }
            ]
        }
    ],
    "version": "2.1.0"
}