{
    "asset": {
        "format": "JPG",
        "id": "a1e4c7be57d9139a571dfba257ba8fac",
        "name": "1X1A9974.JPG",
        "path": "file:D:/MLDrones/matlab/yoloSimulinkDataWTFinal/swindturbinesSameSizes/1X1A9974.JPG",
        "size": {
            "width": 224,
            "height": 224
        },
        "state": 2,
        "type": 1
    },
    "regions": [
        {
            "id": "O41GSZqAv",
            "type": "RECTANGLE",
            "tags": [
                "WindTurbine"
            ],
            "boundingBox": {
                "height": 144.82005475822598,
                "width": 168.7799442896936,
                "left": 25.270194986072426,
                "top": 13.976602623389624
            },
            "points": [
                {
                    "x": 25.270194986072426,
                    "y": 13.976602623389624
                },
                {
                    "x": 194.050139275766,
                    "y": 13.976602623389624
                },
                {
                    "x": 194.050139275766,
                    "y": 158.7966573816156
                },
                {
                    "x": 25.270194986072426,
                    "y": 158.7966573816156
                }
            ]
        }
    ],
    "version": "2.1.0"
}