{
    "asset": {
        "format": "JPG",
        "id": "a23614158df0ca1b0ffafe5620c32ce9",
        "name": "1X1A9838.JPG",
        "path": "file:D:/MLDrones/matlab/yoloSimulinkDataWTFinal/swindturbinesSameSizes/1X1A9838.JPG",
        "size": {
            "width": 224,
            "height": 224
        },
        "state": 2,
        "type": 1
    },
    "regions": [
        {
            "id": "lJ7MtYyzs",
            "type": "RECTANGLE",
            "tags": [
                "WindTurbine"
            ],
            "boundingBox": {
                "height": 120.5482017920874,
                "width": 94.84122562674095,
                "left": 61.33483036646936,
                "top": 47.794985120342965
            },
            "points": [
                {
                    "x": 61.33483036646936,
                    "y": 47.794985120342965
                },
                {
                    "x": 156.1760559932103,
                    "y": 47.794985120342965
                },
                {
                    "x": 156.1760559932103,
                    "y": 168.34318691243035
                },
                {
                    "x": 61.33483036646936,
                    "y": 168.34318691243035
                }
            ]
        }
    ],
    "version": "2.1.0"
}