{
    "asset": {
        "format": "JPG",
        "id": "a2c941f106c9ab0fccb1b737c18ee328",
        "name": "1X1A0202.JPG",
        "path": "file:D:/MLDrones/matlab/yoloSimulinkDataWTFinal/swindturbinesSameSizes/1X1A0202.JPG",
        "size": {
            "width": 224,
            "height": 224
        },
        "state": 2,
        "type": 1
    },
    "regions": [
        {
            "id": "Nqrosyl0h",
            "type": "RECTANGLE",
            "tags": [
                "WindTurbine"
            ],
            "boundingBox": {
                "height": 143.19777158774374,
                "width": 128.22284122562675,
                "left": 54.59610027855153,
                "top": 80.80222841225627
            },
            "points": [
                {
                    "x": 54.59610027855153,
                    "y": 80.80222841225627
                },
                {
                    "x": 182.81894150417827,
                    "y": 80.80222841225627
                },
                {
                    "x": 182.81894150417827,
                    "y": 224
                },
                {
                    "x": 54.59610027855153,
                    "y": 224
                }
            ]
        }
    ],
    "version": "2.1.0"
}