{
    "asset": {
        "format": "JPG",
        "id": "a2f44d5d5070e0e782f03bd167152265",
        "name": "1X1A0113.JPG",
        "path": "file:D:/MLDrones/matlab/yoloSimulinkDataWTFinal/swindturbinesSameSizes/1X1A0113.JPG",
        "size": {
            "width": 224,
            "height": 224
        },
        "state": 2,
        "type": 1
    },
    "regions": [
        {
            "id": "cqY32bipj",
            "type": "RECTANGLE",
            "tags": [
                "WindTurbine"
            ],
            "boundingBox": {
                "height": 170.90139132953954,
                "width": 151.74594957782034,
                "left": 64.76658524112118,
                "top": 21.276881650961872
            },
            "points": [
                {
                    "x": 64.76658524112118,
                    "y": 21.276881650961872
                },
                {
                    "x": 216.5125348189415,
                    "y": 21.276881650961872
                },
                {
                    "x": 216.5125348189415,
                    "y": 192.1782729805014
                },
                {
                    "x": 64.76658524112118,
                    "y": 192.1782729805014
                }
            ]
        }
    ],
    "version": "2.1.0"
}