{
    "asset": {
        "format": "JPG",
        "id": "a3a4b0c8c417aa404419b7bdda693954",
        "name": "1X1A9761.JPG",
        "path": "file:D:/MLDrones/matlab/yoloSimulinkDataWTFinal/swindturbinesSameSizes/1X1A9761.JPG",
        "size": {
            "width": 224,
            "height": 224
        },
        "state": 2,
        "type": 1
    },
    "regions": [
        {
            "id": "jqvEg5j4U",
            "type": "RECTANGLE",
            "tags": [
                "WindTurbine"
            ],
            "boundingBox": {
                "height": 177.2033426183844,
                "width": 161.2924791086351,
                "left": 48.66852367688023,
                "top": 45.86072423398329
            },
            "points": [
                {
                    "x": 48.66852367688023,
                    "y": 45.86072423398329
                },
                {
                    "x": 209.96100278551532,
                    "y": 45.86072423398329
                },
                {
                    "x": 209.96100278551532,
                    "y": 223.0640668523677
                },
                {
                    "x": 48.66852367688023,
                    "y": 223.0640668523677
                }
            ]
        }
    ],
    "version": "2.1.0"
}