{
    "asset": {
        "format": "JPG",
        "id": "a4cde018713604eff9f373e6dd0fb514",
        "name": "1X1A9976.JPG",
        "path": "file:D:/MLDrones/matlab/yoloSimulinkDataWTFinal/swindturbinesSameSizes/1X1A9976.JPG",
        "size": {
            "width": 224,
            "height": 224
        },
        "state": 2,
        "type": 1
    },
    "regions": [
        {
            "id": "DeXEF3T6Q",
            "type": "RECTANGLE",
            "tags": [
                "WindTurbine"
            ],
            "boundingBox": {
                "height": 128.90919124847667,
                "width": 130.09470752089138,
                "left": 38.373259052924794,
                "top": 62.02117086851497
            },
            "points": [
                {
                    "x": 38.373259052924794,
                    "y": 62.02117086851497
                },
                {
                    "x": 168.46796657381617,
                    "y": 62.02117086851497
                },
                {
                    "x": 168.46796657381617,
                    "y": 190.93036211699166
                },
                {
                    "x": 38.373259052924794,
                    "y": 190.93036211699166
                }
            ]
        }
    ],
    "version": "2.1.0"
}