{
    "asset": {
        "format": "JPG",
        "id": "a5039d0c24ac2de79f8d1d7c145f7cac",
        "name": "1X1A9998.JPG",
        "path": "file:D:/MLDrones/matlab/yoloSimulinkDataWTFinal/swindturbinesSameSizes/1X1A9998.JPG",
        "size": {
            "width": 224,
            "height": 224
        },
        "state": 2,
        "type": 1
    },
    "regions": [
        {
            "id": "07yrSsMS5",
            "type": "RECTANGLE",
            "tags": [
                "WindTurbine"
            ],
            "boundingBox": {
                "height": 144.82004999782382,
                "width": 102.01671309192201,
                "left": 60.83565459610028,
                "top": 46.7342675509227
            },
            "points": [
                {
                    "x": 60.83565459610028,
                    "y": 46.7342675509227
                },
                {
                    "x": 162.8523676880223,
                    "y": 46.7342675509227
                },
                {
                    "x": 162.8523676880223,
                    "y": 191.55431754874652
                },
                {
                    "x": 60.83565459610028,
                    "y": 191.55431754874652
                }
            ]
        }
    ],
    "version": "2.1.0"
}