{
    "asset": {
        "format": "JPG",
        "id": "a5283b4497c9d0a9f388d09e741e468e",
        "name": "1X1A9977.JPG",
        "path": "file:D:/MLDrones/matlab/yoloSimulinkDataWTFinal/swindturbinesSameSizes/1X1A9977.JPG",
        "size": {
            "width": 224,
            "height": 224
        },
        "state": 2,
        "type": 1
    },
    "regions": [
        {
            "id": "83xtA05jc",
            "type": "RECTANGLE",
            "tags": [
                "WindTurbine"
            ],
            "boundingBox": {
                "height": 135.7727009977803,
                "width": 99.83286908077994,
                "left": 66.45125348189416,
                "top": 79.49192295765147
            },
            "points": [
                {
                    "x": 66.45125348189416,
                    "y": 79.49192295765147
                },
                {
                    "x": 166.2841225626741,
                    "y": 79.49192295765147
                },
                {
                    "x": 166.2841225626741,
                    "y": 215.26462395543177
                },
                {
                    "x": 66.45125348189416,
                    "y": 215.26462395543177
                }
            ]
        }
    ],
    "version": "2.1.0"
}