{
    "asset": {
        "format": "JPG",
        "id": "a5380b02af83dd4c36069adfb095b6ff",
        "name": "1X1A0262.JPG",
        "path": "file:D:/MLDrones/matlab/yoloSimulinkDataWTFinal/swindturbinesSameSizes/1X1A0262.JPG",
        "size": {
            "width": 224,
            "height": 224
        },
        "state": 2,
        "type": 1
    },
    "regions": [
        {
            "id": "83KVuO9W9",
            "type": "RECTANGLE",
            "tags": [
                "WindTurbine"
            ],
            "boundingBox": {
                "height": 148.50139275766017,
                "width": 112.62395543175488,
                "left": 45.23676880222841,
                "top": 75.49860724233983
            },
            "points": [
                {
                    "x": 45.23676880222841,
                    "y": 75.49860724233983
                },
                {
                    "x": 157.8607242339833,
                    "y": 75.49860724233983
                },
                {
                    "x": 157.8607242339833,
                    "y": 224
                },
                {
                    "x": 45.23676880222841,
                    "y": 224
                }
            ]
        }
    ],
    "version": "2.1.0"
}