{
    "asset": {
        "format": "JPG",
        "id": "a54529af984b056db8469fd7ba1df4b5",
        "name": "1X1A0195.JPG",
        "path": "file:D:/MLDrones/matlab/yoloSimulinkDataWTFinal/swindturbinesSameSizes/1X1A0195.JPG",
        "size": {
            "width": 224,
            "height": 224
        },
        "state": 2,
        "type": 1
    },
    "regions": [
        {
            "id": "xtA4qd1fD",
            "type": "RECTANGLE",
            "tags": [
                "WindTurbine"
            ],
            "boundingBox": {
                "height": 172.08690284155205,
                "width": 152.9938604413301,
                "left": 16.410039280118387,
                "top": 32.50807942254962
            },
            "points": [
                {
                    "x": 16.410039280118387,
                    "y": 32.50807942254962
                },
                {
                    "x": 169.40389972144848,
                    "y": 32.50807942254962
                },
                {
                    "x": 169.40389972144848,
                    "y": 204.59498226410167
                },
                {
                    "x": 16.410039280118387,
                    "y": 204.59498226410167
                }
            ]
        }
    ],
    "version": "2.1.0"
}