{
    "asset": {
        "format": "JPG",
        "id": "a5715af82a7fe3393239c7375ea8cdf3",
        "name": "1X1A9840.JPG",
        "path": "file:D:/MLDrones/matlab/yoloSimulinkDataWTFinal/swindturbinesSameSizes/1X1A9840.JPG",
        "size": {
            "width": 224,
            "height": 224
        },
        "state": 2,
        "type": 1
    },
    "regions": [
        {
            "id": "2kgo6tgrO",
            "type": "RECTANGLE",
            "tags": [
                "WindTurbine"
            ],
            "boundingBox": {
                "height": 139.266845703125,
                "width": 99.20891364902508,
                "left": 55.34485441330084,
                "top": 46.29749589245299
            },
            "points": [
                {
                    "x": 55.34485441330084,
                    "y": 46.29749589245299
                },
                {
                    "x": 154.5537680623259,
                    "y": 46.29749589245299
                },
                {
                    "x": 154.5537680623259,
                    "y": 185.564341595578
                },
                {
                    "x": 55.34485441330084,
                    "y": 185.564341595578
                }
            ]
        }
    ],
    "version": "2.1.0"
}