{
    "asset": {
        "format": "JPG",
        "id": "a614a005c2bc6c7a7df57c1942a4feb6",
        "name": "1X1A0074.JPG",
        "path": "file:D:/MLDrones/matlab/yoloSimulinkDataWTFinal/swindturbinesSameSizes/1X1A0074.JPG",
        "size": {
            "width": 224,
            "height": 224
        },
        "state": 2,
        "type": 1
    },
    "regions": [
        {
            "id": "XwzRITTI4",
            "type": "RECTANGLE",
            "tags": [
                "WindTurbine"
            ],
            "boundingBox": {
                "height": 187.0618379640712,
                "width": 159.60779182625348,
                "left": 24.77103825731198,
                "top": 0.12479156239119081
            },
            "points": [
                {
                    "x": 24.77103825731198,
                    "y": 0.12479156239119081
                },
                {
                    "x": 184.37883008356548,
                    "y": 0.12479156239119081
                },
                {
                    "x": 184.37883008356548,
                    "y": 187.1866295264624
                },
                {
                    "x": 24.77103825731198,
                    "y": 187.1866295264624
                }
            ]
        }
    ],
    "version": "2.1.0"
}