{
    "asset": {
        "format": "JPG",
        "id": "a638470368560784c11dbf0f0e9942f7",
        "name": "1X1A0345.JPG",
        "path": "file:D:/MLDrones/matlab/yoloSimulinkDataWTFinal/swindturbinesSameSizes/1X1A0345.JPG",
        "size": {
            "width": 224,
            "height": 224
        },
        "state": 2,
        "type": 1
    },
    "regions": [
        {
            "id": "b9QURLXY_",
            "type": "RECTANGLE",
            "tags": [
                "WindTurbine"
            ],
            "boundingBox": {
                "height": 64.26740947075209,
                "width": 44.3008356545961,
                "left": 81.73816155988858,
                "top": 92.03342618384401
            },
            "points": [
                {
                    "x": 81.73816155988858,
                    "y": 92.03342618384401
                },
                {
                    "x": 126.03899721448468,
                    "y": 92.03342618384401
                },
                {
                    "x": 126.03899721448468,
                    "y": 156.3008356545961
                },
                {
                    "x": 81.73816155988858,
                    "y": 156.3008356545961
                }
            ]
        }
    ],
    "version": "2.1.0"
}