{
    "asset": {
        "format": "JPG",
        "id": "a63e2106bb84fdd0570efb819086d8fe",
        "name": "1X1A0302.JPG",
        "path": "file:D:/MLDrones/matlab/yoloSimulinkDataWTFinal/swindturbinesSameSizes/1X1A0302.JPG",
        "size": {
            "width": 224,
            "height": 224
        },
        "state": 2,
        "type": 1
    },
    "regions": [
        {
            "id": "c3t5c5EZm",
            "type": "RECTANGLE",
            "tags": [
                "WindTurbine"
            ],
            "boundingBox": {
                "height": 59.275766016713085,
                "width": 50.54038997214485,
                "left": 90.16155988857939,
                "top": 79.24233983286909
            },
            "points": [
                {
                    "x": 90.16155988857939,
                    "y": 79.24233983286909
                },
                {
                    "x": 140.70194986072423,
                    "y": 79.24233983286909
                },
                {
                    "x": 140.70194986072423,
                    "y": 138.51810584958216
                },
                {
                    "x": 90.16155988857939,
                    "y": 138.51810584958216
                }
            ]
        }
    ],
    "version": "2.1.0"
}