{
    "asset": {
        "format": "JPG",
        "id": "a65f399f43adf32357899ecb87f219ff",
        "name": "1X1A0817.JPG",
        "path": "file:D:/MLDrones/matlab/yoloSimulinkDataWTFinal/swindturbinesSameSizes/1X1A0817.JPG",
        "size": {
            "width": 224,
            "height": 224
        },
        "state": 2,
        "type": 1
    },
    "regions": [
        {
            "id": "Kw95SBt6B",
            "type": "RECTANGLE",
            "tags": [
                "WindTurbine"
            ],
            "boundingBox": {
                "height": 124.47910863509749,
                "width": 82.36211699164346,
                "left": 101.0807799442897,
                "top": 0
            },
            "points": [
                {
                    "x": 101.0807799442897,
                    "y": 0
                },
                {
                    "x": 183.44289693593316,
                    "y": 0
                },
                {
                    "x": 183.44289693593316,
                    "y": 124.47910863509749
                },
                {
                    "x": 101.0807799442897,
                    "y": 124.47910863509749
                }
            ]
        }
    ],
    "version": "2.1.0"
}