{
    "asset": {
        "format": "JPG",
        "id": "a69e9c3fbed266be8c65fc4cacee158f",
        "name": "1X1A0822.JPG",
        "path": "file:D:/MLDrones/matlab/yoloSimulinkDataWTFinal/swindturbinesSameSizes/1X1A0822.JPG",
        "size": {
            "width": 224,
            "height": 224
        },
        "state": 2,
        "type": 1
    },
    "regions": [
        {
            "id": "QVF_YPCEB",
            "type": "RECTANGLE",
            "tags": [
                "WindTurbine"
            ],
            "boundingBox": {
                "height": 144.44568245125348,
                "width": 92.6573816155989,
                "left": 74.87465181058496,
                "top": 34.94150417827298
            },
            "points": [
                {
                    "x": 74.87465181058496,
                    "y": 34.94150417827298
                },
                {
                    "x": 167.53203342618386,
                    "y": 34.94150417827298
                },
                {
                    "x": 167.53203342618386,
                    "y": 179.38718662952647
                },
                {
                    "x": 74.87465181058496,
                    "y": 179.38718662952647
                }
            ]
        }
    ],
    "version": "2.1.0"
}