{
    "asset": {
        "format": "JPG",
        "id": "a6b36c1f870633e2291a95f9ce24a4fe",
        "name": "1X1A0323.JPG",
        "path": "file:D:/MLDrones/matlab/yoloSimulinkDataWTFinal/swindturbinesSameSizes/1X1A0323.JPG",
        "size": {
            "width": 224,
            "height": 224
        },
        "state": 2,
        "type": 1
    },
    "regions": [
        {
            "id": "iGhyrE36b",
            "type": "RECTANGLE",
            "tags": [
                "WindTurbine"
            ],
            "boundingBox": {
                "height": 37.43732590529248,
                "width": 28.389972144846798,
                "left": 88.91364902506965,
                "top": 125.72701949860725
            },
            "points": [
                {
                    "x": 88.91364902506965,
                    "y": 125.72701949860725
                },
                {
                    "x": 117.30362116991643,
                    "y": 125.72701949860725
                },
                {
                    "x": 117.30362116991643,
                    "y": 163.16434540389972
                },
                {
                    "x": 88.91364902506965,
                    "y": 163.16434540389972
                }
            ]
        }
    ],
    "version": "2.1.0"
}