{
    "asset": {
        "format": "JPG",
        "id": "a70c09d602fc45b226eb08de72bf3761",
        "name": "1X1A9874.JPG",
        "path": "file:D:/MLDrones/matlab/yoloSimulinkDataWTFinal/swindturbinesSameSizes/1X1A9874.JPG",
        "size": {
            "width": 224,
            "height": 224
        },
        "state": 2,
        "type": 1
    },
    "regions": [
        {
            "id": "53h0KM_AT",
            "type": "RECTANGLE",
            "tags": [
                "WindTurbine"
            ],
            "boundingBox": {
                "height": 96.46352307842967,
                "width": 73.12758421831477,
                "left": 75.1866295264624,
                "top": 99.33370283121518
            },
            "points": [
                {
                    "x": 75.1866295264624,
                    "y": 99.33370283121518
                },
                {
                    "x": 148.31421374477716,
                    "y": 99.33370283121518
                },
                {
                    "x": 148.31421374477716,
                    "y": 195.79722590964485
                },
                {
                    "x": 75.1866295264624,
                    "y": 195.79722590964485
                }
            ]
        }
    ],
    "version": "2.1.0"
}