{
    "asset": {
        "format": "JPG",
        "id": "a72b54efd39fb98aca5e66602634bde1",
        "name": "1X1A0175.JPG",
        "path": "file:D:/MLDrones/matlab/yoloSimulinkDataWTFinal/swindturbinesSameSizes/1X1A0175.JPG",
        "size": {
            "width": 224,
            "height": 224
        },
        "state": 2,
        "type": 1
    },
    "regions": [
        {
            "id": "yaO09EUrf",
            "type": "RECTANGLE",
            "tags": [
                "WindTurbine"
            ],
            "boundingBox": {
                "height": 196.17158631561196,
                "width": 163.28912506528553,
                "left": 9.546529530814764,
                "top": 27.828413684388057
            },
            "points": [
                {
                    "x": 9.546529530814764,
                    "y": 27.828413684388057
                },
                {
                    "x": 172.83565459610028,
                    "y": 27.828413684388057
                },
                {
                    "x": 172.83565459610028,
                    "y": 224
                },
                {
                    "x": 9.546529530814764,
                    "y": 224
                }
            ]
        }
    ],
    "version": "2.1.0"
}