{
    "asset": {
        "format": "JPG",
        "id": "a792ca20349c431faea541b1dd6bbbb1",
        "name": "1X1A0261.JPG",
        "path": "file:D:/MLDrones/matlab/yoloSimulinkDataWTFinal/swindturbinesSameSizes/1X1A0261.JPG",
        "size": {
            "width": 224,
            "height": 224
        },
        "state": 2,
        "type": 1
    },
    "regions": [
        {
            "id": "mPSmiIsJB",
            "type": "RECTANGLE",
            "tags": [
                "WindTurbine"
            ],
            "boundingBox": {
                "height": 182.1949860724234,
                "width": 142.8857938718663,
                "left": 0,
                "top": 0
            },
            "points": [
                {
                    "x": 0,
                    "y": 0
                },
                {
                    "x": 142.8857938718663,
                    "y": 0
                },
                {
                    "x": 142.8857938718663,
                    "y": 182.1949860724234
                },
                {
                    "x": 0,
                    "y": 182.1949860724234
                }
            ]
        }
    ],
    "version": "2.1.0"
}