{
    "asset": {
        "format": "JPG",
        "id": "a7e6f029d0e198815ae2f670d30db746",
        "name": "1X1A0308.JPG",
        "path": "file:D:/MLDrones/matlab/yoloSimulinkDataWTFinal/swindturbinesSameSizes/1X1A0308.JPG",
        "size": {
            "width": 224,
            "height": 224
        },
        "state": 2,
        "type": 1
    },
    "regions": [
        {
            "id": "Kf4YKP4v_",
            "type": "RECTANGLE",
            "tags": [
                "WindTurbine"
            ],
            "boundingBox": {
                "height": 38.373259052924794,
                "width": 28.389972144846798,
                "left": 103.88857938718664,
                "top": 109.19220055710306
            },
            "points": [
                {
                    "x": 103.88857938718664,
                    "y": 109.19220055710306
                },
                {
                    "x": 132.27855153203342,
                    "y": 109.19220055710306
                },
                {
                    "x": 132.27855153203342,
                    "y": 147.56545961002786
                },
                {
                    "x": 103.88857938718664,
                    "y": 147.56545961002786
                }
            ]
        }
    ],
    "version": "2.1.0"
}