{
    "asset": {
        "format": "JPG",
        "id": "a801b93ebe49e31fba2f0c28984a5f35",
        "name": "1X1A9830.JPG",
        "path": "file:D:/MLDrones/matlab/yoloSimulinkDataWTFinal/swindturbinesSameSizes/1X1A9830.JPG",
        "size": {
            "width": 224,
            "height": 224
        },
        "state": 2,
        "type": 1
    },
    "regions": [
        {
            "id": "B5MJslOWE",
            "type": "RECTANGLE",
            "tags": [
                "WindTurbine"
            ],
            "boundingBox": {
                "height": 223.62562531282643,
                "width": 186.00111801444987,
                "left": 37.99888198555014,
                "top": 0.3743746871735724
            },
            "points": [
                {
                    "x": 37.99888198555014,
                    "y": 0.3743746871735724
                },
                {
                    "x": 224,
                    "y": 0.3743746871735724
                },
                {
                    "x": 224,
                    "y": 224
                },
                {
                    "x": 37.99888198555014,
                    "y": 224
                }
            ]
        }
    ],
    "version": "2.1.0"
}