{
    "asset": {
        "format": "JPG",
        "id": "a8b128328e111d7fc62d3e1f68681549",
        "name": "1X1A0368.JPG",
        "path": "file:D:/MLDrones/matlab/yoloSimulinkDataWTFinal/swindturbinesSameSizes/1X1A0368.JPG",
        "size": {
            "width": 224,
            "height": 224
        },
        "state": 2,
        "type": 1
    },
    "regions": [
        {
            "id": "s8U1GVF8Z",
            "type": "RECTANGLE",
            "tags": [
                "WindTurbine"
            ],
            "boundingBox": {
                "height": 68.01114206128133,
                "width": 58.33983286908078,
                "left": 73.31476323119777,
                "top": 91.40947075208913
            },
            "points": [
                {
                    "x": 73.31476323119777,
                    "y": 91.40947075208913
                },
                {
                    "x": 131.65459610027858,
                    "y": 91.40947075208913
                },
                {
                    "x": 131.65459610027858,
                    "y": 159.42061281337047
                },
                {
                    "x": 73.31476323119777,
                    "y": 159.42061281337047
                }
            ]
        }
    ],
    "version": "2.1.0"
}