{
    "asset": {
        "format": "JPG",
        "id": "a8e411910f12dc69e2a04078843d2c96",
        "name": "1X1A0222.JPG",
        "path": "file:D:/MLDrones/matlab/yoloSimulinkDataWTFinal/swindturbinesSameSizes/1X1A0222.JPG",
        "size": {
            "width": 224,
            "height": 224
        },
        "state": 2,
        "type": 1
    },
    "regions": [
        {
            "id": "z9vAccADF",
            "type": "RECTANGLE",
            "tags": [
                "WindTurbine"
            ],
            "boundingBox": {
                "height": 191.86629526462397,
                "width": 156.73759303185935,
                "left": 23.273549029422007,
                "top": 0
            },
            "points": [
                {
                    "x": 23.273549029422007,
                    "y": 0
                },
                {
                    "x": 180.01114206128133,
                    "y": 0
                },
                {
                    "x": 180.01114206128133,
                    "y": 191.86629526462397
                },
                {
                    "x": 23.273549029422007,
                    "y": 191.86629526462397
                }
            ]
        }
    ],
    "version": "2.1.0"
}