{
    "asset": {
        "format": "JPG",
        "id": "a95c67f41798ea27e5baa9acbc152462",
        "name": "1X1A0220.JPG",
        "path": "file:D:/MLDrones/matlab/yoloSimulinkDataWTFinal/swindturbinesSameSizes/1X1A0220.JPG",
        "size": {
            "width": 224,
            "height": 224
        },
        "state": 2,
        "type": 1
    },
    "regions": [
        {
            "id": "7Mn5CHBv5",
            "type": "RECTANGLE",
            "tags": [
                "WindTurbine"
            ],
            "boundingBox": {
                "height": 200.6016713091922,
                "width": 163.28912506528553,
                "left": 17.96992785950557,
                "top": 19.96657381615599
            },
            "points": [
                {
                    "x": 17.96992785950557,
                    "y": 19.96657381615599
                },
                {
                    "x": 181.2590529247911,
                    "y": 19.96657381615599
                },
                {
                    "x": 181.2590529247911,
                    "y": 220.5682451253482
                },
                {
                    "x": 17.96992785950557,
                    "y": 220.5682451253482
                }
            ]
        }
    ],
    "version": "2.1.0"
}