{
    "asset": {
        "format": "JPG",
        "id": "a9613637bfbb8941cf6d816623d41c07",
        "name": "1X1A0280.JPG",
        "path": "file:D:/MLDrones/matlab/yoloSimulinkDataWTFinal/swindturbinesSameSizes/1X1A0280.JPG",
        "size": {
            "width": 224,
            "height": 224
        },
        "state": 2,
        "type": 1
    },
    "regions": [
        {
            "id": "TVBmh9pj3",
            "type": "RECTANGLE",
            "tags": [
                "WindTurbine"
            ],
            "boundingBox": {
                "height": 96.40111420612814,
                "width": 61.7715877437326,
                "left": 68.01114206128133,
                "top": 64.26740947075209
            },
            "points": [
                {
                    "x": 68.01114206128133,
                    "y": 64.26740947075209
                },
                {
                    "x": 129.78272980501393,
                    "y": 64.26740947075209
                },
                {
                    "x": 129.78272980501393,
                    "y": 160.66852367688023
                },
                {
                    "x": 68.01114206128133,
                    "y": 160.66852367688023
                }
            ]
        }
    ],
    "version": "2.1.0"
}