{
    "asset": {
        "format": "JPG",
        "id": "aa83d4c0b96911f075a3576788d35a36",
        "name": "1X1A9922.JPG",
        "path": "file:D:/MLDrones/matlab/yoloSimulinkDataWTFinal/swindturbinesSameSizes/1X1A9922.JPG",
        "size": {
            "width": 224,
            "height": 224
        },
        "state": 2,
        "type": 1
    },
    "regions": [
        {
            "id": "eSxiazwvy",
            "type": "RECTANGLE",
            "tags": [
                "WindTurbine"
            ],
            "boundingBox": {
                "height": 118.05237530466574,
                "width": 94.21727019498607,
                "left": 68.07354141277855,
                "top": 54.2841225626741
            },
            "points": [
                {
                    "x": 68.07354141277855,
                    "y": 54.2841225626741
                },
                {
                    "x": 162.29081160776462,
                    "y": 54.2841225626741
                },
                {
                    "x": 162.29081160776462,
                    "y": 172.33649786733983
                },
                {
                    "x": 68.07354141277855,
                    "y": 172.33649786733983
                }
            ]
        }
    ],
    "version": "2.1.0"
}