{
    "asset": {
        "format": "JPG",
        "id": "aa8c33920ad3e4912344dd66b1d15028",
        "name": "1X1A0040.JPG",
        "path": "file:D:/MLDrones/matlab/yoloSimulinkDataWTFinal/swindturbinesSameSizes/1X1A0040.JPG",
        "size": {
            "width": 224,
            "height": 224
        },
        "state": 2,
        "type": 1
    },
    "regions": [
        {
            "id": "PVpPm14CI",
            "type": "RECTANGLE",
            "tags": [
                "WindTurbine"
            ],
            "boundingBox": {
                "height": 192.92702235484853,
                "width": 156.11363760010445,
                "left": 46.98385543610724,
                "top": 11.480780896370126
            },
            "points": [
                {
                    "x": 46.98385543610724,
                    "y": 11.480780896370126
                },
                {
                    "x": 203.09749303621172,
                    "y": 11.480780896370126
                },
                {
                    "x": 203.09749303621172,
                    "y": 204.40780325121867
                },
                {
                    "x": 46.98385543610724,
                    "y": 204.40780325121867
                }
            ]
        }
    ],
    "version": "2.1.0"
}