{
    "asset": {
        "format": "JPG",
        "id": "aa9fe944e326a09f4739e61fe2b63f38",
        "name": "1X1A0024.JPG",
        "path": "file:D:/MLDrones/matlab/yoloSimulinkDataWTFinal/swindturbinesSameSizes/1X1A0024.JPG",
        "size": {
            "width": 224,
            "height": 224
        },
        "state": 2,
        "type": 1
    },
    "regions": [
        {
            "id": "QyEBwWWrK",
            "type": "RECTANGLE",
            "tags": [
                "WindTurbine"
            ],
            "boundingBox": {
                "height": 223.87520843760882,
                "width": 223.1264662038649,
                "left": 0.6863547832520892,
                "top": 0.12479156239119081
            },
            "points": [
                {
                    "x": 0.6863547832520892,
                    "y": 0.12479156239119081
                },
                {
                    "x": 223.812820987117,
                    "y": 0.12479156239119081
                },
                {
                    "x": 223.812820987117,
                    "y": 224
                },
                {
                    "x": 0.6863547832520892,
                    "y": 224
                }
            ]
        }
    ],
    "version": "2.1.0"
}