{
    "asset": {
        "format": "JPG",
        "id": "abc40b75dc5ee0ba263703b389227564",
        "name": "1X1A9786.JPG",
        "path": "file:D:/MLDrones/matlab/yoloSimulinkDataWTFinal/swindturbinesSameSizes/1X1A9786.JPG",
        "size": {
            "width": 224,
            "height": 224
        },
        "state": 2,
        "type": 1
    },
    "regions": [
        {
            "id": "KWrSozMXB",
            "type": "RECTANGLE",
            "tags": [
                "WindTurbine"
            ],
            "boundingBox": {
                "height": 203.40947075208913,
                "width": 145.3816155988858,
                "left": 55.22005571030641,
                "top": 19.96657381615599
            },
            "points": [
                {
                    "x": 55.22005571030641,
                    "y": 19.96657381615599
                },
                {
                    "x": 200.6016713091922,
                    "y": 19.96657381615599
                },
                {
                    "x": 200.6016713091922,
                    "y": 223.37604456824513
                },
                {
                    "x": 55.22005571030641,
                    "y": 223.37604456824513
                }
            ]
        }
    ],
    "version": "2.1.0"
}