{
    "asset": {
        "format": "JPG",
        "id": "ac38dc535f3b78eade66c704ba2620f6",
        "name": "1X1A0239.JPG",
        "path": "file:D:/MLDrones/matlab/yoloSimulinkDataWTFinal/swindturbinesSameSizes/1X1A0239.JPG",
        "size": {
            "width": 224,
            "height": 224
        },
        "state": 2,
        "type": 1
    },
    "regions": [
        {
            "id": "a1jFdrRJC",
            "type": "RECTANGLE",
            "tags": [
                "WindTurbine"
            ],
            "boundingBox": {
                "height": 130.96824369722754,
                "width": 120.67297669307104,
                "left": 0.6863547832520892,
                "top": 0.3743746871735724
            },
            "points": [
                {
                    "x": 0.6863547832520892,
                    "y": 0.3743746871735724
                },
                {
                    "x": 121.35933147632312,
                    "y": 0.3743746871735724
                },
                {
                    "x": 121.35933147632312,
                    "y": 131.3426183844011
                },
                {
                    "x": 0.6863547832520892,
                    "y": 131.3426183844011
                }
            ]
        }
    ],
    "version": "2.1.0"
}