{
    "asset": {
        "format": "JPG",
        "id": "ac491a5a2d71fb9faadadabd9d79c990",
        "name": "1X1A9775.JPG",
        "path": "file:D:/MLDrones/matlab/yoloSimulinkDataWTFinal/swindturbinesSameSizes/1X1A9775.JPG",
        "size": {
            "width": 224,
            "height": 224
        },
        "state": 2,
        "type": 1
    },
    "regions": [
        {
            "id": "irOz6eX72",
            "type": "RECTANGLE",
            "tags": [
                "WindTurbine"
            ],
            "boundingBox": {
                "height": 175.64345403899722,
                "width": 127.28690807799443,
                "left": 66.13927576601671,
                "top": 35.56545961002786
            },
            "points": [
                {
                    "x": 66.13927576601671,
                    "y": 35.56545961002786
                },
                {
                    "x": 193.42618384401115,
                    "y": 35.56545961002786
                },
                {
                    "x": 193.42618384401115,
                    "y": 211.20891364902508
                },
                {
                    "x": 66.13927576601671,
                    "y": 211.20891364902508
                }
            ]
        }
    ],
    "version": "2.1.0"
}