{
    "asset": {
        "format": "JPG",
        "id": "ac95123c0c7be77fb9a593fa5056ebd5",
        "name": "1X1A9966.JPG",
        "path": "file:D:/MLDrones/matlab/yoloSimulinkDataWTFinal/swindturbinesSameSizes/1X1A9966.JPG",
        "size": {
            "width": 224,
            "height": 224
        },
        "state": 2,
        "type": 1
    },
    "regions": [
        {
            "id": "g77BIvVk7",
            "type": "RECTANGLE",
            "tags": [
                "WindTurbine"
            ],
            "boundingBox": {
                "height": 113.80947646457173,
                "width": 151.99556602541784,
                "left": 30.261838440111422,
                "top": 49.791645358199865
            },
            "points": [
                {
                    "x": 30.261838440111422,
                    "y": 49.791645358199865
                },
                {
                    "x": 182.25740446552925,
                    "y": 49.791645358199865
                },
                {
                    "x": 182.25740446552925,
                    "y": 163.6011218227716
                },
                {
                    "x": 30.261838440111422,
                    "y": 163.6011218227716
                }
            ]
        }
    ],
    "version": "2.1.0"
}