{
    "asset": {
        "format": "JPG",
        "id": "acd76f710fbd18241e2493a08bffa3f0",
        "name": "1X1A0355.JPG",
        "path": "file:D:/MLDrones/matlab/yoloSimulinkDataWTFinal/swindturbinesSameSizes/1X1A0355.JPG",
        "size": {
            "width": 224,
            "height": 224
        },
        "state": 2,
        "type": 1
    },
    "regions": [
        {
            "id": "S_PgypMtj",
            "type": "RECTANGLE",
            "tags": [
                "WindTurbine"
            ],
            "boundingBox": {
                "height": 61.77158774373259,
                "width": 44.92479108635098,
                "left": 100.14484679665739,
                "top": 70.81894150417827
            },
            "points": [
                {
                    "x": 100.14484679665739,
                    "y": 70.81894150417827
                },
                {
                    "x": 145.06963788300837,
                    "y": 70.81894150417827
                },
                {
                    "x": 145.06963788300837,
                    "y": 132.59052924791084
                },
                {
                    "x": 100.14484679665739,
                    "y": 132.59052924791084
                }
            ]
        }
    ],
    "version": "2.1.0"
}