{
    "asset": {
        "format": "JPG",
        "id": "ad12f944b91904efab4ddb709e7e0b9c",
        "name": "1X1A0005.JPG",
        "path": "file:D:/MLDrones/matlab/yoloSimulinkDataWTFinal/swindturbinesSameSizes/1X1A0005.JPG",
        "size": {
            "width": 224,
            "height": 224
        },
        "state": 2,
        "type": 1
    },
    "regions": [
        {
            "id": "AGbFUYuYb",
            "type": "RECTANGLE",
            "tags": [
                "WindTurbine"
            ],
            "boundingBox": {
                "height": 173.70919315263754,
                "width": 125.41506082433844,
                "left": 67.32478727802925,
                "top": 31.94652096209088
            },
            "points": [
                {
                    "x": 67.32478727802925,
                    "y": 31.94652096209088
                },
                {
                    "x": 192.7398481023677,
                    "y": 31.94652096209088
                },
                {
                    "x": 192.7398481023677,
                    "y": 205.65571411472843
                },
                {
                    "x": 67.32478727802925,
                    "y": 205.65571411472843
                }
            ]
        }
    ],
    "version": "2.1.0"
}