{
    "asset": {
        "format": "JPG",
        "id": "ad7f3acbb8b2040dad8b2ac0d88d21c4",
        "name": "1X1A0309.JPG",
        "path": "file:D:/MLDrones/matlab/yoloSimulinkDataWTFinal/swindturbinesSameSizes/1X1A0309.JPG",
        "size": {
            "width": 224,
            "height": 224
        },
        "state": 2,
        "type": 1
    },
    "regions": [
        {
            "id": "i1H2p8lGy",
            "type": "RECTANGLE",
            "tags": [
                "WindTurbine"
            ],
            "boundingBox": {
                "height": 37.43732590529248,
                "width": 28.389972144846798,
                "left": 101.39275766016713,
                "top": 100.76880222841226
            },
            "points": [
                {
                    "x": 101.39275766016713,
                    "y": 100.76880222841226
                },
                {
                    "x": 129.7827298050139,
                    "y": 100.76880222841226
                },
                {
                    "x": 129.7827298050139,
                    "y": 138.2061281337047
                },
                {
                    "x": 101.39275766016713,
                    "y": 138.2061281337047
                }
            ]
        }
    ],
    "version": "2.1.0"
}