{
    "asset": {
        "format": "JPG",
        "id": "add9469fe1b0d82ca0a095785f18e798",
        "name": "1X1A0097.JPG",
        "path": "file:D:/MLDrones/matlab/yoloSimulinkDataWTFinal/swindturbinesSameSizes/1X1A0097.JPG",
        "size": {
            "width": 224,
            "height": 224
        },
        "state": 2,
        "type": 1
    },
    "regions": [
        {
            "id": "pR9AvVbla",
            "type": "RECTANGLE",
            "tags": [
                "WindTurbine"
            ],
            "boundingBox": {
                "height": 133.21448467966573,
                "width": 124.60388829648329,
                "left": 16.722016995995823,
                "top": 90.78551532033427
            },
            "points": [
                {
                    "x": 16.722016995995823,
                    "y": 90.78551532033427
                },
                {
                    "x": 141.32590529247912,
                    "y": 90.78551532033427
                },
                {
                    "x": 141.32590529247912,
                    "y": 224
                },
                {
                    "x": 16.722016995995823,
                    "y": 224
                }
            ]
        }
    ],
    "version": "2.1.0"
}