{
    "asset": {
        "format": "JPG",
        "id": "ae1c6b2aa95b63e31dcf30742d3ea94e",
        "name": "1X1A0178.JPG",
        "path": "file:D:/MLDrones/matlab/yoloSimulinkDataWTFinal/swindturbinesSameSizes/1X1A0178.JPG",
        "size": {
            "width": 224,
            "height": 224
        },
        "state": 2,
        "type": 1
    },
    "regions": [
        {
            "id": "aJbgJY2Dr",
            "type": "RECTANGLE",
            "tags": [
                "WindTurbine"
            ],
            "boundingBox": {
                "height": 194.050139275766,
                "width": 165.97214484679665,
                "left": 12.167130919220057,
                "top": 0
            },
            "points": [
                {
                    "x": 12.167130919220057,
                    "y": 0
                },
                {
                    "x": 178.1392757660167,
                    "y": 0
                },
                {
                    "x": 178.1392757660167,
                    "y": 194.050139275766
                },
                {
                    "x": 12.167130919220057,
                    "y": 194.050139275766
                }
            ]
        }
    ],
    "version": "2.1.0"
}