{
    "asset": {
        "format": "JPG",
        "id": "aed77be713947ff1858a2739492a36ff",
        "name": "1X1A0198.JPG",
        "path": "file:D:/MLDrones/matlab/yoloSimulinkDataWTFinal/swindturbinesSameSizes/1X1A0198.JPG",
        "size": {
            "width": 224,
            "height": 224
        },
        "state": 2,
        "type": 1
    },
    "regions": [
        {
            "id": "4_SlKhbFf",
            "type": "RECTANGLE",
            "tags": [
                "WindTurbine"
            ],
            "boundingBox": {
                "height": 177.14094564708827,
                "width": 156.73759303185935,
                "left": 15.78608384836351,
                "top": 20.652926219207
            },
            "points": [
                {
                    "x": 15.78608384836351,
                    "y": 20.652926219207
                },
                {
                    "x": 172.52367688022284,
                    "y": 20.652926219207
                },
                {
                    "x": 172.52367688022284,
                    "y": 197.79387186629526
                },
                {
                    "x": 15.78608384836351,
                    "y": 197.79387186629526
                }
            ]
        }
    ],
    "version": "2.1.0"
}