{
    "asset": {
        "format": "JPG",
        "id": "af2953d31422b71e0118b94c2bb0c0f3",
        "name": "1X1A9943.JPG",
        "path": "file:D:/MLDrones/matlab/yoloSimulinkDataWTFinal/swindturbinesSameSizes/1X1A9943.JPG",
        "size": {
            "width": 224,
            "height": 224
        },
        "state": 2,
        "type": 1
    },
    "regions": [
        {
            "id": "NTn6Cvnic",
            "type": "RECTANGLE",
            "tags": [
                "WindTurbine"
            ],
            "boundingBox": {
                "height": 108.19387757877786,
                "width": 96.21393519324513,
                "left": 64.20501011925488,
                "top": 55.65682260837396
            },
            "points": [
                {
                    "x": 64.20501011925488,
                    "y": 55.65682260837396
                },
                {
                    "x": 160.4189453125,
                    "y": 55.65682260837396
                },
                {
                    "x": 160.4189453125,
                    "y": 163.8507001871518
                },
                {
                    "x": 64.20501011925488,
                    "y": 163.8507001871518
                }
            ]
        }
    ],
    "version": "2.1.0"
}