{
    "asset": {
        "format": "JPG",
        "id": "af3113b75e744f4a66b71e2b201ed7c7",
        "name": "1X1A0254.JPG",
        "path": "file:D:/MLDrones/matlab/yoloSimulinkDataWTFinal/swindturbinesSameSizes/1X1A0254.JPG",
        "size": {
            "width": 224,
            "height": 224
        },
        "state": 2,
        "type": 1
    },
    "regions": [
        {
            "id": "DQOUyraY4",
            "type": "RECTANGLE",
            "tags": [
                "WindTurbine"
            ],
            "boundingBox": {
                "height": 160.98050139275767,
                "width": 144.13370473537606,
                "left": 0.31197771587743733,
                "top": 63.01949860724234
            },
            "points": [
                {
                    "x": 0.31197771587743733,
                    "y": 63.01949860724234
                },
                {
                    "x": 144.44568245125348,
                    "y": 63.01949860724234
                },
                {
                    "x": 144.44568245125348,
                    "y": 224
                },
                {
                    "x": 0.31197771587743733,
                    "y": 224
                }
            ]
        }
    ],
    "version": "2.1.0"
}