{
    "asset": {
        "format": "JPG",
        "id": "af333ddc531476d9ea99f17754a5cada",
        "name": "1X1A0060.JPG",
        "path": "file:D:/MLDrones/matlab/yoloSimulinkDataWTFinal/swindturbinesSameSizes/1X1A0060.JPG",
        "size": {
            "width": 224,
            "height": 224
        },
        "state": 2,
        "type": 1
    },
    "regions": [
        {
            "id": "fbe4ozeY3",
            "type": "RECTANGLE",
            "tags": [
                "WindTurbine"
            ],
            "boundingBox": {
                "height": 194.92368021250437,
                "width": 150.5604380658078,
                "left": 73.4395619341922,
                "top": 8.236212175204562
            },
            "points": [
                {
                    "x": 73.4395619341922,
                    "y": 8.236212175204562
                },
                {
                    "x": 224,
                    "y": 8.236212175204562
                },
                {
                    "x": 224,
                    "y": 203.1598923877089
                },
                {
                    "x": 73.4395619341922,
                    "y": 203.1598923877089
                }
            ]
        }
    ],
    "version": "2.1.0"
}