{
    "asset": {
        "format": "JPG",
        "id": "afb5bfe70fd2f63517fd9578080df766",
        "name": "1X1A0364.JPG",
        "path": "file:D:/MLDrones/matlab/yoloSimulinkDataWTFinal/swindturbinesSameSizes/1X1A0364.JPG",
        "size": {
            "width": 224,
            "height": 224
        },
        "state": 2,
        "type": 1
    },
    "regions": [
        {
            "id": "WbK4nMCI_",
            "type": "RECTANGLE",
            "tags": [
                "WindTurbine"
            ],
            "boundingBox": {
                "height": 59.27576601671309,
                "width": 52.412256267409475,
                "left": 95.15320334261838,
                "top": 37.437325905292475
            },
            "points": [
                {
                    "x": 95.15320334261838,
                    "y": 37.437325905292475
                },
                {
                    "x": 147.56545961002786,
                    "y": 37.437325905292475
                },
                {
                    "x": 147.56545961002786,
                    "y": 96.71309192200557
                },
                {
                    "x": 95.15320334261838,
                    "y": 96.71309192200557
                }
            ]
        }
    ],
    "version": "2.1.0"
}