{
    "asset": {
        "format": "JPG",
        "id": "b035194b2ccb90259a26b65a48bee8c3",
        "name": "1X1A9789.JPG",
        "path": "file:D:/MLDrones/matlab/yoloSimulinkDataWTFinal/swindturbinesSameSizes/1X1A9789.JPG",
        "size": {
            "width": 224,
            "height": 224
        },
        "state": 2,
        "type": 1
    },
    "regions": [
        {
            "id": "OyJ4eGwi4",
            "type": "RECTANGLE",
            "tags": [
                "WindTurbine"
            ],
            "boundingBox": {
                "height": 214.64066852367688,
                "width": 167.53203342618386,
                "left": 48.66852367688023,
                "top": 9.35933147632312
            },
            "points": [
                {
                    "x": 48.66852367688023,
                    "y": 9.35933147632312
                },
                {
                    "x": 216.20055710306409,
                    "y": 9.35933147632312
                },
                {
                    "x": 216.20055710306409,
                    "y": 224
                },
                {
                    "x": 48.66852367688023,
                    "y": 224
                }
            ]
        }
    ],
    "version": "2.1.0"
}