{
    "asset": {
        "format": "JPG",
        "id": "b037b5a4587c0f5c6009e258023625fb",
        "name": "1X1A9855.JPG",
        "path": "file:D:/MLDrones/matlab/yoloSimulinkDataWTFinal/swindturbinesSameSizes/1X1A9855.JPG",
        "size": {
            "width": 224,
            "height": 224
        },
        "state": 2,
        "type": 1
    },
    "regions": [
        {
            "id": "j5pknK8v8",
            "type": "RECTANGLE",
            "tags": [
                "WindTurbine"
            ],
            "boundingBox": {
                "height": 148.75097588244256,
                "width": 141.51310334697075,
                "left": 41.24345784731894,
                "top": 29.45069923507138
            },
            "points": [
                {
                    "x": 41.24345784731894,
                    "y": 29.45069923507138
                },
                {
                    "x": 182.7565611942897,
                    "y": 29.45069923507138
                },
                {
                    "x": 182.7565611942897,
                    "y": 178.20167511751393
                },
                {
                    "x": 41.24345784731894,
                    "y": 178.20167511751393
                }
            ]
        }
    ],
    "version": "2.1.0"
}