{
    "asset": {
        "format": "JPG",
        "id": "b04f65e993170b91b188082aaf143f99",
        "name": "1X1A0006.JPG",
        "path": "file:D:/MLDrones/matlab/yoloSimulinkDataWTFinal/swindturbinesSameSizes/1X1A0006.JPG",
        "size": {
            "width": 224,
            "height": 224
        },
        "state": 2,
        "type": 1
    },
    "regions": [
        {
            "id": "tR6OhZiya",
            "type": "RECTANGLE",
            "tags": [
                "WindTurbine"
            ],
            "boundingBox": {
                "height": 159.85738923224235,
                "width": 100.70640287691505,
                "left": 47.108635097493035,
                "top": 19.342618384401113
            },
            "points": [
                {
                    "x": 47.108635097493035,
                    "y": 19.342618384401113
                },
                {
                    "x": 147.81503797440809,
                    "y": 19.342618384401113
                },
                {
                    "x": 147.81503797440809,
                    "y": 179.20000761664346
                },
                {
                    "x": 47.108635097493035,
                    "y": 179.20000761664346
                }
            ]
        }
    ],
    "version": "2.1.0"
}