{
    "asset": {
        "format": "JPG",
        "id": "b06070a27002185f0c4a8b3ef6fbb3bf",
        "name": "1X1A0595.JPG",
        "path": "file:D:/MLDrones/matlab/yoloSimulinkDataWTFinal/swindturbinesSameSizes/1X1A0595.JPG",
        "size": {
            "width": 224,
            "height": 224
        },
        "state": 2,
        "type": 1
    },
    "regions": [
        {
            "id": "nbe0cwLDT",
            "type": "RECTANGLE",
            "tags": [
                "WindTurbine"
            ],
            "boundingBox": {
                "height": 146.3175487465181,
                "width": 100.76880222841226,
                "left": 53.03621169916435,
                "top": 14.974930362116993
            },
            "points": [
                {
                    "x": 53.03621169916435,
                    "y": 14.974930362116993
                },
                {
                    "x": 153.8050139275766,
                    "y": 14.974930362116993
                },
                {
                    "x": 153.8050139275766,
                    "y": 161.2924791086351
                },
                {
                    "x": 53.03621169916435,
                    "y": 161.2924791086351
                }
            ]
        }
    ],
    "version": "2.1.0"
}