{
    "asset": {
        "format": "JPG",
        "id": "b1f2c2d329e15006038a301f5b785823",
        "name": "1X1A0096.JPG",
        "path": "file:D:/MLDrones/matlab/yoloSimulinkDataWTFinal/swindturbinesSameSizes/1X1A0096.JPG",
        "size": {
            "width": 224,
            "height": 224
        },
        "state": 2,
        "type": 1
    },
    "regions": [
        {
            "id": "hAdcdf9UL",
            "type": "RECTANGLE",
            "tags": [
                "WindTurbine"
            ],
            "boundingBox": {
                "height": 172.08690284155205,
                "width": 147.00388448816156,
                "left": 20.777727302402507,
                "top": 8.173817584109505
            },
            "points": [
                {
                    "x": 20.777727302402507,
                    "y": 8.173817584109505
                },
                {
                    "x": 167.78161179056409,
                    "y": 8.173817584109505
                },
                {
                    "x": 167.78161179056409,
                    "y": 180.26072042566156
                },
                {
                    "x": 20.777727302402507,
                    "y": 180.26072042566156
                }
            ]
        }
    ],
    "version": "2.1.0"
}