{
    "asset": {
        "format": "JPG",
        "id": "b217c8dcaa9dd7fbce6604a431133fa4",
        "name": "1X1A0075.JPG",
        "path": "file:D:/MLDrones/matlab/yoloSimulinkDataWTFinal/swindturbinesSameSizes/1X1A0075.JPG",
        "size": {
            "width": 224,
            "height": 224
        },
        "state": 2,
        "type": 1
    },
    "regions": [
        {
            "id": "JlCO3LWEb",
            "type": "RECTANGLE",
            "tags": [
                "WindTurbine"
            ],
            "boundingBox": {
                "height": 199.7905392447554,
                "width": 154.86574577820335,
                "left": 18.4066852367688,
                "top": 8.485795299986943
            },
            "points": [
                {
                    "x": 18.4066852367688,
                    "y": 8.485795299986943
                },
                {
                    "x": 173.27243101497214,
                    "y": 8.485795299986943
                },
                {
                    "x": 173.27243101497214,
                    "y": 208.27633454474235
                },
                {
                    "x": 18.4066852367688,
                    "y": 208.27633454474235
                }
            ]
        }
    ],
    "version": "2.1.0"
}