{
    "asset": {
        "format": "JPG",
        "id": "b21ea6fbb98dde385042e63dad20d1ef",
        "name": "1X1A0049.JPG",
        "path": "file:D:/MLDrones/matlab/yoloSimulinkDataWTFinal/swindturbinesSameSizes/1X1A0049.JPG",
        "size": {
            "width": 224,
            "height": 224
        },
        "state": 2,
        "type": 1
    },
    "regions": [
        {
            "id": "pTc7fCChC",
            "type": "RECTANGLE",
            "tags": [
                "WindTurbine"
            ],
            "boundingBox": {
                "height": 193.05180677663648,
                "width": 155.98885793871867,
                "left": 16.90919600887883,
                "top": 16.22284122562674
            },
            "points": [
                {
                    "x": 16.90919600887883,
                    "y": 16.22284122562674
                },
                {
                    "x": 172.8980539475975,
                    "y": 16.22284122562674
                },
                {
                    "x": 172.8980539475975,
                    "y": 209.27464800226323
                },
                {
                    "x": 16.90919600887883,
                    "y": 209.27464800226323
                }
            ]
        }
    ],
    "version": "2.1.0"
}