{
    "asset": {
        "format": "JPG",
        "id": "b29659071b92f79d43c3afecd32c2892",
        "name": "1X1A9756.JPG",
        "path": "file:D:/MLDrones/matlab/yoloSimulinkDataWTFinal/swindturbinesSameSizes/1X1A9756.JPG",
        "size": {
            "width": 224,
            "height": 224
        },
        "state": 2,
        "type": 1
    },
    "regions": [
        {
            "id": "5BIzhUnz6",
            "type": "RECTANGLE",
            "tags": [
                "WindTurbine"
            ],
            "boundingBox": {
                "height": 177.2033426183844,
                "width": 135.3983286908078,
                "left": 54.59610027855153,
                "top": 45.86072423398329
            },
            "points": [
                {
                    "x": 54.59610027855153,
                    "y": 45.86072423398329
                },
                {
                    "x": 189.99442896935935,
                    "y": 45.86072423398329
                },
                {
                    "x": 189.99442896935935,
                    "y": 223.0640668523677
                },
                {
                    "x": 54.59610027855153,
                    "y": 223.0640668523677
                }
            ]
        }
    ],
    "version": "2.1.0"
}