{
    "asset": {
        "format": "JPG",
        "id": "b32247932299e5b0f719781b7f4d664b",
        "name": "1X1A0084.JPG",
        "path": "file:D:/MLDrones/matlab/yoloSimulinkDataWTFinal/swindturbinesSameSizes/1X1A0084.JPG",
        "size": {
            "width": 224,
            "height": 224
        },
        "state": 2,
        "type": 1
    },
    "regions": [
        {
            "id": "3hNOIfdWF",
            "type": "RECTANGLE",
            "tags": [
                "WindTurbine"
            ],
            "boundingBox": {
                "height": 170.71421231665653,
                "width": 165.97215436760098,
                "left": 6.676321215616295,
                "top": 0.3743746871735724
            },
            "points": [
                {
                    "x": 6.676321215616295,
                    "y": 0.3743746871735724
                },
                {
                    "x": 172.64847558321728,
                    "y": 0.3743746871735724
                },
                {
                    "x": 172.64847558321728,
                    "y": 171.0885870038301
                },
                {
                    "x": 6.676321215616295,
                    "y": 171.0885870038301
                }
            ]
        }
    ],
    "version": "2.1.0"
}