{
    "asset": {
        "format": "JPG",
        "id": "b32f947da8ede719e846d26a0b7f321c",
        "name": "1X1A0041.JPG",
        "path": "file:D:/MLDrones/matlab/yoloSimulinkDataWTFinal/swindturbinesSameSizes/1X1A0041.JPG",
        "size": {
            "width": 224,
            "height": 224
        },
        "state": 2,
        "type": 1
    },
    "regions": [
        {
            "id": "PPlZcIzw5",
            "type": "RECTANGLE",
            "tags": [
                "WindTurbine"
            ],
            "boundingBox": {
                "height": 167.34484251229543,
                "width": 145.63120348407034,
                "left": 0.43676689806754876,
                "top": 0.12479156239119081
            },
            "points": [
                {
                    "x": 0.43676689806754876,
                    "y": 0.12479156239119081
                },
                {
                    "x": 146.0679703821379,
                    "y": 0.12479156239119081
                },
                {
                    "x": 146.0679703821379,
                    "y": 167.46963407468664
                },
                {
                    "x": 0.43676689806754876,
                    "y": 167.46963407468664
                }
            ]
        }
    ],
    "version": "2.1.0"
}