{
    "asset": {
        "format": "JPG",
        "id": "b4edc54a6ab347f90d52723cc720938a",
        "name": "1X1A9847.JPG",
        "path": "file:D:/MLDrones/matlab/yoloSimulinkDataWTFinal/swindturbinesSameSizes/1X1A9847.JPG",
        "size": {
            "width": 224,
            "height": 224
        },
        "state": 2,
        "type": 1
    },
    "regions": [
        {
            "id": "dl0EqWfwB",
            "type": "RECTANGLE",
            "tags": [
                "WindTurbine"
            ],
            "boundingBox": {
                "height": 223.7504168752176,
                "width": 221.5041782729805,
                "left": 0.31197771587743733,
                "top": 0.24958312478238162
            },
            "points": [
                {
                    "x": 0.31197771587743733,
                    "y": 0.24958312478238162
                },
                {
                    "x": 221.81615598885796,
                    "y": 0.24958312478238162
                },
                {
                    "x": 221.81615598885796,
                    "y": 224
                },
                {
                    "x": 0.31197771587743733,
                    "y": 224
                }
            ]
        }
    ],
    "version": "2.1.0"
}