{
    "asset": {
        "format": "JPG",
        "id": "b50be1dedbe3ea03a591addad960c3b0",
        "name": "1X1A0001.JPG",
        "path": "file:D:/MLDrones/matlab/yoloSimulinkDataWTFinal/swindturbinesSameSizes/1X1A0001.JPG",
        "size": {
            "width": 224,
            "height": 224
        },
        "state": 2,
        "type": 1
    },
    "regions": [
        {
            "id": "h7yRu4G0M",
            "type": "RECTANGLE",
            "tags": [
                "WindTurbine"
            ],
            "boundingBox": {
                "height": 150.62283741730502,
                "width": 115.5565345360376,
                "left": 57.59109777594011,
                "top": 73.377162582695
            },
            "points": [
                {
                    "x": 57.59109777594011,
                    "y": 73.377162582695
                },
                {
                    "x": 173.14763231197773,
                    "y": 73.377162582695
                },
                {
                    "x": 173.14763231197773,
                    "y": 224
                },
                {
                    "x": 57.59109777594011,
                    "y": 224
                }
            ]
        }
    ],
    "version": "2.1.0"
}