{
    "asset": {
        "format": "JPG",
        "id": "b554b8e7104bdd16e3716e6f2110d6a9",
        "name": "1X1A0108.JPG",
        "path": "file:D:/MLDrones/matlab/yoloSimulinkDataWTFinal/swindturbinesSameSizes/1X1A0108.JPG",
        "size": {
            "width": 224,
            "height": 224
        },
        "state": 2,
        "type": 1
    },
    "regions": [
        {
            "id": "nFq3nzHXD",
            "type": "RECTANGLE",
            "tags": [
                "WindTurbine"
            ],
            "boundingBox": {
                "height": 172.08690284155205,
                "width": 147.00388448816156,
                "left": 34.50474680100975,
                "top": 14.101394185780816
            },
            "points": [
                {
                    "x": 34.50474680100975,
                    "y": 14.101394185780816
                },
                {
                    "x": 181.50863128917132,
                    "y": 14.101394185780816
                },
                {
                    "x": 181.50863128917132,
                    "y": 186.18829702733288
                },
                {
                    "x": 34.50474680100975,
                    "y": 186.18829702733288
                }
            ]
        }
    ],
    "version": "2.1.0"
}