{
    "asset": {
        "format": "JPG",
        "id": "b5aa91012f8054e2e78e1d5c710893df",
        "name": "1X1A0203.JPG",
        "path": "file:D:/MLDrones/matlab/yoloSimulinkDataWTFinal/swindturbinesSameSizes/1X1A0203.JPG",
        "size": {
            "width": 224,
            "height": 224
        },
        "state": 2,
        "type": 1
    },
    "regions": [
        {
            "id": "uH4TnWbDK",
            "type": "RECTANGLE",
            "tags": [
                "WindTurbine"
            ],
            "boundingBox": {
                "height": 177.14094564708827,
                "width": 156.73759303185935,
                "left": 30.449036494603064,
                "top": 38.747633740098365
            },
            "points": [
                {
                    "x": 30.449036494603064,
                    "y": 38.747633740098365
                },
                {
                    "x": 187.1866295264624,
                    "y": 38.747633740098365
                },
                {
                    "x": 187.1866295264624,
                    "y": 215.88857938718664
                },
                {
                    "x": 30.449036494603064,
                    "y": 215.88857938718664
                }
            ]
        }
    ],
    "version": "2.1.0"
}