{
    "asset": {
        "format": "JPG",
        "id": "b5c6c1c420b25c01fe704ba6b1885671",
        "name": "1X1A9969.JPG",
        "path": "file:D:/MLDrones/matlab/yoloSimulinkDataWTFinal/swindturbinesSameSizes/1X1A9969.JPG",
        "size": {
            "width": 224,
            "height": 224
        },
        "state": 2,
        "type": 1
    },
    "regions": [
        {
            "id": "AicVbVCfF",
            "type": "RECTANGLE",
            "tags": [
                "WindTurbine"
            ],
            "boundingBox": {
                "height": 121.10974835154074,
                "width": 151.4963712134401,
                "left": 33.381615598885794,
                "top": 44.55041877937848
            },
            "points": [
                {
                    "x": 33.381615598885794,
                    "y": 44.55041877937848
                },
                {
                    "x": 184.8779868123259,
                    "y": 44.55041877937848
                },
                {
                    "x": 184.8779868123259,
                    "y": 165.66016713091923
                },
                {
                    "x": 33.381615598885794,
                    "y": 165.66016713091923
                }
            ]
        }
    ],
    "version": "2.1.0"
}