{
    "asset": {
        "format": "JPG",
        "id": "b61ffe24b4ddb7f64f39eaf132b6afe2",
        "name": "1X1A9973.JPG",
        "path": "file:D:/MLDrones/matlab/yoloSimulinkDataWTFinal/swindturbinesSameSizes/1X1A9973.JPG",
        "size": {
            "width": 224,
            "height": 224
        },
        "state": 2,
        "type": 1
    },
    "regions": [
        {
            "id": "atR1A0olE",
            "type": "RECTANGLE",
            "tags": [
                "WindTurbine"
            ],
            "boundingBox": {
                "height": 147.62785420112291,
                "width": 177.2033426183844,
                "left": 20.9025069637883,
                "top": 33.63119872366818
            },
            "points": [
                {
                    "x": 20.9025069637883,
                    "y": 33.63119872366818
                },
                {
                    "x": 198.1058495821727,
                    "y": 33.63119872366818
                },
                {
                    "x": 198.1058495821727,
                    "y": 181.2590529247911
                },
                {
                    "x": 20.9025069637883,
                    "y": 181.2590529247911
                }
            ]
        }
    ],
    "version": "2.1.0"
}