{
    "asset": {
        "format": "JPG",
        "id": "b6f3badb7d2acf16bcc96fc16fb261ec",
        "name": "1X1A0007.JPG",
        "path": "file:D:/MLDrones/matlab/yoloSimulinkDataWTFinal/swindturbinesSameSizes/1X1A0007.JPG",
        "size": {
            "width": 224,
            "height": 224
        },
        "state": 2,
        "type": 1
    },
    "regions": [
        {
            "id": "yZ9tkv_TK",
            "type": "RECTANGLE",
            "tags": [
                "WindTurbine"
            ],
            "boundingBox": {
                "height": 157.98552293697773,
                "width": 93.71811346622563,
                "left": 60.46127752872563,
                "top": 31.821727019498606
            },
            "points": [
                {
                    "x": 60.46127752872563,
                    "y": 31.821727019498606
                },
                {
                    "x": 154.17939099495126,
                    "y": 31.821727019498606
                },
                {
                    "x": 154.17939099495126,
                    "y": 189.80724995647634
                },
                {
                    "x": 60.46127752872563,
                    "y": 189.80724995647634
                }
            ]
        }
    ],
    "version": "2.1.0"
}