{
    "asset": {
        "format": "JPG",
        "id": "b77c9538b34e0edeffa28eaaa0fafbe8",
        "name": "1X1A9933.JPG",
        "path": "file:D:/MLDrones/matlab/yoloSimulinkDataWTFinal/swindturbinesSameSizes/1X1A9933.JPG",
        "size": {
            "width": 224,
            "height": 224
        },
        "state": 2,
        "type": 1
    },
    "regions": [
        {
            "id": "WSArGZB8Z",
            "type": "RECTANGLE",
            "tags": [
                "WindTurbine"
            ],
            "boundingBox": {
                "height": 135.14874080562328,
                "width": 112.18719805449165,
                "left": 63.206696661733986,
                "top": 13.602230316417131
            },
            "points": [
                {
                    "x": 63.206696661733986,
                    "y": 13.602230316417131
                },
                {
                    "x": 175.39389471622562,
                    "y": 13.602230316417131
                },
                {
                    "x": 175.39389471622562,
                    "y": 148.7509711220404
                },
                {
                    "x": 63.206696661733986,
                    "y": 148.7509711220404
                }
            ]
        }
    ],
    "version": "2.1.0"
}