{
    "asset": {
        "format": "JPG",
        "id": "b8713458a3e2bf88222c35424a0b151a",
        "name": "1X1A0325.JPG",
        "path": "file:D:/MLDrones/matlab/yoloSimulinkDataWTFinal/swindturbinesSameSizes/1X1A0325.JPG",
        "size": {
            "width": 224,
            "height": 224
        },
        "state": 2,
        "type": 1
    },
    "regions": [
        {
            "id": "wtycLQJhB",
            "type": "RECTANGLE",
            "tags": [
                "WindTurbine"
            ],
            "boundingBox": {
                "height": 37.43732590529248,
                "width": 28.389972144846798,
                "left": 89.84958217270196,
                "top": 119.17548746518106
            },
            "points": [
                {
                    "x": 89.84958217270196,
                    "y": 119.17548746518106
                },
                {
                    "x": 118.23955431754874,
                    "y": 119.17548746518106
                },
                {
                    "x": 118.23955431754874,
                    "y": 156.61281337047353
                },
                {
                    "x": 89.84958217270196,
                    "y": 156.61281337047353
                }
            ]
        }
    ],
    "version": "2.1.0"
}