{
    "asset": {
        "format": "JPG",
        "id": "b8da275f6c4c63fbd3eda6a7ec752d50",
        "name": "1X1A9913.JPG",
        "path": "file:D:/MLDrones/matlab/yoloSimulinkDataWTFinal/swindturbinesSameSizes/1X1A9913.JPG",
        "size": {
            "width": 224,
            "height": 224
        },
        "state": 2,
        "type": 1
    },
    "regions": [
        {
            "id": "1qiTJBw07",
            "type": "RECTANGLE",
            "tags": [
                "WindTurbine"
            ],
            "boundingBox": {
                "height": 95.09080399112118,
                "width": 61.02283360898329,
                "left": 78.68078375261142,
                "top": 69.88300835654596
            },
            "points": [
                {
                    "x": 78.68078375261142,
                    "y": 69.88300835654596
                },
                {
                    "x": 139.70361736159472,
                    "y": 69.88300835654596
                },
                {
                    "x": 139.70361736159472,
                    "y": 164.97381234766715
                },
                {
                    "x": 78.68078375261142,
                    "y": 164.97381234766715
                }
            ]
        }
    ],
    "version": "2.1.0"
}