{
    "asset": {
        "format": "JPG",
        "id": "b8decfa510c7a4385cbbb3c384e93f70",
        "name": "1X1A9892.JPG",
        "path": "file:D:/MLDrones/matlab/yoloSimulinkDataWTFinal/swindturbinesSameSizes/1X1A9892.JPG",
        "size": {
            "width": 224,
            "height": 224
        },
        "state": 2,
        "type": 1
    },
    "regions": [
        {
            "id": "OHJPeG0cq",
            "type": "RECTANGLE",
            "tags": [
                "WindTurbine"
            ],
            "boundingBox": {
                "height": 111.68803180492688,
                "width": 88.35209294481199,
                "left": 65.2033426183844,
                "top": 70.38217460611072
            },
            "points": [
                {
                    "x": 65.2033426183844,
                    "y": 70.38217460611072
                },
                {
                    "x": 153.55543556319637,
                    "y": 70.38217460611072
                },
                {
                    "x": 153.55543556319637,
                    "y": 182.07020641103762
                },
                {
                    "x": 65.2033426183844,
                    "y": 182.07020641103762
                }
            ]
        }
    ],
    "version": "2.1.0"
}