{
    "asset": {
        "format": "JPG",
        "id": "b8e3ca6e1fb7bdbfd5ee2857fbc44f4c",
        "name": "1X1A9845.JPG",
        "path": "file:D:/MLDrones/matlab/yoloSimulinkDataWTFinal/swindturbinesSameSizes/1X1A9845.JPG",
        "size": {
            "width": 224,
            "height": 224
        },
        "state": 2,
        "type": 1
    },
    "regions": [
        {
            "id": "Bz9XXa28v",
            "type": "RECTANGLE",
            "tags": [
                "WindTurbine"
            ],
            "boundingBox": {
                "height": 223.7504168752176,
                "width": 218.1972125805188,
                "left": 5.802787419481198,
                "top": 0.24958312478238162
            },
            "points": [
                {
                    "x": 5.802787419481198,
                    "y": 0.24958312478238162
                },
                {
                    "x": 224,
                    "y": 0.24958312478238162
                },
                {
                    "x": 224,
                    "y": 224
                },
                {
                    "x": 5.802787419481198,
                    "y": 224
                }
            ]
        }
    ],
    "version": "2.1.0"
}