{
    "asset": {
        "format": "JPG",
        "id": "b912411e4e04f80187cecff9e545c37f",
        "name": "1X1A9812.JPG",
        "path": "file:D:/MLDrones/matlab/yoloSimulinkDataWTFinal/swindturbinesSameSizes/1X1A9812.JPG",
        "size": {
            "width": 224,
            "height": 224
        },
        "state": 2,
        "type": 1
    },
    "regions": [
        {
            "id": "FhwPeYuMC",
            "type": "RECTANGLE",
            "tags": [
                "WindTurbine"
            ],
            "boundingBox": {
                "height": 111.43844391974234,
                "width": 81.1142061281337,
                "left": 82.42451634314067,
                "top": 61.52200937935237
            },
            "points": [
                {
                    "x": 82.42451634314067,
                    "y": 61.52200937935237
                },
                {
                    "x": 163.53872247127438,
                    "y": 61.52200937935237
                },
                {
                    "x": 163.53872247127438,
                    "y": 172.96045329909472
                },
                {
                    "x": 82.42451634314067,
                    "y": 172.96045329909472
                }
            ]
        }
    ],
    "version": "2.1.0"
}