{
    "asset": {
        "format": "JPG",
        "id": "b97ddbc814c83b21cdfa5598a9801886",
        "name": "1X1A9814.JPG",
        "path": "file:D:/MLDrones/matlab/yoloSimulinkDataWTFinal/swindturbinesSameSizes/1X1A9814.JPG",
        "size": {
            "width": 224,
            "height": 224
        },
        "state": 2,
        "type": 1
    },
    "regions": [
        {
            "id": "VoqJL0dJJ",
            "type": "RECTANGLE",
            "tags": [
                "WindTurbine"
            ],
            "boundingBox": {
                "height": 103.07744494254875,
                "width": 73.87631931145543,
                "left": 84.67075970577994,
                "top": 54.03454419829387
            },
            "points": [
                {
                    "x": 84.67075970577994,
                    "y": 54.03454419829387
                },
                {
                    "x": 158.54707901723538,
                    "y": 54.03454419829387
                },
                {
                    "x": 158.54707901723538,
                    "y": 157.1119891408426
                },
                {
                    "x": 84.67075970577994,
                    "y": 157.1119891408426
                }
            ]
        }
    ],
    "version": "2.1.0"
}