{
    "asset": {
        "format": "JPG",
        "id": "b9e19e9e33c1a09ba6ea899bc0c22ca2",
        "name": "1X1A0288.JPG",
        "path": "file:D:/MLDrones/matlab/yoloSimulinkDataWTFinal/swindturbinesSameSizes/1X1A0288.JPG",
        "size": {
            "width": 224,
            "height": 224
        },
        "state": 2,
        "type": 1
    },
    "regions": [
        {
            "id": "fTTZ356_D",
            "type": "RECTANGLE",
            "tags": [
                "WindTurbine"
            ],
            "boundingBox": {
                "height": 87.97771587743733,
                "width": 53.03621169916434,
                "left": 71.7548746518106,
                "top": 78.30640668523677
            },
            "points": [
                {
                    "x": 71.7548746518106,
                    "y": 78.30640668523677
                },
                {
                    "x": 124.79108635097494,
                    "y": 78.30640668523677
                },
                {
                    "x": 124.79108635097494,
                    "y": 166.2841225626741
                },
                {
                    "x": 71.7548746518106,
                    "y": 166.2841225626741
                }
            ]
        }
    ],
    "version": "2.1.0"
}