{
    "asset": {
        "format": "JPG",
        "id": "bb103d8554c376e05a90327c9d822670",
        "name": "1X1A9757.JPG",
        "path": "file:D:/MLDrones/matlab/yoloSimulinkDataWTFinal/swindturbinesSameSizes/1X1A9757.JPG",
        "size": {
            "width": 224,
            "height": 224
        },
        "state": 2,
        "type": 1
    },
    "regions": [
        {
            "id": "5fd1R8QzH",
            "type": "RECTANGLE",
            "tags": [
                "WindTurbine"
            ],
            "boundingBox": {
                "height": 183.75487465181058,
                "width": 153.8050139275766,
                "left": 38.68523676880223,
                "top": 39.62116991643454
            },
            "points": [
                {
                    "x": 38.68523676880223,
                    "y": 39.62116991643454
                },
                {
                    "x": 192.49025069637884,
                    "y": 39.62116991643454
                },
                {
                    "x": 192.49025069637884,
                    "y": 223.37604456824513
                },
                {
                    "x": 38.68523676880223,
                    "y": 223.37604456824513
                }
            ]
        }
    ],
    "version": "2.1.0"
}