{
    "asset": {
        "format": "JPG",
        "id": "bb8921f3c113362a33d0d36fca1a8b3b",
        "name": "1X1A0253.JPG",
        "path": "file:D:/MLDrones/matlab/yoloSimulinkDataWTFinal/swindturbinesSameSizes/1X1A0253.JPG",
        "size": {
            "width": 224,
            "height": 224
        },
        "state": 2,
        "type": 1
    },
    "regions": [
        {
            "id": "0NyUQt-AI",
            "type": "RECTANGLE",
            "tags": [
                "WindTurbine"
            ],
            "boundingBox": {
                "height": 182.75654453288215,
                "width": 159.73259052924791,
                "left": 4.67966573816156,
                "top": 26.268525105000872
            },
            "points": [
                {
                    "x": 4.67966573816156,
                    "y": 26.268525105000872
                },
                {
                    "x": 164.41225626740948,
                    "y": 26.268525105000872
                },
                {
                    "x": 164.41225626740948,
                    "y": 209.025069637883
                },
                {
                    "x": 4.67966573816156,
                    "y": 209.025069637883
                }
            ]
        }
    ],
    "version": "2.1.0"
}