{
    "asset": {
        "format": "JPG",
        "id": "bbf7e06027d1c06cda1679b085f6b3ab",
        "name": "1X1A0602.JPG",
        "path": "file:D:/MLDrones/matlab/yoloSimulinkDataWTFinal/swindturbinesSameSizes/1X1A0602.JPG",
        "size": {
            "width": 224,
            "height": 224
        },
        "state": 2,
        "type": 1
    },
    "regions": [
        {
            "id": "JmOUX8Eus",
            "type": "RECTANGLE",
            "tags": [
                "WindTurbine"
            ],
            "boundingBox": {
                "height": 106.38440111420613,
                "width": 70.50696378830084,
                "left": 83.29805013927577,
                "top": 24.334261838440113
            },
            "points": [
                {
                    "x": 83.29805013927577,
                    "y": 24.334261838440113
                },
                {
                    "x": 153.8050139275766,
                    "y": 24.334261838440113
                },
                {
                    "x": 153.8050139275766,
                    "y": 130.71866295264624
                },
                {
                    "x": 83.29805013927577,
                    "y": 130.71866295264624
                }
            ]
        }
    ],
    "version": "2.1.0"
}