{
    "asset": {
        "format": "JPG",
        "id": "bc1bc23a0c3be18d331342b379a8ca48",
        "name": "1X1A9875.JPG",
        "path": "file:D:/MLDrones/matlab/yoloSimulinkDataWTFinal/swindturbinesSameSizes/1X1A9875.JPG",
        "size": {
            "width": 224,
            "height": 224
        },
        "state": 2,
        "type": 1
    },
    "regions": [
        {
            "id": "fHCtI0-uL",
            "type": "RECTANGLE",
            "tags": [
                "WindTurbine"
            ],
            "boundingBox": {
                "height": 100.83120157990948,
                "width": 81.48858319550835,
                "left": 74.06351736594708,
                "top": 105.44846796657382
            },
            "points": [
                {
                    "x": 74.06351736594708,
                    "y": 105.44846796657382
                },
                {
                    "x": 155.55210056145543,
                    "y": 105.44846796657382
                },
                {
                    "x": 155.55210056145543,
                    "y": 206.2796695464833
                },
                {
                    "x": 74.06351736594708,
                    "y": 206.2796695464833
                }
            ]
        }
    ],
    "version": "2.1.0"
}