{
    "asset": {
        "format": "JPG",
        "id": "bc551cc8f237d9341c111f70a53e4fc2",
        "name": "1X1A0821.JPG",
        "path": "file:D:/MLDrones/matlab/yoloSimulinkDataWTFinal/swindturbinesSameSizes/1X1A0821.JPG",
        "size": {
            "width": 224,
            "height": 224
        },
        "state": 2,
        "type": 1
    },
    "regions": [
        {
            "id": "vIairPAJv",
            "type": "RECTANGLE",
            "tags": [
                "WindTurbine"
            ],
            "boundingBox": {
                "height": 132.27855153203342,
                "width": 88.91364902506965,
                "left": 130.09470752089138,
                "top": 37.749303621169915
            },
            "points": [
                {
                    "x": 130.09470752089138,
                    "y": 37.749303621169915
                },
                {
                    "x": 219.00835654596102,
                    "y": 37.749303621169915
                },
                {
                    "x": 219.00835654596102,
                    "y": 170.02785515320335
                },
                {
                    "x": 130.09470752089138,
                    "y": 170.02785515320335
                }
            ]
        }
    ],
    "version": "2.1.0"
}