{
    "asset": {
        "format": "JPG",
        "id": "bc9668cdcb13c100b2cffd7c8befc909",
        "name": "1X1A0358.JPG",
        "path": "file:D:/MLDrones/matlab/yoloSimulinkDataWTFinal/swindturbinesSameSizes/1X1A0358.JPG",
        "size": {
            "width": 224,
            "height": 224
        },
        "state": 2,
        "type": 1
    },
    "regions": [
        {
            "id": "X2dC0TAZ8",
            "type": "RECTANGLE",
            "tags": [
                "WindTurbine"
            ],
            "boundingBox": {
                "height": 58.65181058495822,
                "width": 60.523676880222844,
                "left": 100.76880222841226,
                "top": 117.30362116991644
            },
            "points": [
                {
                    "x": 100.76880222841226,
                    "y": 117.30362116991644
                },
                {
                    "x": 161.2924791086351,
                    "y": 117.30362116991644
                },
                {
                    "x": 161.2924791086351,
                    "y": 175.95543175487467
                },
                {
                    "x": 100.76880222841226,
                    "y": 175.95543175487467
                }
            ]
        }
    ],
    "version": "2.1.0"
}