{
    "asset": {
        "format": "JPG",
        "id": "bccbf12b760e811b0554e0075b72bdd6",
        "name": "1X1A0244.JPG",
        "path": "file:D:/MLDrones/matlab/yoloSimulinkDataWTFinal/swindturbinesSameSizes/1X1A0244.JPG",
        "size": {
            "width": 224,
            "height": 224
        },
        "state": 2,
        "type": 1
    },
    "regions": [
        {
            "id": "QzZ76GZKi",
            "type": "RECTANGLE",
            "tags": [
                "WindTurbine"
            ],
            "boundingBox": {
                "height": 128.84679665738162,
                "width": 168.7175449381964,
                "left": 52.47465561890669,
                "top": 0
            },
            "points": [
                {
                    "x": 52.47465561890669,
                    "y": 0
                },
                {
                    "x": 221.19220055710306,
                    "y": 0
                },
                {
                    "x": 221.19220055710306,
                    "y": 128.84679665738162
                },
                {
                    "x": 52.47465561890669,
                    "y": 128.84679665738162
                }
            ]
        }
    ],
    "version": "2.1.0"
}