{
    "asset": {
        "format": "JPG",
        "id": "bd713fda82c8c019dd8eb7016372c948",
        "name": "1X1A0098.JPG",
        "path": "file:D:/MLDrones/matlab/yoloSimulinkDataWTFinal/swindturbinesSameSizes/1X1A0098.JPG",
        "size": {
            "width": 224,
            "height": 224
        },
        "state": 2,
        "type": 1
    },
    "regions": [
        {
            "id": "IjjwGYW3J",
            "type": "RECTANGLE",
            "tags": [
                "WindTurbine"
            ],
            "boundingBox": {
                "height": 159.42061281337047,
                "width": 147.00388448816156,
                "left": 23.89750446117688,
                "top": 0
            },
            "points": [
                {
                    "x": 23.89750446117688,
                    "y": 0
                },
                {
                    "x": 170.90138894933844,
                    "y": 0
                },
                {
                    "x": 170.90138894933844,
                    "y": 159.42061281337047
                },
                {
                    "x": 23.89750446117688,
                    "y": 159.42061281337047
                }
            ]
        }
    ],
    "version": "2.1.0"
}