{
    "asset": {
        "format": "JPG",
        "id": "bd97bd7684369b92e9d99e2858bda081",
        "name": "1X1A0245.JPG",
        "path": "file:D:/MLDrones/matlab/yoloSimulinkDataWTFinal/swindturbinesSameSizes/1X1A0245.JPG",
        "size": {
            "width": 224,
            "height": 224
        },
        "state": 2,
        "type": 1
    },
    "regions": [
        {
            "id": "KXx4d11qQ",
            "type": "RECTANGLE",
            "tags": [
                "WindTurbine"
            ],
            "boundingBox": {
                "height": 170.3398328690808,
                "width": 174.95709925574513,
                "left": 5.989975953168524,
                "top": 0
            },
            "points": [
                {
                    "x": 5.989975953168524,
                    "y": 0
                },
                {
                    "x": 180.94707520891365,
                    "y": 0
                },
                {
                    "x": 180.94707520891365,
                    "y": 170.3398328690808
                },
                {
                    "x": 5.989975953168524,
                    "y": 170.3398328690808
                }
            ]
        }
    ],
    "version": "2.1.0"
}