{
    "asset": {
        "format": "JPG",
        "id": "bdf6a44a403ee2afcbfbaa0845b143ea",
        "name": "1X1A9780.JPG",
        "path": "file:D:/MLDrones/matlab/yoloSimulinkDataWTFinal/swindturbinesSameSizes/1X1A9780.JPG",
        "size": {
            "width": 224,
            "height": 224
        },
        "state": 2,
        "type": 1
    },
    "regions": [
        {
            "id": "Dar1qmJ3Q",
            "type": "RECTANGLE",
            "tags": [
                "WindTurbine"
            ],
            "boundingBox": {
                "height": 152.24512534818942,
                "width": 105.76044568245126,
                "left": 71.75487465181058,
                "top": 40.86908077994429
            },
            "points": [
                {
                    "x": 71.75487465181058,
                    "y": 40.86908077994429
                },
                {
                    "x": 177.51532033426184,
                    "y": 40.86908077994429
                },
                {
                    "x": 177.51532033426184,
                    "y": 193.1142061281337
                },
                {
                    "x": 71.75487465181058,
                    "y": 193.1142061281337
                }
            ]
        }
    ],
    "version": "2.1.0"
}