{
    "asset": {
        "format": "JPG",
        "id": "bf5c43940294b3fa1a5bea413c106c4f",
        "name": "1X1A9782.JPG",
        "path": "file:D:/MLDrones/matlab/yoloSimulinkDataWTFinal/swindturbinesSameSizes/1X1A9782.JPG",
        "size": {
            "width": 224,
            "height": 224
        },
        "state": 2,
        "type": 1
    },
    "regions": [
        {
            "id": "O8AOt2XMm",
            "type": "RECTANGLE",
            "tags": [
                "WindTurbine"
            ],
            "boundingBox": {
                "height": 181.88300835654596,
                "width": 128.84679665738162,
                "left": 65.51532033426184,
                "top": 29.013927576601674
            },
            "points": [
                {
                    "x": 65.51532033426184,
                    "y": 29.013927576601674
                },
                {
                    "x": 194.36211699164346,
                    "y": 29.013927576601674
                },
                {
                    "x": 194.36211699164346,
                    "y": 210.89693593314763
                },
                {
                    "x": 65.51532033426184,
                    "y": 210.89693593314763
                }
            ]
        }
    ],
    "version": "2.1.0"
}