{
    "asset": {
        "format": "JPG",
        "id": "bff1b646d2225ea90db9e4dd84218954",
        "name": "1X1A0176.JPG",
        "path": "file:D:/MLDrones/matlab/yoloSimulinkDataWTFinal/swindturbinesSameSizes/1X1A0176.JPG",
        "size": {
            "width": 224,
            "height": 224
        },
        "state": 2,
        "type": 1
    },
    "regions": [
        {
            "id": "ELiF_anmw",
            "type": "RECTANGLE",
            "tags": [
                "WindTurbine"
            ],
            "boundingBox": {
                "height": 184.0044553963919,
                "width": 156.4256153159819,
                "left": 27.641237051706128,
                "top": 39.99554460360812
            },
            "points": [
                {
                    "x": 27.641237051706128,
                    "y": 39.99554460360812
                },
                {
                    "x": 184.06685236768803,
                    "y": 39.99554460360812
                },
                {
                    "x": 184.06685236768803,
                    "y": 224
                },
                {
                    "x": 27.641237051706128,
                    "y": 224
                }
            ]
        }
    ],
    "version": "2.1.0"
}