{
    "asset": {
        "format": "JPG",
        "id": "c0275c1ef920b1ff4b2622b20f0e6cf0",
        "name": "1X1A0079.JPG",
        "path": "file:D:/MLDrones/matlab/yoloSimulinkDataWTFinal/swindturbinesSameSizes/1X1A0079.JPG",
        "size": {
            "width": 224,
            "height": 224
        },
        "state": 2,
        "type": 1
    },
    "regions": [
        {
            "id": "NSWywmGzt",
            "type": "RECTANGLE",
            "tags": [
                "WindTurbine"
            ],
            "boundingBox": {
                "height": 163.72590862476062,
                "width": 158.60945932712397,
                "left": 55.09527604892062,
                "top": 0.12479156239119081
            },
            "points": [
                {
                    "x": 55.09527604892062,
                    "y": 0.12479156239119081
                },
                {
                    "x": 213.70473537604457,
                    "y": 0.12479156239119081
                },
                {
                    "x": 213.70473537604457,
                    "y": 163.8507001871518
                },
                {
                    "x": 55.09527604892062,
                    "y": 163.8507001871518
                }
            ]
        }
    ],
    "version": "2.1.0"
}