{
    "asset": {
        "format": "JPG",
        "id": "c14107c91b3f114ce3daf5d9ab436dbd",
        "name": "1X1A0064.JPG",
        "path": "file:D:/MLDrones/matlab/yoloSimulinkDataWTFinal/swindturbinesSameSizes/1X1A0064.JPG",
        "size": {
            "width": 224,
            "height": 224
        },
        "state": 2,
        "type": 1
    },
    "regions": [
        {
            "id": "zjDQ0R3FF",
            "type": "RECTANGLE",
            "tags": [
                "WindTurbine"
            ],
            "boundingBox": {
                "height": 188.68412351475453,
                "width": 154.49136871082868,
                "left": 21.401682734157383,
                "top": 12.603902577689764
            },
            "points": [
                {
                    "x": 21.401682734157383,
                    "y": 12.603902577689764
                },
                {
                    "x": 175.89305144498607,
                    "y": 12.603902577689764
                },
                {
                    "x": 175.89305144498607,
                    "y": 201.28802609244428
                },
                {
                    "x": 21.401682734157383,
                    "y": 201.28802609244428
                }
            ]
        }
    ],
    "version": "2.1.0"
}