{
    "asset": {
        "format": "JPG",
        "id": "c162786981eb864a3710db032b162df4",
        "name": "1X1A0312.JPG",
        "path": "file:D:/MLDrones/matlab/yoloSimulinkDataWTFinal/swindturbinesSameSizes/1X1A0312.JPG",
        "size": {
            "width": 224,
            "height": 224
        },
        "state": 2,
        "type": 1
    },
    "regions": [
        {
            "id": "TnI4Zrt5F",
            "type": "RECTANGLE",
            "tags": [
                "WindTurbine"
            ],
            "boundingBox": {
                "height": 33.069637883008355,
                "width": 28.389972144846798,
                "left": 88.28969359331477,
                "top": 143.8217270194986
            },
            "points": [
                {
                    "x": 88.28969359331477,
                    "y": 143.8217270194986
                },
                {
                    "x": 116.67966573816156,
                    "y": 143.8217270194986
                },
                {
                    "x": 116.67966573816156,
                    "y": 176.89136490250698
                },
                {
                    "x": 88.28969359331477,
                    "y": 176.89136490250698
                }
            ]
        }
    ],
    "version": "2.1.0"
}