{
    "asset": {
        "format": "JPG",
        "id": "c3ba52392aaa0ccff635beab6bd49401",
        "name": "1X1A9934.JPG",
        "path": "file:D:/MLDrones/matlab/yoloSimulinkDataWTFinal/swindturbinesSameSizes/1X1A9934.JPG",
        "size": {
            "width": 224,
            "height": 224
        },
        "state": 2,
        "type": 1
    },
    "regions": [
        {
            "id": "1e9nRwYL_",
            "type": "RECTANGLE",
            "tags": [
                "WindTurbine"
            ],
            "boundingBox": {
                "height": 150.37326143312586,
                "width": 128.41002023850976,
                "left": 55.34485441330084,
                "top": 7.237884436477194
            },
            "points": [
                {
                    "x": 55.34485441330084,
                    "y": 7.237884436477194
                },
                {
                    "x": 183.75487465181058,
                    "y": 7.237884436477194
                },
                {
                    "x": 183.75487465181058,
                    "y": 157.61114586960306
                },
                {
                    "x": 55.34485441330084,
                    "y": 157.61114586960306
                }
            ]
        }
    ],
    "version": "2.1.0"
}