{
    "asset": {
        "format": "JPG",
        "id": "c45cf7eaff0bcbe7b2485229db95ba34",
        "name": "1X1A0234.JPG",
        "path": "file:D:/MLDrones/matlab/yoloSimulinkDataWTFinal/swindturbinesSameSizes/1X1A0234.JPG",
        "size": {
            "width": 224,
            "height": 224
        },
        "state": 2,
        "type": 1
    },
    "regions": [
        {
            "id": "7G1lEiZeB",
            "type": "RECTANGLE",
            "tags": [
                "WindTurbine"
            ],
            "boundingBox": {
                "height": 191.86629526462397,
                "width": 156.73759303185935,
                "left": 0,
                "top": 32.13370473537604
            },
            "points": [
                {
                    "x": 0,
                    "y": 32.13370473537604
                },
                {
                    "x": 156.73759303185935,
                    "y": 32.13370473537604
                },
                {
                    "x": 156.73759303185935,
                    "y": 224
                },
                {
                    "x": 0,
                    "y": 224
                }
            ]
        }
    ],
    "version": "2.1.0"
}