{
    "asset": {
        "format": "JPG",
        "id": "c491990fd74d89e4a1755cfae8304521",
        "name": "1X1A0077.JPG",
        "path": "file:D:/MLDrones/matlab/yoloSimulinkDataWTFinal/swindturbinesSameSizes/1X1A0077.JPG",
        "size": {
            "width": 224,
            "height": 224
        },
        "state": 2,
        "type": 1
    },
    "regions": [
        {
            "id": "2KDtGZ_lE",
            "type": "RECTANGLE",
            "tags": [
                "WindTurbine"
            ],
            "boundingBox": {
                "height": 162.47799776125086,
                "width": 155.4897012099582,
                "left": 0.31197771587743733,
                "top": 0.12479156239119081
            },
            "points": [
                {
                    "x": 0.31197771587743733,
                    "y": 0.12479156239119081
                },
                {
                    "x": 155.80167892583566,
                    "y": 0.12479156239119081
                },
                {
                    "x": 155.80167892583566,
                    "y": 162.60278932364207
                },
                {
                    "x": 0.31197771587743733,
                    "y": 162.60278932364207
                }
            ]
        }
    ],
    "version": "2.1.0"
}