{
    "asset": {
        "format": "JPG",
        "id": "c5d133bfbe3362fde13fa1378915f5c3",
        "name": "1X1A0062.JPG",
        "path": "file:D:/MLDrones/matlab/yoloSimulinkDataWTFinal/swindturbinesSameSizes/1X1A0062.JPG",
        "size": {
            "width": 224,
            "height": 224
        },
        "state": 2,
        "type": 1
    },
    "regions": [
        {
            "id": "Otj2qPNAz",
            "type": "RECTANGLE",
            "tags": [
                "WindTurbine"
            ],
            "boundingBox": {
                "height": 189.93204151886752,
                "width": 152.24514438979804,
                "left": 44.23843630309889,
                "top": 10.482450777441679
            },
            "points": [
                {
                    "x": 44.23843630309889,
                    "y": 10.482450777441679
                },
                {
                    "x": 196.48358069289694,
                    "y": 10.482450777441679
                },
                {
                    "x": 196.48358069289694,
                    "y": 200.4144922963092
                },
                {
                    "x": 44.23843630309889,
                    "y": 200.4144922963092
                }
            ]
        }
    ],
    "version": "2.1.0"
}