{
    "asset": {
        "format": "JPG",
        "id": "c624fef01da6dda17ba7f7b737bf7929",
        "name": "1X1A9906.JPG",
        "path": "file:D:/MLDrones/matlab/yoloSimulinkDataWTFinal/swindturbinesSameSizes/1X1A9906.JPG",
        "size": {
            "width": 224,
            "height": 224
        },
        "state": 2,
        "type": 1
    },
    "regions": [
        {
            "id": "bAjkL_fxr",
            "type": "RECTANGLE",
            "tags": [
                "WindTurbine"
            ],
            "boundingBox": {
                "height": 87.47854962787257,
                "width": 59.77494178708218,
                "left": 83.54762850365599,
                "top": 59.52535390189763
            },
            "points": [
                {
                    "x": 83.54762850365599,
                    "y": 59.52535390189763
                },
                {
                    "x": 143.32257029073816,
                    "y": 59.52535390189763
                },
                {
                    "x": 143.32257029073816,
                    "y": 147.0039035297702
                },
                {
                    "x": 83.54762850365599,
                    "y": 147.0039035297702
                }
            ]
        }
    ],
    "version": "2.1.0"
}