{
    "asset": {
        "format": "JPG",
        "id": "c63776987d6e3869aa003959f17c93c3",
        "name": "1X1A9835.JPG",
        "path": "file:D:/MLDrones/matlab/yoloSimulinkDataWTFinal/swindturbinesSameSizes/1X1A9835.JPG",
        "size": {
            "width": 224,
            "height": 224
        },
        "state": 2,
        "type": 1
    },
    "regions": [
        {
            "id": "q2XNhWUnb",
            "type": "RECTANGLE",
            "tags": [
                "WindTurbine"
            ],
            "boundingBox": {
                "height": 99.33370521141626,
                "width": 98.70973787865599,
                "left": 61.33483036646936,
                "top": 0.49916386936368384
            },
            "points": [
                {
                    "x": 61.33483036646936,
                    "y": 0.49916386936368384
                },
                {
                    "x": 160.04456824512536,
                    "y": 0.49916386936368384
                },
                {
                    "x": 160.04456824512536,
                    "y": 99.83286908077994
                },
                {
                    "x": 61.33483036646936,
                    "y": 99.83286908077994
                }
            ]
        }
    ],
    "version": "2.1.0"
}