{
    "asset": {
        "format": "JPG",
        "id": "c6a2e4bde2f7f31780bbbdafaa037df9",
        "name": "1X1A0009.JPG",
        "path": "file:D:/MLDrones/matlab/yoloSimulinkDataWTFinal/swindturbinesSameSizes/1X1A0009.JPG",
        "size": {
            "width": 224,
            "height": 224
        },
        "state": 2,
        "type": 1
    },
    "regions": [
        {
            "id": "s_TEUhXh7",
            "type": "RECTANGLE",
            "tags": [
                "WindTurbine"
            ],
            "boundingBox": {
                "height": 153.86741327907382,
                "width": 113.80948598537604,
                "left": 62.83231959435933,
                "top": 0
            },
            "points": [
                {
                    "x": 62.83231959435933,
                    "y": 0
                },
                {
                    "x": 176.64180557973538,
                    "y": 0
                },
                {
                    "x": 176.64180557973538,
                    "y": 153.86741327907382
                },
                {
                    "x": 62.83231959435933,
                    "y": 153.86741327907382
                }
            ]
        }
    ],
    "version": "2.1.0"
}