{
    "asset": {
        "format": "JPG",
        "id": "c6b9ad5c1dc042b7b60e49cfeabe0cb8",
        "name": "1X1A9876.JPG",
        "path": "file:D:/MLDrones/matlab/yoloSimulinkDataWTFinal/swindturbinesSameSizes/1X1A9876.JPG",
        "size": {
            "width": 224,
            "height": 224
        },
        "state": 2,
        "type": 1
    },
    "regions": [
        {
            "id": "b1OSnPdaC",
            "type": "RECTANGLE",
            "tags": [
                "WindTurbine"
            ],
            "boundingBox": {
                "height": 110.4401018998085,
                "width": 68.75987715442201,
                "left": 78.4312053882312,
                "top": 98.83454610245474
            },
            "points": [
                {
                    "x": 78.4312053882312,
                    "y": 98.83454610245474
                },
                {
                    "x": 147.19108254265322,
                    "y": 98.83454610245474
                },
                {
                    "x": 147.19108254265322,
                    "y": 209.27464800226323
                },
                {
                    "x": 78.4312053882312,
                    "y": 209.27464800226323
                }
            ]
        }
    ],
    "version": "2.1.0"
}