{
    "asset": {
        "format": "JPG",
        "id": "c7aa28a4e628ed85b3bd84f9c98a02e0",
        "name": "1X1A0221.JPG",
        "path": "file:D:/MLDrones/matlab/yoloSimulinkDataWTFinal/swindturbinesSameSizes/1X1A0221.JPG",
        "size": {
            "width": 224,
            "height": 224
        },
        "state": 2,
        "type": 1
    },
    "regions": [
        {
            "id": "uipv9Jpx4",
            "type": "RECTANGLE",
            "tags": [
                "WindTurbine"
            ],
            "boundingBox": {
                "height": 128.22284122562675,
                "width": 146.3175487465181,
                "left": 0,
                "top": 0
            },
            "points": [
                {
                    "x": 0,
                    "y": 0
                },
                {
                    "x": 146.3175487465181,
                    "y": 0
                },
                {
                    "x": 146.3175487465181,
                    "y": 128.22284122562675
                },
                {
                    "x": 0,
                    "y": 128.22284122562675
                }
            ]
        }
    ],
    "version": "2.1.0"
}