{
    "asset": {
        "format": "JPG",
        "id": "c7b2f365fc646d2b00fa8db0363c5018",
        "name": "1X1A9916.JPG",
        "path": "file:D:/MLDrones/matlab/yoloSimulinkDataWTFinal/swindturbinesSameSizes/1X1A9916.JPG",
        "size": {
            "width": 224,
            "height": 224
        },
        "state": 2,
        "type": 1
    },
    "regions": [
        {
            "id": "QEMQ-dQWp",
            "type": "RECTANGLE",
            "tags": [
                "WindTurbine"
            ],
            "boundingBox": {
                "height": 102.45348951079387,
                "width": 75.12423017496518,
                "left": 67.44958598102367,
                "top": 64.64178653812674
            },
            "points": [
                {
                    "x": 67.44958598102367,
                    "y": 64.64178653812674
                },
                {
                    "x": 142.57381615598885,
                    "y": 64.64178653812674
                },
                {
                    "x": 142.57381615598885,
                    "y": 167.09527604892062
                },
                {
                    "x": 67.44958598102367,
                    "y": 167.09527604892062
                }
            ]
        }
    ],
    "version": "2.1.0"
}