{
    "asset": {
        "format": "JPG",
        "id": "c8d14f62c9ff125cae421b0afb3ee389",
        "name": "1X1A9836.JPG",
        "path": "file:D:/MLDrones/matlab/yoloSimulinkDataWTFinal/swindturbinesSameSizes/1X1A9836.JPG",
        "size": {
            "width": 224,
            "height": 224
        },
        "state": 2,
        "type": 1
    },
    "regions": [
        {
            "id": "HX8dzA71Y",
            "type": "RECTANGLE",
            "tags": [
                "WindTurbine"
            ],
            "boundingBox": {
                "height": 116.4300921341835,
                "width": 93.84289312761142,
                "left": 64.57938718662953,
                "top": 42.80334166630397
            },
            "points": [
                {
                    "x": 64.57938718662953,
                    "y": 42.80334166630397
                },
                {
                    "x": 158.42228031424096,
                    "y": 42.80334166630397
                },
                {
                    "x": 158.42228031424096,
                    "y": 159.23343380048746
                },
                {
                    "x": 64.57938718662953,
                    "y": 159.23343380048746
                }
            ]
        }
    ],
    "version": "2.1.0"
}