{
    "asset": {
        "format": "JPG",
        "id": "c9f9b4a9c847ca2c14d080fdad1fe36b",
        "name": "1X1A0107.JPG",
        "path": "file:D:/MLDrones/matlab/yoloSimulinkDataWTFinal/swindturbinesSameSizes/1X1A0107.JPG",
        "size": {
            "width": 224,
            "height": 224
        },
        "state": 2,
        "type": 1
    },
    "regions": [
        {
            "id": "qRZ19ynZs",
            "type": "RECTANGLE",
            "tags": [
                "WindTurbine"
            ],
            "boundingBox": {
                "height": 158.17270194986074,
                "width": 147.00388448816156,
                "left": 23.89750446117688,
                "top": 65.82729805013928
            },
            "points": [
                {
                    "x": 23.89750446117688,
                    "y": 65.82729805013928
                },
                {
                    "x": 170.90138894933844,
                    "y": 65.82729805013928
                },
                {
                    "x": 170.90138894933844,
                    "y": 224
                },
                {
                    "x": 23.89750446117688,
                    "y": 224
                }
            ]
        }
    ],
    "version": "2.1.0"
}