{
    "asset": {
        "format": "JPG",
        "id": "c9fcf2b19c43dce18726d47c746f12d9",
        "name": "1X1A0033.JPG",
        "path": "file:D:/MLDrones/matlab/yoloSimulinkDataWTFinal/swindturbinesSameSizes/1X1A0033.JPG",
        "size": {
            "width": 224,
            "height": 224
        },
        "state": 2,
        "type": 1
    },
    "regions": [
        {
            "id": "2vOkpFe0Q",
            "type": "RECTANGLE",
            "tags": [
                "WindTurbine"
            ],
            "boundingBox": {
                "height": 159.98217841443247,
                "width": 140.63956003003133,
                "left": 9.296941645630223,
                "top": 63.768243221187326
            },
            "points": [
                {
                    "x": 9.296941645630223,
                    "y": 63.768243221187326
                },
                {
                    "x": 149.93650167566156,
                    "y": 63.768243221187326
                },
                {
                    "x": 149.93650167566156,
                    "y": 223.75042163561977
                },
                {
                    "x": 9.296941645630223,
                    "y": 223.75042163561977
                }
            ]
        }
    ],
    "version": "2.1.0"
}