{
    "asset": {
        "format": "JPG",
        "id": "ca0755b463b27c27057f170ad3aa5697",
        "name": "1X1A0819.JPG",
        "path": "file:D:/MLDrones/matlab/yoloSimulinkDataWTFinal/swindturbinesSameSizes/1X1A0819.JPG",
        "size": {
            "width": 224,
            "height": 224
        },
        "state": 2,
        "type": 1
    },
    "regions": [
        {
            "id": "OoN1GT2zK",
            "type": "RECTANGLE",
            "tags": [
                "WindTurbine"
            ],
            "boundingBox": {
                "height": 165.03621169916434,
                "width": 108.25626740947075,
                "left": 55.22005571030641,
                "top": 12.167130919220057
            },
            "points": [
                {
                    "x": 55.22005571030641,
                    "y": 12.167130919220057
                },
                {
                    "x": 163.47632311977716,
                    "y": 12.167130919220057
                },
                {
                    "x": 163.47632311977716,
                    "y": 177.2033426183844
                },
                {
                    "x": 55.22005571030641,
                    "y": 177.2033426183844
                }
            ]
        }
    ],
    "version": "2.1.0"
}