{
    "asset": {
        "format": "JPG",
        "id": "ca388d5110326925599a4ce6490ae4fc",
        "name": "1X1A9932.JPG",
        "path": "file:D:/MLDrones/matlab/yoloSimulinkDataWTFinal/swindturbinesSameSizes/1X1A9932.JPG",
        "size": {
            "width": 224,
            "height": 224
        },
        "state": 2,
        "type": 1
    },
    "regions": [
        {
            "id": "TxmYKkRHq",
            "type": "RECTANGLE",
            "tags": [
                "WindTurbine"
            ],
            "boundingBox": {
                "height": 119.17549222558323,
                "width": 103.95097873868384,
                "left": 68.572698141539,
                "top": 26.95487750805188
            },
            "points": [
                {
                    "x": 68.572698141539,
                    "y": 26.95487750805188
                },
                {
                    "x": 172.52367688022284,
                    "y": 26.95487750805188
                },
                {
                    "x": 172.52367688022284,
                    "y": 146.1303697336351
                },
                {
                    "x": 68.572698141539,
                    "y": 146.1303697336351
                }
            ]
        }
    ],
    "version": "2.1.0"
}