{
    "asset": {
        "format": "JPG",
        "id": "ca86839a5ca0a86d335059453ae5c36e",
        "name": "1X1A0376.JPG",
        "path": "file:D:/MLDrones/matlab/yoloSimulinkDataWTFinal/swindturbinesSameSizes/1X1A0376.JPG",
        "size": {
            "width": 224,
            "height": 224
        },
        "state": 2,
        "type": 1
    },
    "regions": [
        {
            "id": "8XKa3xpiB",
            "type": "RECTANGLE",
            "tags": [
                "WindTurbine"
            ],
            "boundingBox": {
                "height": 78.93036211699165,
                "width": 58.33983286908078,
                "left": 103.26462395543176,
                "top": 91.0974930362117
            },
            "points": [
                {
                    "x": 103.26462395543176,
                    "y": 91.0974930362117
                },
                {
                    "x": 161.60445682451254,
                    "y": 91.0974930362117
                },
                {
                    "x": 161.60445682451254,
                    "y": 170.02785515320335
                },
                {
                    "x": 103.26462395543176,
                    "y": 170.02785515320335
                }
            ]
        }
    ],
    "version": "2.1.0"
}