{
    "asset": {
        "format": "JPG",
        "id": "ca91f32709e2194a9fe7c24598948d70",
        "name": "1X1A9926.JPG",
        "path": "file:D:/MLDrones/matlab/yoloSimulinkDataWTFinal/swindturbinesSameSizes/1X1A9926.JPG",
        "size": {
            "width": 224,
            "height": 224
        },
        "state": 2,
        "type": 1
    },
    "regions": [
        {
            "id": "ixOtc8-Q4",
            "type": "RECTANGLE",
            "tags": [
                "WindTurbine"
            ],
            "boundingBox": {
                "height": 106.69637883008357,
                "width": 91.471889145195,
                "left": 86.41782729805014,
                "top": 117.30362116991644
            },
            "points": [
                {
                    "x": 86.41782729805014,
                    "y": 117.30362116991644
                },
                {
                    "x": 177.88971644324513,
                    "y": 117.30362116991644
                },
                {
                    "x": 177.88971644324513,
                    "y": 224
                },
                {
                    "x": 86.41782729805014,
                    "y": 224
                }
            ]
        }
    ],
    "version": "2.1.0"
}