{
    "asset": {
        "format": "JPG",
        "id": "caaa8682fd573a08bbd7ea9b4e467c83",
        "name": "1X1A0303.JPG",
        "path": "file:D:/MLDrones/matlab/yoloSimulinkDataWTFinal/swindturbinesSameSizes/1X1A0303.JPG",
        "size": {
            "width": 224,
            "height": 224
        },
        "state": 2,
        "type": 1
    },
    "regions": [
        {
            "id": "h0RuzjA5x",
            "type": "RECTANGLE",
            "tags": [
                "WindTurbine"
            ],
            "boundingBox": {
                "height": 61.459610027855156,
                "width": 50.54038997214485,
                "left": 86.10584958217271,
                "top": 80.17827298050139
            },
            "points": [
                {
                    "x": 86.10584958217271,
                    "y": 80.17827298050139
                },
                {
                    "x": 136.64623955431756,
                    "y": 80.17827298050139
                },
                {
                    "x": 136.64623955431756,
                    "y": 141.63788300835654
                },
                {
                    "x": 86.10584958217271,
                    "y": 141.63788300835654
                }
            ]
        }
    ],
    "version": "2.1.0"
}