{
    "asset": {
        "format": "JPG",
        "id": "cac5884cc2c92ccd050418cbe781af16",
        "name": "1X1A0375.JPG",
        "path": "file:D:/MLDrones/matlab/yoloSimulinkDataWTFinal/swindturbinesSameSizes/1X1A0375.JPG",
        "size": {
            "width": 224,
            "height": 224
        },
        "state": 2,
        "type": 1
    },
    "regions": [
        {
            "id": "KqE1dVttq",
            "type": "RECTANGLE",
            "tags": [
                "WindTurbine"
            ],
            "boundingBox": {
                "height": 68.01114206128133,
                "width": 58.33983286908078,
                "left": 94.52924791086352,
                "top": 64.89136490250696
            },
            "points": [
                {
                    "x": 94.52924791086352,
                    "y": 64.89136490250696
                },
                {
                    "x": 152.8690807799443,
                    "y": 64.89136490250696
                },
                {
                    "x": 152.8690807799443,
                    "y": 132.9025069637883
                },
                {
                    "x": 94.52924791086352,
                    "y": 132.9025069637883
                }
            ]
        }
    ],
    "version": "2.1.0"
}