{
    "asset": {
        "format": "JPG",
        "id": "cad1fd0fa14a2b03e516d7b95d853cad",
        "name": "1X1A0256.JPG",
        "path": "file:D:/MLDrones/matlab/yoloSimulinkDataWTFinal/swindturbinesSameSizes/1X1A0256.JPG",
        "size": {
            "width": 224,
            "height": 224
        },
        "state": 2,
        "type": 1
    },
    "regions": [
        {
            "id": "M9dSeVL_-",
            "type": "RECTANGLE",
            "tags": [
                "WindTurbine"
            ],
            "boundingBox": {
                "height": 174.08356545961004,
                "width": 166.90807799442896,
                "left": 0,
                "top": 49.91643454038997
            },
            "points": [
                {
                    "x": 0,
                    "y": 49.91643454038997
                },
                {
                    "x": 166.90807799442896,
                    "y": 49.91643454038997
                },
                {
                    "x": 166.90807799442896,
                    "y": 224
                },
                {
                    "x": 0,
                    "y": 224
                }
            ]
        }
    ],
    "version": "2.1.0"
}