{
    "asset": {
        "format": "JPG",
        "id": "cb6f846ca7d85ede17e5d91688af478e",
        "name": "1X1A0248.JPG",
        "path": "file:D:/MLDrones/matlab/yoloSimulinkDataWTFinal/swindturbinesSameSizes/1X1A0248.JPG",
        "size": {
            "width": 224,
            "height": 224
        },
        "state": 2,
        "type": 1
    },
    "regions": [
        {
            "id": "3qBNaq0GO",
            "type": "RECTANGLE",
            "tags": [
                "WindTurbine"
            ],
            "boundingBox": {
                "height": 178.07687879472059,
                "width": 156.2384363030989,
                "left": 38.12368068854457,
                "top": 45.92312120527942
            },
            "points": [
                {
                    "x": 38.12368068854457,
                    "y": 45.92312120527942
                },
                {
                    "x": 194.36211699164346,
                    "y": 45.92312120527942
                },
                {
                    "x": 194.36211699164346,
                    "y": 224
                },
                {
                    "x": 38.12368068854457,
                    "y": 224
                }
            ]
        }
    ],
    "version": "2.1.0"
}