{
    "asset": {
        "format": "JPG",
        "id": "cba8502c463a8aa2966eb56ef83b46db",
        "name": "1X1A0147.JPG",
        "path": "file:D:/MLDrones/matlab/yoloSimulinkDataWTFinal/swindturbinesSameSizes/1X1A0147.JPG",
        "size": {
            "width": 224,
            "height": 224
        },
        "state": 2,
        "type": 1
    },
    "regions": [
        {
            "id": "Or0-glbsn",
            "type": "RECTANGLE",
            "tags": [
                "WindTurbine"
            ],
            "boundingBox": {
                "height": 203.347073780793,
                "width": 154.4289693593315,
                "left": 0,
                "top": 20.652926219207
            },
            "points": [
                {
                    "x": 0,
                    "y": 20.652926219207
                },
                {
                    "x": 154.4289693593315,
                    "y": 20.652926219207
                },
                {
                    "x": 154.4289693593315,
                    "y": 224
                },
                {
                    "x": 0,
                    "y": 224
                }
            ]
        }
    ],
    "version": "2.1.0"
}