{
    "asset": {
        "format": "JPG",
        "id": "ccb933b37caf762a52d4e6ffd1c61935",
        "name": "1X1A0347.JPG",
        "path": "file:D:/MLDrones/matlab/yoloSimulinkDataWTFinal/swindturbinesSameSizes/1X1A0347.JPG",
        "size": {
            "width": 224,
            "height": 224
        },
        "state": 2,
        "type": 1
    },
    "regions": [
        {
            "id": "JccK8GVcH",
            "type": "RECTANGLE",
            "tags": [
                "WindTurbine"
            ],
            "boundingBox": {
                "height": 64.26740947075209,
                "width": 43.98885793871867,
                "left": 98.89693593314763,
                "top": 80.80222841225627
            },
            "points": [
                {
                    "x": 98.89693593314763,
                    "y": 80.80222841225627
                },
                {
                    "x": 142.8857938718663,
                    "y": 80.80222841225627
                },
                {
                    "x": 142.8857938718663,
                    "y": 145.06963788300837
                },
                {
                    "x": 98.89693593314763,
                    "y": 145.06963788300837
                }
            ]
        }
    ],
    "version": "2.1.0"
}