{
    "asset": {
        "format": "JPG",
        "id": "cce97befbc17bff482d0cdbf1c572a3d",
        "name": "1X1A0378.JPG",
        "path": "file:D:/MLDrones/matlab/yoloSimulinkDataWTFinal/swindturbinesSameSizes/1X1A0378.JPG",
        "size": {
            "width": 224,
            "height": 224
        },
        "state": 2,
        "type": 1
    },
    "regions": [
        {
            "id": "BN4Kpkk4L",
            "type": "RECTANGLE",
            "tags": [
                "WindTurbine"
            ],
            "boundingBox": {
                "height": 119.4874651810585,
                "width": 74.25069637883009,
                "left": 56.15598885793872,
                "top": 102.64066852367688
            },
            "points": [
                {
                    "x": 56.15598885793872,
                    "y": 102.64066852367688
                },
                {
                    "x": 130.4066852367688,
                    "y": 102.64066852367688
                },
                {
                    "x": 130.4066852367688,
                    "y": 222.12813370473538
                },
                {
                    "x": 56.15598885793872,
                    "y": 222.12813370473538
                }
            ]
        }
    ],
    "version": "2.1.0"
}