{
    "asset": {
        "format": "JPG",
        "id": "cd0e4f839ebb20f882671e50bc58b988",
        "name": "1X1A0122.JPG",
        "path": "file:D:/MLDrones/matlab/yoloSimulinkDataWTFinal/swindturbinesSameSizes/1X1A0122.JPG",
        "size": {
            "width": 224,
            "height": 224
        },
        "state": 2,
        "type": 1
    },
    "regions": [
        {
            "id": "ARjtXgcQl",
            "type": "RECTANGLE",
            "tags": [
                "WindTurbine"
            ],
            "boundingBox": {
                "height": 177.45292336296572,
                "width": 153.9297935889624,
                "left": 21.401682734157383,
                "top": 26.268525105000872
            },
            "points": [
                {
                    "x": 21.401682734157383,
                    "y": 26.268525105000872
                },
                {
                    "x": 175.33147632311977,
                    "y": 26.268525105000872
                },
                {
                    "x": 175.33147632311977,
                    "y": 203.72144846796658
                },
                {
                    "x": 21.401682734157383,
                    "y": 203.72144846796658
                }
            ]
        }
    ],
    "version": "2.1.0"
}