{
    "asset": {
        "format": "JPG",
        "id": "cd372a932486889df8b81ce668dd41a4",
        "name": "1X1A0015.JPG",
        "path": "file:D:/MLDrones/matlab/yoloSimulinkDataWTFinal/swindturbinesSameSizes/1X1A0015.JPG",
        "size": {
            "width": 224,
            "height": 224
        },
        "state": 2,
        "type": 1
    },
    "regions": [
        {
            "id": "Msvyl_V8o",
            "type": "RECTANGLE",
            "tags": [
                "WindTurbine"
            ],
            "boundingBox": {
                "height": 200.91364902506965,
                "width": 151.74596861942896,
                "left": 30.38663714310585,
                "top": 6.2395543175487465
            },
            "points": [
                {
                    "x": 30.38663714310585,
                    "y": 6.2395543175487465
                },
                {
                    "x": 182.13260576253484,
                    "y": 6.2395543175487465
                },
                {
                    "x": 182.13260576253484,
                    "y": 207.15320334261838
                },
                {
                    "x": 30.38663714310585,
                    "y": 207.15320334261838
                }
            ]
        }
    ],
    "version": "2.1.0"
}