{
    "asset": {
        "format": "JPG",
        "id": "cda3e42bc27c2160baf3168219bd0402",
        "name": "1X1A9938.JPG",
        "path": "file:D:/MLDrones/matlab/yoloSimulinkDataWTFinal/swindturbinesSameSizes/1X1A9938.JPG",
        "size": {
            "width": 224,
            "height": 224
        },
        "state": 2,
        "type": 1
    },
    "regions": [
        {
            "id": "gw-U-MmKt",
            "type": "RECTANGLE",
            "tags": [
                "WindTurbine"
            ],
            "boundingBox": {
                "height": 159.233419519281,
                "width": 137.0206166216922,
                "left": 50.602789323642064,
                "top": 28.20278837156163
            },
            "points": [
                {
                    "x": 50.602789323642064,
                    "y": 28.20278837156163
                },
                {
                    "x": 187.62340594533427,
                    "y": 28.20278837156163
                },
                {
                    "x": 187.62340594533427,
                    "y": 187.4362078908426
                },
                {
                    "x": 50.602789323642064,
                    "y": 187.4362078908426
                }
            ]
        }
    ],
    "version": "2.1.0"
}