{
    "asset": {
        "format": "JPG",
        "id": "cdec9ffb37c7dfefd135f4f54beab123",
        "name": "1X1A0290.JPG",
        "path": "file:D:/MLDrones/matlab/yoloSimulinkDataWTFinal/swindturbinesSameSizes/1X1A0290.JPG",
        "size": {
            "width": 224,
            "height": 224
        },
        "state": 2,
        "type": 1
    },
    "regions": [
        {
            "id": "VPao8wG1D",
            "type": "RECTANGLE",
            "tags": [
                "WindTurbine"
            ],
            "boundingBox": {
                "height": 109.19220055710306,
                "width": 73.93871866295265,
                "left": 62.7075208913649,
                "top": 65.82729805013928
            },
            "points": [
                {
                    "x": 62.7075208913649,
                    "y": 65.82729805013928
                },
                {
                    "x": 136.64623955431756,
                    "y": 65.82729805013928
                },
                {
                    "x": 136.64623955431756,
                    "y": 175.01949860724235
                },
                {
                    "x": 62.7075208913649,
                    "y": 175.01949860724235
                }
            ]
        }
    ],
    "version": "2.1.0"
}