{
    "asset": {
        "format": "JPG",
        "id": "cdf6677ca0a0c027368eaf5c9b0a3e5a",
        "name": "1X1A0177.JPG",
        "path": "file:D:/MLDrones/matlab/yoloSimulinkDataWTFinal/swindturbinesSameSizes/1X1A0177.JPG",
        "size": {
            "width": 224,
            "height": 224
        },
        "state": 2,
        "type": 1
    },
    "regions": [
        {
            "id": "RKrK06z_p",
            "type": "RECTANGLE",
            "tags": [
                "WindTurbine"
            ],
            "boundingBox": {
                "height": 192.73983144096013,
                "width": 167.53203342618386,
                "left": 14.662952646239555,
                "top": 6.301951288844882
            },
            "points": [
                {
                    "x": 14.662952646239555,
                    "y": 6.301951288844882
                },
                {
                    "x": 182.1949860724234,
                    "y": 6.301951288844882
                },
                {
                    "x": 182.1949860724234,
                    "y": 199.04178272980502
                },
                {
                    "x": 14.662952646239555,
                    "y": 199.04178272980502
                }
            ]
        }
    ],
    "version": "2.1.0"
}