{
    "asset": {
        "format": "JPG",
        "id": "ce00e41b0a63d5e9b8d2254ab09acdf0",
        "name": "1X1A0238.JPG",
        "path": "file:D:/MLDrones/matlab/yoloSimulinkDataWTFinal/swindturbinesSameSizes/1X1A0238.JPG",
        "size": {
            "width": 224,
            "height": 224
        },
        "state": 2,
        "type": 1
    },
    "regions": [
        {
            "id": "pLcRD60kg",
            "type": "RECTANGLE",
            "tags": [
                "WindTurbine"
            ],
            "boundingBox": {
                "height": 152.1827283768933,
                "width": 129.15877437325906,
                "left": 0,
                "top": 71.8172716231067
            },
            "points": [
                {
                    "x": 0,
                    "y": 71.8172716231067
                },
                {
                    "x": 129.15877437325906,
                    "y": 71.8172716231067
                },
                {
                    "x": 129.15877437325906,
                    "y": 224
                },
                {
                    "x": 0,
                    "y": 224
                }
            ]
        }
    ],
    "version": "2.1.0"
}