{
    "asset": {
        "format": "JPG",
        "id": "ce5ea63ca8a256112a0a1dc1fac8a4dc",
        "name": "1X1A0081.JPG",
        "path": "file:D:/MLDrones/matlab/yoloSimulinkDataWTFinal/swindturbinesSameSizes/1X1A0081.JPG",
        "size": {
            "width": 224,
            "height": 224
        },
        "state": 2,
        "type": 1
    },
    "regions": [
        {
            "id": "-0_F8j-cd",
            "type": "RECTANGLE",
            "tags": [
                "WindTurbine"
            ],
            "boundingBox": {
                "height": 198.41783681885445,
                "width": 128.90919600887884,
                "left": 1.3103102150069639,
                "top": 14.226185748172005
            },
            "points": [
                {
                    "x": 1.3103102150069639,
                    "y": 14.226185748172005
                },
                {
                    "x": 130.2195062238858,
                    "y": 14.226185748172005
                },
                {
                    "x": 130.2195062238858,
                    "y": 212.64402256702647
                },
                {
                    "x": 1.3103102150069639,
                    "y": 212.64402256702647
                }
            ]
        }
    ],
    "version": "2.1.0"
}