{
    "asset": {
        "format": "JPG",
        "id": "d0142c1d808f9842ab1e4672caf9ce85",
        "name": "1X1A0053.JPG",
        "path": "file:D:/MLDrones/matlab/yoloSimulinkDataWTFinal/swindturbinesSameSizes/1X1A0053.JPG",
        "size": {
            "width": 224,
            "height": 224
        },
        "state": 2,
        "type": 1
    },
    "regions": [
        {
            "id": "mExzmOGiw",
            "type": "RECTANGLE",
            "tags": [
                "WindTurbine"
            ],
            "boundingBox": {
                "height": 162.35320619885968,
                "width": 152.49470371256965,
                "left": 0.31197771587743733,
                "top": 0.24958312478238162
            },
            "points": [
                {
                    "x": 0.31197771587743733,
                    "y": 0.24958312478238162
                },
                {
                    "x": 152.8066814284471,
                    "y": 0.24958312478238162
                },
                {
                    "x": 152.8066814284471,
                    "y": 162.60278932364207
                },
                {
                    "x": 0.31197771587743733,
                    "y": 162.60278932364207
                }
            ]
        }
    ],
    "version": "2.1.0"
}