{
    "asset": {
        "format": "JPG",
        "id": "d040381cc743421d0ff6d35fc31e74e6",
        "name": "1X1A0317.JPG",
        "path": "file:D:/MLDrones/matlab/yoloSimulinkDataWTFinal/swindturbinesSameSizes/1X1A0317.JPG",
        "size": {
            "width": 224,
            "height": 224
        },
        "state": 2,
        "type": 1
    },
    "regions": [
        {
            "id": "L87DSTPBg",
            "type": "RECTANGLE",
            "tags": [
                "WindTurbine"
            ],
            "boundingBox": {
                "height": 37.43732590529248,
                "width": 28.389972144846798,
                "left": 90.47353760445682,
                "top": 157.8607242339833
            },
            "points": [
                {
                    "x": 90.47353760445682,
                    "y": 157.8607242339833
                },
                {
                    "x": 118.8635097493036,
                    "y": 157.8607242339833
                },
                {
                    "x": 118.8635097493036,
                    "y": 195.29805013927577
                },
                {
                    "x": 90.47353760445682,
                    "y": 195.29805013927577
                }
            ]
        }
    ],
    "version": "2.1.0"
}