{
    "asset": {
        "format": "JPG",
        "id": "d04f5b10336d0361af3e2343c38af451",
        "name": "1X1A9956.JPG",
        "path": "file:D:/MLDrones/matlab/yoloSimulinkDataWTFinal/swindturbinesSameSizes/1X1A9956.JPG",
        "size": {
            "width": 224,
            "height": 224
        },
        "state": 2,
        "type": 1
    },
    "regions": [
        {
            "id": "8xvKI0kru",
            "type": "RECTANGLE",
            "tags": [
                "WindTurbine"
            ],
            "boundingBox": {
                "height": 106.0724233983287,
                "width": 97.5866447597493,
                "left": 61.0852329604805,
                "top": 61.52200937935237
            },
            "points": [
                {
                    "x": 61.0852329604805,
                    "y": 61.52200937935237
                },
                {
                    "x": 158.67187772022982,
                    "y": 61.52200937935237
                },
                {
                    "x": 158.67187772022982,
                    "y": 167.59443277768105
                },
                {
                    "x": 61.0852329604805,
                    "y": 167.59443277768105
                }
            ]
        }
    ],
    "version": "2.1.0"
}