{
    "asset": {
        "format": "JPG",
        "id": "d0f50e287572e4b138835e46be13d9bc",
        "name": "1X1A9866.JPG",
        "path": "file:D:/MLDrones/matlab/yoloSimulinkDataWTFinal/swindturbinesSameSizes/1X1A9866.JPG",
        "size": {
            "width": 224,
            "height": 224
        },
        "state": 2,
        "type": 1
    },
    "regions": [
        {
            "id": "6wu2G11d3",
            "type": "RECTANGLE",
            "tags": [
                "WindTurbine"
            ],
            "boundingBox": {
                "height": 155.3649025069638,
                "width": 157.3615484636142,
                "left": 21.276884031162954,
                "top": 39.309192200557106
            },
            "points": [
                {
                    "x": 21.276884031162954,
                    "y": 39.309192200557106
                },
                {
                    "x": 178.63843249477716,
                    "y": 39.309192200557106
                },
                {
                    "x": 178.63843249477716,
                    "y": 194.6740947075209
                },
                {
                    "x": 21.276884031162954,
                    "y": 194.6740947075209
                }
            ]
        }
    ],
    "version": "2.1.0"
}