{
    "asset": {
        "format": "JPG",
        "id": "d0feff624c492d8b5c7bfaddf984a12d",
        "name": "1X1A9904.JPG",
        "path": "file:D:/MLDrones/matlab/yoloSimulinkDataWTFinal/swindturbinesSameSizes/1X1A9904.JPG",
        "size": {
            "width": 224,
            "height": 224
        },
        "state": 2,
        "type": 1
    },
    "regions": [
        {
            "id": "TJ0iY4-bG",
            "type": "RECTANGLE",
            "tags": [
                "WindTurbine"
            ],
            "boundingBox": {
                "height": 87.47855914867688,
                "width": 56.90474299268802,
                "left": 94.15487084348887,
                "top": 96.0891364902507
            },
            "points": [
                {
                    "x": 94.15487084348887,
                    "y": 96.0891364902507
                },
                {
                    "x": 151.05961383617688,
                    "y": 96.0891364902507
                },
                {
                    "x": 151.05961383617688,
                    "y": 183.56769563892757
                },
                {
                    "x": 94.15487084348887,
                    "y": 183.56769563892757
                }
            ]
        }
    ],
    "version": "2.1.0"
}