{
    "asset": {
        "format": "JPG",
        "id": "d16e614122cec930e11d9848e5a7021a",
        "name": "1X1A0283.JPG",
        "path": "file:D:/MLDrones/matlab/yoloSimulinkDataWTFinal/swindturbinesSameSizes/1X1A0283.JPG",
        "size": {
            "width": 224,
            "height": 224
        },
        "state": 2,
        "type": 1
    },
    "regions": [
        {
            "id": "wxU2R744U",
            "type": "RECTANGLE",
            "tags": [
                "WindTurbine"
            ],
            "boundingBox": {
                "height": 80.17827298050142,
                "width": 54.90807799442897,
                "left": 75.49860724233983,
                "top": 76.1225626740947
            },
            "points": [
                {
                    "x": 75.49860724233983,
                    "y": 76.1225626740947
                },
                {
                    "x": 130.4066852367688,
                    "y": 76.1225626740947
                },
                {
                    "x": 130.4066852367688,
                    "y": 156.3008356545961
                },
                {
                    "x": 75.49860724233983,
                    "y": 156.3008356545961
                }
            ]
        }
    ],
    "version": "2.1.0"
}