{
    "asset": {
        "format": "JPG",
        "id": "d288424e7e90b0047f5e4adc37040846",
        "name": "1X1A0124.JPG",
        "path": "file:D:/MLDrones/matlab/yoloSimulinkDataWTFinal/swindturbinesSameSizes/1X1A0124.JPG",
        "size": {
            "width": 224,
            "height": 224
        },
        "state": 2,
        "type": 1
    },
    "regions": [
        {
            "id": "v-QvOg9nv",
            "type": "RECTANGLE",
            "tags": [
                "WindTurbine"
            ],
            "boundingBox": {
                "height": 183.380499964637,
                "width": 138.20612813370474,
                "left": 0,
                "top": 40.61950003536299
            },
            "points": [
                {
                    "x": 0,
                    "y": 40.61950003536299
                },
                {
                    "x": 138.20612813370474,
                    "y": 40.61950003536299
                },
                {
                    "x": 138.20612813370474,
                    "y": 224
                },
                {
                    "x": 0,
                    "y": 224
                }
            ]
        }
    ],
    "version": "2.1.0"
}