{
    "asset": {
        "format": "JPG",
        "id": "d294256822bd8b9de97128bd1babafff",
        "name": "1X1A9921.JPG",
        "path": "file:D:/MLDrones/matlab/yoloSimulinkDataWTFinal/swindturbinesSameSizes/1X1A9921.JPG",
        "size": {
            "width": 224,
            "height": 224
        },
        "state": 2,
        "type": 1
    },
    "regions": [
        {
            "id": "uBG1BVeCR",
            "type": "RECTANGLE",
            "tags": [
                "WindTurbine"
            ],
            "boundingBox": {
                "height": 115.05737780727716,
                "width": 85.85627121779248,
                "left": 73.68914029857243,
                "top": 66.76323119777159
            },
            "points": [
                {
                    "x": 73.68914029857243,
                    "y": 66.76323119777159
                },
                {
                    "x": 159.5454115163649,
                    "y": 66.76323119777159
                },
                {
                    "x": 159.5454115163649,
                    "y": 181.82060900504874
                },
                {
                    "x": 73.68914029857243,
                    "y": 181.82060900504874
                }
            ]
        }
    ],
    "version": "2.1.0"
}