{
    "asset": {
        "format": "JPG",
        "id": "d2e4d9a168e4f86ef851b4123d4f2fb2",
        "name": "1X1A9888.JPG",
        "path": "file:D:/MLDrones/matlab/yoloSimulinkDataWTFinal/swindturbinesSameSizes/1X1A9888.JPG",
        "size": {
            "width": 224,
            "height": 224
        },
        "state": 2,
        "type": 1
    },
    "regions": [
        {
            "id": "w5d5Tebwb",
            "type": "RECTANGLE",
            "tags": [
                "WindTurbine"
            ],
            "boundingBox": {
                "height": 109.19221007790739,
                "width": 67.38718662952647,
                "left": 72.31643073206824,
                "top": 69.13426374260098
            },
            "points": [
                {
                    "x": 72.31643073206824,
                    "y": 69.13426374260098
                },
                {
                    "x": 139.70361736159472,
                    "y": 69.13426374260098
                },
                {
                    "x": 139.70361736159472,
                    "y": 178.32647382050837
                },
                {
                    "x": 72.31643073206824,
                    "y": 178.32647382050837
                }
            ]
        }
    ],
    "version": "2.1.0"
}