{
    "asset": {
        "format": "JPG",
        "id": "d3804f9f8b6e0ab97c2e7d7f2fc78e3b",
        "name": "1X1A9776.JPG",
        "path": "file:D:/MLDrones/matlab/yoloSimulinkDataWTFinal/swindturbinesSameSizes/1X1A9776.JPG",
        "size": {
            "width": 224,
            "height": 224
        },
        "state": 2,
        "type": 1
    },
    "regions": [
        {
            "id": "WwlKhGRYP",
            "type": "RECTANGLE",
            "tags": [
                "WindTurbine"
            ],
            "boundingBox": {
                "height": 180.32311977715878,
                "width": 130.71866295264624,
                "left": 54.59610027855153,
                "top": 43.67688022284123
            },
            "points": [
                {
                    "x": 54.59610027855153,
                    "y": 43.67688022284123
                },
                {
                    "x": 185.3147632311978,
                    "y": 43.67688022284123
                },
                {
                    "x": 185.3147632311978,
                    "y": 224
                },
                {
                    "x": 54.59610027855153,
                    "y": 224
                }
            ]
        }
    ],
    "version": "2.1.0"
}