{
    "asset": {
        "format": "JPG",
        "id": "d395ba05b441de330e6ba25601410943",
        "name": "1X1A9882.JPG",
        "path": "file:D:/MLDrones/matlab/yoloSimulinkDataWTFinal/swindturbinesSameSizes/1X1A9882.JPG",
        "size": {
            "width": 224,
            "height": 224
        },
        "state": 2,
        "type": 1
    },
    "regions": [
        {
            "id": "ewgP-ppSC",
            "type": "RECTANGLE",
            "tags": [
                "WindTurbine"
            ],
            "boundingBox": {
                "height": 106.38440111420613,
                "width": 67.26238792653203,
                "left": 81.8005609113858,
                "top": 117.61559888579387
            },
            "points": [
                {
                    "x": 81.8005609113858,
                    "y": 117.61559888579387
                },
                {
                    "x": 149.06294883791784,
                    "y": 117.61559888579387
                },
                {
                    "x": 149.06294883791784,
                    "y": 224
                },
                {
                    "x": 81.8005609113858,
                    "y": 224
                }
            ]
        }
    ],
    "version": "2.1.0"
}