{
    "asset": {
        "format": "JPG",
        "id": "d3cf96276c5bbe2b29378a4a791c790d",
        "name": "1X1A9767.JPG",
        "path": "file:D:/MLDrones/matlab/yoloSimulinkDataWTFinal/swindturbinesSameSizes/1X1A9767.JPG",
        "size": {
            "width": 224,
            "height": 224
        },
        "state": 2,
        "type": 1
    },
    "regions": [
        {
            "id": "TSTYEQCk1",
            "type": "RECTANGLE",
            "tags": [
                "WindTurbine"
            ],
            "boundingBox": {
                "height": 193.1142061281337,
                "width": 161.2924791086351,
                "left": 61.77158774373259,
                "top": 30.885793871866294
            },
            "points": [
                {
                    "x": 61.77158774373259,
                    "y": 30.885793871866294
                },
                {
                    "x": 223.0640668523677,
                    "y": 30.885793871866294
                },
                {
                    "x": 223.0640668523677,
                    "y": 224
                },
                {
                    "x": 61.77158774373259,
                    "y": 224
                }
            ]
        }
    ],
    "version": "2.1.0"
}