{
    "asset": {
        "format": "JPG",
        "id": "d4106c349080734fbda1b22f0e04eb87",
        "name": "1X1A0818.JPG",
        "path": "file:D:/MLDrones/matlab/yoloSimulinkDataWTFinal/swindturbinesSameSizes/1X1A0818.JPG",
        "size": {
            "width": 224,
            "height": 224
        },
        "state": 2,
        "type": 1
    },
    "regions": [
        {
            "id": "F8HWDPUos",
            "type": "RECTANGLE",
            "tags": [
                "WindTurbine"
            ],
            "boundingBox": {
                "height": 118.55153203342618,
                "width": 76.43454038997214,
                "left": 86.72980501392757,
                "top": 0
            },
            "points": [
                {
                    "x": 86.72980501392757,
                    "y": 0
                },
                {
                    "x": 163.16434540389972,
                    "y": 0
                },
                {
                    "x": 163.16434540389972,
                    "y": 118.55153203342618
                },
                {
                    "x": 86.72980501392757,
                    "y": 118.55153203342618
                }
            ]
        }
    ],
    "version": "2.1.0"
}