{
    "asset": {
        "format": "JPG",
        "id": "d4829013d5e642e9571dfa83f7890086",
        "name": "1X1A0127.JPG",
        "path": "file:D:/MLDrones/matlab/yoloSimulinkDataWTFinal/swindturbinesSameSizes/1X1A0127.JPG",
        "size": {
            "width": 224,
            "height": 224
        },
        "state": 2,
        "type": 1
    },
    "regions": [
        {
            "id": "HitsWND0c",
            "type": "RECTANGLE",
            "tags": [
                "WindTurbine"
            ],
            "boundingBox": {
                "height": 186.81225483928884,
                "width": 152.68188272545265,
                "left": 71.31811727454736,
                "top": 15.349305049290564
            },
            "points": [
                {
                    "x": 71.31811727454736,
                    "y": 15.349305049290564
                },
                {
                    "x": 224,
                    "y": 15.349305049290564
                },
                {
                    "x": 224,
                    "y": 202.1615598885794
                },
                {
                    "x": 71.31811727454736,
                    "y": 202.1615598885794
                }
            ]
        }
    ],
    "version": "2.1.0"
}