{
    "asset": {
        "format": "JPG",
        "id": "d4d38e95d907bc33978634a185708d48",
        "name": "1X1A0058.JPG",
        "path": "file:D:/MLDrones/matlab/yoloSimulinkDataWTFinal/swindturbinesSameSizes/1X1A0058.JPG",
        "size": {
            "width": 224,
            "height": 224
        },
        "state": 2,
        "type": 1
    },
    "regions": [
        {
            "id": "iaiXZUraZ",
            "type": "RECTANGLE",
            "tags": [
                "WindTurbine"
            ],
            "boundingBox": {
                "height": 182.81894150417827,
                "width": 144.6952608156337,
                "left": 79.3047391843663,
                "top": 14.974930362116993
            },
            "points": [
                {
                    "x": 79.3047391843663,
                    "y": 14.974930362116993
                },
                {
                    "x": 224,
                    "y": 14.974930362116993
                },
                {
                    "x": 224,
                    "y": 197.79387186629526
                },
                {
                    "x": 79.3047391843663,
                    "y": 197.79387186629526
                }
            ]
        }
    ],
    "version": "2.1.0"
}