{
    "asset": {
        "format": "JPG",
        "id": "d4df096a87fe26546d00a74be9fda15a",
        "name": "1X1A0131.JPG",
        "path": "file:D:/MLDrones/matlab/yoloSimulinkDataWTFinal/swindturbinesSameSizes/1X1A0131.JPG",
        "size": {
            "width": 224,
            "height": 224
        },
        "state": 2,
        "type": 1
    },
    "regions": [
        {
            "id": "BAir_dsCp",
            "type": "RECTANGLE",
            "tags": [
                "WindTurbine"
            ],
            "boundingBox": {
                "height": 158.17270194986074,
                "width": 156.92479108635098,
                "left": 11.54317548746518,
                "top": 0
            },
            "points": [
                {
                    "x": 11.54317548746518,
                    "y": 0
                },
                {
                    "x": 168.46796657381617,
                    "y": 0
                },
                {
                    "x": 168.46796657381617,
                    "y": 158.17270194986074
                },
                {
                    "x": 11.54317548746518,
                    "y": 158.17270194986074
                }
            ]
        }
    ],
    "version": "2.1.0"
}