{
    "asset": {
        "format": "JPG",
        "id": "d4f4c2fb4b92ddeb58895a69611594f4",
        "name": "1X1A9860.JPG",
        "path": "file:D:/MLDrones/matlab/yoloSimulinkDataWTFinal/swindturbinesSameSizes/1X1A9860.JPG",
        "size": {
            "width": 224,
            "height": 224
        },
        "state": 2,
        "type": 1
    },
    "regions": [
        {
            "id": "hZZG4aCl1",
            "type": "RECTANGLE",
            "tags": [
                "WindTurbine"
            ],
            "boundingBox": {
                "height": 82.48690617383357,
                "width": 83.6100278551532,
                "left": 64.20501011925488,
                "top": 75.74819512752437
            },
            "points": [
                {
                    "x": 64.20501011925488,
                    "y": 75.74819512752437
                },
                {
                    "x": 147.81503797440809,
                    "y": 75.74819512752437
                },
                {
                    "x": 147.81503797440809,
                    "y": 158.23510130135793
                },
                {
                    "x": 64.20501011925488,
                    "y": 158.23510130135793
                }
            ]
        }
    ],
    "version": "2.1.0"
}