{
    "asset": {
        "format": "JPG",
        "id": "d57475b724517e44f130f082c9561f87",
        "name": "1X1A0093.JPG",
        "path": "file:D:/MLDrones/matlab/yoloSimulinkDataWTFinal/swindturbinesSameSizes/1X1A0093.JPG",
        "size": {
            "width": 224,
            "height": 224
        },
        "state": 2,
        "type": 1
    },
    "regions": [
        {
            "id": "24_nvA7DV",
            "type": "RECTANGLE",
            "tags": [
                "WindTurbine"
            ],
            "boundingBox": {
                "height": 172.08690284155205,
                "width": 147.00388448816156,
                "left": 30.137058778725628,
                "top": 28.76434683202037
            },
            "points": [
                {
                    "x": 30.137058778725628,
                    "y": 28.76434683202037
                },
                {
                    "x": 177.14094326688718,
                    "y": 28.76434683202037
                },
                {
                    "x": 177.14094326688718,
                    "y": 200.85124967357243
                },
                {
                    "x": 30.137058778725628,
                    "y": 200.85124967357243
                }
            ]
        }
    ],
    "version": "2.1.0"
}