{
    "asset": {
        "format": "JPG",
        "id": "d698e7f6f8209c39ceab75190ff9771f",
        "name": "1X1A0056.JPG",
        "path": "file:D:/MLDrones/matlab/yoloSimulinkDataWTFinal/swindturbinesSameSizes/1X1A0056.JPG",
        "size": {
            "width": 224,
            "height": 224
        },
        "state": 2,
        "type": 1
    },
    "regions": [
        {
            "id": "cDz13VtDB",
            "type": "RECTANGLE",
            "tags": [
                "WindTurbine"
            ],
            "boundingBox": {
                "height": 197.16992357514363,
                "width": 156.61281337047353,
                "left": 62.08356545961003,
                "top": 3.2445687211655643
            },
            "points": [
                {
                    "x": 62.08356545961003,
                    "y": 3.2445687211655643
                },
                {
                    "x": 218.69637883008357,
                    "y": 3.2445687211655643
                },
                {
                    "x": 218.69637883008357,
                    "y": 200.4144922963092
                },
                {
                    "x": 62.08356545961003,
                    "y": 200.4144922963092
                }
            ]
        }
    ],
    "version": "2.1.0"
}