{
    "asset": {
        "format": "JPG",
        "id": "d6ba554aee8c0561300848cafbef4ad8",
        "name": "1X1A0242.JPG",
        "path": "file:D:/MLDrones/matlab/yoloSimulinkDataWTFinal/swindturbinesSameSizes/1X1A0242.JPG",
        "size": {
            "width": 224,
            "height": 224
        },
        "state": 2,
        "type": 1
    },
    "regions": [
        {
            "id": "ZiTmi2JI2",
            "type": "RECTANGLE",
            "tags": [
                "WindTurbine"
            ],
            "boundingBox": {
                "height": 161.85403756909383,
                "width": 137.8317510663301,
                "left": 0.6863547832520892,
                "top": 0.3743746871735724
            },
            "points": [
                {
                    "x": 0.6863547832520892,
                    "y": 0.3743746871735724
                },
                {
                    "x": 138.51810584958218,
                    "y": 0.3743746871735724
                },
                {
                    "x": 138.51810584958218,
                    "y": 162.2284122562674
                },
                {
                    "x": 0.6863547832520892,
                    "y": 162.2284122562674
                }
            ]
        }
    ],
    "version": "2.1.0"
}