{
    "asset": {
        "format": "JPG",
        "id": "d6c0d185d1b65ea568c1e5adcc2677a5",
        "name": "1X1A9873.JPG",
        "path": "file:D:/MLDrones/matlab/yoloSimulinkDataWTFinal/swindturbinesSameSizes/1X1A9873.JPG",
        "size": {
            "width": 224,
            "height": 224
        },
        "state": 2,
        "type": 1
    },
    "regions": [
        {
            "id": "mhhJtwCJX",
            "type": "RECTANGLE",
            "tags": [
                "WindTurbine"
            ],
            "boundingBox": {
                "height": 101.82952455823468,
                "width": 74.12589767583566,
                "left": 68.07354141277855,
                "top": 67.01281908295613
            },
            "points": [
                {
                    "x": 68.07354141277855,
                    "y": 67.01281908295613
                },
                {
                    "x": 142.1994390886142,
                    "y": 67.01281908295613
                },
                {
                    "x": 142.1994390886142,
                    "y": 168.8423436411908
                },
                {
                    "x": 68.07354141277855,
                    "y": 168.8423436411908
                }
            ]
        }
    ],
    "version": "2.1.0"
}