{
    "asset": {
        "format": "JPG",
        "id": "d933dbf070921290972e995e28038bdb",
        "name": "1X1A9991.JPG",
        "path": "file:D:/MLDrones/matlab/yoloSimulinkDataWTFinal/swindturbinesSameSizes/1X1A9991.JPG",
        "size": {
            "width": 224,
            "height": 224
        },
        "state": 2,
        "type": 1
    },
    "regions": [
        {
            "id": "YDBkrwNNV",
            "type": "RECTANGLE",
            "tags": [
                "WindTurbine"
            ],
            "boundingBox": {
                "height": 67.88634335828691,
                "width": 77.24569387621867,
                "left": 116.74206508965878,
                "top": 154.86574577820338
            },
            "points": [
                {
                    "x": 116.74206508965878,
                    "y": 154.86574577820338
                },
                {
                    "x": 193.98775896587745,
                    "y": 154.86574577820338
                },
                {
                    "x": 193.98775896587745,
                    "y": 222.75208913649027
                },
                {
                    "x": 116.74206508965878,
                    "y": 222.75208913649027
                }
            ]
        }
    ],
    "version": "2.1.0"
}